Date,Brent_Close,WTI_Close,USA_Sentiment,Saudi Arabia_Sentiment,Russia_Sentiment,Canada_Sentiment,Iraq_Sentiment,China_Sentiment,UAE_Sentiment,Brent_Pct_Change,WTI_Pct_Change
2020-01-03,68.5999984741211,63.04999923706055,9.014286128198322,-7.917807012316674,0.7110762975934506,-3.843616999477617,6.60405768691524,-3.7013354508213503,2.749976058683263,0.03547167508107307,0.030565526684486866
2020-01-06,68.91000366210938,63.27000045776367,4.639878836228101,4.486776342574823,-2.862280496577796,-5.176695713844762,3.2802445613520455,-7.420421841456695,2.905555106471258,0.004519026164486517,0.00348931361404059
2020-01-07,68.2699966430664,62.70000076293945,1.973169683940732,1.567738340128182,-2.92421682527128,-5.328652778627781,-3.2326426814956832,-0.6307752582582697,6.5345529679256416,-0.00928757778306255,-0.009009004120439812
2020-01-08,65.44000244140625,59.61000061035156,-6.87962719115127,-4.516786668803883,6.571111958121627,-8.636267604690746,8.710460455177145,1.9661215139203758,-7.861602712403572,-0.04145297115592539,-0.04928229848466481
2020-01-09,65.37000274658203,59.560001373291016,-6.880109593275947,-8.411612620220268,5.7858569663937125,-6.257514591789965,8.244151424983642,-9.380587931549798,0.09508647131083414,-0.0010696774482380489,-0.0008387726312464316
2020-01-10,64.9800033569336,59.040000915527344,-8.83832775663601,-8.286835008071389,-3.844083366385087,1.1109913977123966,-5.813032012318025,-4.502086834858245,3.9418227652151714,-0.005966029880101642,-0.00873069922387304
2020-01-13,64.19999694824219,58.08000183105469,7.323522915498703,7.883817493282365,8.275768877465186,-4.17277854324511,-9.21164829759274,-9.34400251446208,1.7364089014712736,-0.01200379144960717,-0.016260146842582146
2020-01-14,64.48999786376953,58.22999954223633,2.0223002348641756,-6.162653505625142,9.056300340050122,-1.652104353417041,4.826174167015244,-1.5932922160900205,6.655581420465893,0.004517148431660178,0.0025826051386492743
2020-01-15,64.0,57.810001373291016,4.161451555920909,-3.5325687576895852,-3.465149159399184,-2.4626623930562292,6.552205226983066,7.902000581324884,-8.55456581977297,-0.007598044347971844,-0.0072127455306035815
2020-01-16,64.62000274658203,58.52000045776367,-9.588310114083951,-5.46687195546024,-2.9115010241389028,7.51809849999789,9.357291319027105,9.653048229871384,3.814020789983319,0.009687542915344238,0.012281596049237953
2020-01-17,64.8499984741211,58.540000915527344,9.398197043239886,-2.9000738833612534,0.11268306843917664,8.10597998021031,7.796727881766216,2.7409510700725512,0.6805546076943543,0.003559203308007186,0.0003417713193305527
2020-01-21,64.58999633789062,58.34000015258789,6.648852816008436,-8.611523145078133,8.82241625067347,-0.14086056688279847,2.0106953641282956,-6.767246124308164,-2.416782720401132,-0.004009285155715525,-0.0034164803520938536
2020-01-22,63.209999084472656,56.7400016784668,-5.753217786434477,0.3811958181654074,7.52638866284623,-3.396880993687912,0.6010467842476164,8.116987799986116,-3.1945003553193825,-0.021365495148796265,-0.02742541086623773
2020-01-23,62.040000915527344,55.59000015258789,-6.363500655857988,-8.647748728155701,-7.948640748328204,-7.863985919952727,-9.443178974748275,0.32495646400120926,2.4166526554838583,-0.018509700773476467,-0.0202679149076469
2020-01-24,60.689998626708984,54.189998626708984,-6.331909802931324,6.007130156447232,-2.1453851345716757,9.0680575876419,-5.066871063104443,-6.925013757941638,7.819907492885296,-0.021760191310385424,-0.025184413060551747
2020-01-27,59.31999969482422,53.13999938964844,-3.9151551408092455,-5.3257583617913395,1.0674237949954364,-8.79546110199405,-0.8077049653414718,8.434533389033227,-0.07648147797769411,-0.02257371828777477,-0.01937625509632379
2020-01-28,59.5099983215332,53.47999954223633,0.49512863264475726,0.8002382920902118,0.06264945103080066,-4.046994448634392,2.570078001671357,5.14938101446206,6.494463281538401,0.0032029438247882513,0.0063981963961805555
2020-01-29,59.810001373291016,53.33000183105469,-1.3610996271576852,7.6015817512291655,-6.1227386412621465,-4.038675976599917,1.1450366663682132,4.634105454463031,-1.9568723631206488,0.005041220974951077,-0.002804744062557041
2020-01-30,58.290000915527344,52.13999938964844,-4.175417196039161,3.017547380943883,7.176335423363092,-3.5919742771957015,4.85271979363381,4.183614075888094,-7.952110744136469,-0.025413817469705835,-0.022313939631505852
2020-01-31,58.15999984741211,51.560001373291016,2.23705789444759,0.659155731026706,3.5388156599367466,-6.714263134551814,-4.404661382259183,-5.993203578071153,-8.76988527082723,-0.0022302464586272386,-0.011123859285517623
2020-02-03,54.45000076293945,50.11000061035156,-7.210122786959163,-3.513324937692488,6.758167497036073,5.663228618473944,1.2990521530494643,-5.779866165849478,-8.97331257352645,-0.0637895305056081,-0.02812258968810999
2020-02-04,53.959999084472656,49.61000061035156,-4.157107029295637,-3.339961738836042,7.1752855869894425,-7.550042760680215,-8.237155132184157,3.765859968545101,-2.3969971608466007,-0.008999112426097633,-0.009978048172218812
2020-02-05,55.279998779296875,50.75,-2.672763134126166,3.3897391039638016,4.967117073314796,2.6981331830632556,-1.7266895283358608,-5.605544997792062,-3.255244983283159,0.02446255962231958,0.0229792254711354
2020-02-06,54.93000030517578,50.95000076293945,-0.8786003156592805,9.88278722442335,-1.2157879750056537,-7.523079465883651,5.00321665909202,-1.226566063939023,4.358740472451391,-0.006331376299743563,0.003940901732797153
2020-02-07,54.470001220703125,50.31999969482422,5.703519227860273,3.236783796987572,2.2109351003084914,-8.589287248140868,3.8680170685808797,5.640036511878828,4.856430031697316,-0.008374277843018918,-0.012365084566858142
2020-02-10,53.27000045776367,49.56999969482422,-6.006524356832806,1.155668347400498,-6.792691877605137,8.188590073717531,9.81285474344358,5.6790503619568184,-8.982920623325203,-0.022030489003979525,-0.014904610583237776
2020-02-11,54.0099983215332,49.939998626708984,0.28468876827223255,4.613010204784922,3.4729083494981534,-6.1974246736258864,-4.4421774802448795,-0.9347645494828072,-5.577534742219701,0.013891455930364671,0.00746417054998294
2020-02-12,55.790000915527344,51.16999816894531,1.8482913772408498,-0.6958877543256374,-6.414934885214385,6.425003091194085,-0.03621401652041811,5.843798765504902,-4.5147629968220055,0.03295690889300529,0.02462954697757036
2020-02-13,56.34000015258789,51.41999816894531,-9.070991745600045,-8.797153147984297,3.8789918102031358,0.8926174221427168,-3.4093917245200656,6.772435923961137,0.9522396828561881,0.009858383725307895,0.004885675375140508
2020-02-14,57.31999969482422,52.04999923706055,2.1508970380287664,1.245936317558197,-5.408036784920627,-8.442869607824608,-1.1879377188165048,3.0955150256852058,-7.109695521860995,0.017394383024177396,0.012252063215663744
2020-02-18,57.75,52.04999923706055,-6.58951752625417,9.152505690107603,-7.6489739969956005,9.10896382876135,7.139002597387762,-5.431482953831597,-7.321175611999992,0.007501749955777015,0.0
2020-02-19,59.119998931884766,53.290000915527344,-8.69896814029441,-6.493941152846807,-6.694310197140851,-5.0607766601621496,3.6841815037697323,-4.51976439228905,8.875777784159162,0.023722925227441793,0.023823279474399994
2020-02-20,59.310001373291016,53.779998779296875,8.977710745066666,3.800097816413315,-9.960157295618595,7.19290690705213,7.648823826951634,-3.7031768918252927,6.08405814595562,0.003213843789563686,0.009194930669005785
2020-02-21,58.5,53.380001068115234,9.312640661491187,-5.9813262268188705,4.374792357070605,-6.623799884308717,-5.929777833362271,-7.6639178453209595,-6.386901958176594,-0.013657078983912885,-0.007437666795478304
2020-02-24,56.29999923706055,51.43000030517578,6.167946962329221,0.7165536894616249,4.648020981167582,7.0788576428370575,7.46722235682876,-4.536807592601098,-1.8686438418901812,-0.03760685064853764,-0.036530549342836616
2020-02-25,54.95000076293945,49.900001525878906,-3.9077246165325867,-8.066471007065608,0.2986669982651886,-9.73542374189412,-8.804754516432311,-5.809615513749358,-2.887560014848689,-0.02397865883508632,-0.029749149722305135
2020-02-26,53.43000030517578,48.72999954223633,-8.046557719872322,-0.9925812748362972,-6.772743978892326,0.23560913138961403,7.771985608743048,-0.8934250038279572,5.820081481308145,-0.02766151841054787,-0.023446932822953848
2020-02-27,52.18000030517578,47.09000015258789,3.6846605302431374,5.123266577904921,-8.328913249786204,5.388851588431136,-3.418524410785442,8.168750957445297,0.20425832956244072,-0.023395096254171466,-0.03365482054287694
2020-02-28,50.52000045776367,44.7599983215332,-1.196950125207973,-3.0485695152203585,-9.61742067125426,8.695910349855666,-3.7082473317186704,-7.910393664920838,-7.4430052601306596,-0.03181295204491308,-0.04947975840952801
2020-03-02,51.900001525878906,46.75,-7.5592353031044235,3.2982344897443596,-6.685036460695586,8.184042724129739,0.241771533973278,4.405358478947912,4.779841263124878,0.027315935384223833,0.0444593778617155
2020-03-03,51.86000061035156,47.18000030517578,-0.09646179777459629,5.908999215794584,7.817110699662933,6.392497390952897,8.813803754464637,3.7456600882625537,-2.0622404355016215,-0.000770730527000052,0.009197867490390976
2020-03-04,51.130001068115234,46.779998779296875,-9.312229577695632,8.543556389589053,-5.169263165966365,7.763826993226083,-9.044372706371892,-8.084916026732847,-4.741515047357058,-0.014076350436652674,-0.008478201002364627
2020-03-05,49.9900016784668,45.900001525878906,8.186408041575643,-5.307158362890929,-2.9145734556556864,-6.01560628325847,-2.955380498585094,8.451448098116,-2.490027559585597,-0.022296095557082674,-0.01881139966612022
2020-03-06,45.27000045776367,41.279998779296875,-4.824400367999662,-2.0136816838138376,-7.893090310373337,-4.316314085765425,7.131439773666713,1.369444043136392,-0.044868727862073854,-0.09441890502548766,-0.10065365126354575
2020-03-09,34.36000061035156,31.1299991607666,3.2504456870796403,-6.951679733391652,-5.552773905036594,-4.22062950157883,-2.0789104512906658,-2.7254895772863152,-3.1376896716598113,-0.24099844791455216,-0.2458817809757493
2020-03-10,37.220001220703125,34.36000061035156,-3.7657784782117805,9.849670043167503,0.3844914156041028,-2.4589213799660232,-6.01686204805866,5.130771669906133,-5.161884548164844,0.08323633758871174,0.10375848174309499
2020-03-11,35.790000915527344,32.97999954223633,0.40136042355621626,8.540019358485907,2.155053661913051,-2.1335865922962256,-1.5041163733717653,-4.852690831967319,-2.0299594239203937,-0.03842021113047045,-0.04016301058212102
2020-03-12,33.220001220703125,31.5,0.934205586865593,0.7991426056111912,-5.092953716675779,0.8911064930935098,-2.2889499701666143,3.870196740926408,-9.616541785002035,-0.07180775716910459,-0.04487566897449302
2020-03-13,33.849998474121094,31.729999542236328,-6.302910889489459,6.840665887528424,-8.845356815497656,-6.802404732671173,8.30832402933407,-9.205775848555056,5.449956921926278,0.018964395853945604,0.0073015727694072385
2020-03-16,30.049999237060547,28.700000762939453,9.391692555291172,0.4191595454408432,-2.1793426174520274,3.8249332757197863,5.238687514861942,6.788160752185441,-6.5811021286482845,-0.11225995297948721,-0.09549318698424791
2020-03-17,28.729999542236328,26.950000762939453,5.502656467222291,2.471713760055195,-5.315932581473318,-6.64866921390987,0.10231111488012701,-1.0365830595736298,-9.121907727387255,-0.0439267796451811,-0.060975608135167336
2020-03-18,24.8799991607666,20.3700008392334,8.789978831283783,-8.217511357679667,-5.608921535403962,-3.7938303579090498,9.767411334431422,2.733858287158835,3.073973858101585,-0.1340062806408957,-0.2441558344129846
2020-03-19,28.469999313354492,25.219999313354492,7.896547008552975,5.1054084099361585,9.197256054269104,0.06690261212308002,-0.6944493744815343,-5.575243603866326,5.478722576473444,0.14429261550173123,0.23809515337769716
2020-03-20,26.979999542236328,22.43000030517578,1.9579995762217024,-7.445730327295303,2.326009718514481,5.928811230469545,-8.835243383594495,3.5414742531689587,6.276582631856865,-0.052335785284660874,-0.11062645060031195
2020-03-23,27.030000686645508,23.360000610351562,8.437484700462335,6.521352605050566,1.137568863441917,4.789384664774545,-4.754513563700302,5.444805517865532,-0.1298163467880009,0.0018532670592119604,0.04146234028187612
2020-03-24,27.149999618530273,24.010000228881836,-8.23014995896161,5.640561753407718,-1.6844979295335616,2.9106871282104443,-1.2785903956137474,-0.5357362623120245,-5.892636306200294,0.0044394720250249264,0.02782532540869198
2020-03-25,27.389999389648438,24.489999771118164,-6.080342751617096,4.174893954859529,-1.4211133313971143,-6.884534788396596,-6.861947517077597,2.3545384812358865,4.744553544996535,0.008839770699457405,0.019991650881324485
2020-03-26,26.34000015258789,22.600000381469727,-9.09545422178924,-9.276792389504758,0.8181000767616169,0.9409069123115543,8.951302526480859,-0.8734815235520283,3.9942615430867434,-0.038335131816665036,-0.0771743326791442
2020-03-27,24.93000030517578,21.510000228881836,-3.4933933847347127,-3.937432881093428,3.9285961407221457,-8.25106996400229,5.336977956355462,7.88182738515691,-5.074585317936535,-0.05353074560531379,-0.04823009443316684
2020-03-30,22.760000228881836,20.09000015258789,-2.2264542062103594,-4.737748601783142,4.042921923636589,-2.4527364640669846,-4.634255991444547,-0.0426163897136167,8.06815511725586,-0.08704372441758157,-0.06601580944603092
2020-03-31,22.739999771118164,20.479999542236328,-4.573019364522082,-2.7972718505696186,-6.566121845891009,-1.7296693942008172,1.8160906703583173,6.8361741805763785,-7.91257083834342,-0.0008787547259464512,0.01941261257771565
2020-04-01,24.739999771118164,20.309999465942383,6.574750183038589,-8.24714506472323,0.0022550415325390816,-9.203771211084923,4.428983142191441,6.02704116540497,9.653764791826514,0.08795074846659312,-0.008300785160827329
2020-04-02,29.940000534057617,25.31999969482422,-2.864933466128214,8.739156460621256,-1.7608380993179615,-4.520238010600563,8.82557857813596,-1.7899035730328698,7.204956219549292,0.21018596649341958,0.24667653178834636
2020-04-03,34.11000061035156,28.34000015258789,-4.381309806252385,1.0760448142475258,7.410539325387685,9.112989345329787,7.632706983508214,-5.3983101628505,3.757972909581504,0.13927855717806192,0.119273321254463
2020-04-06,33.04999923706055,26.079999923706055,0.8539216631649698,-3.8895137868395295,2.6283784243675274,9.07265215659379,0.3038445227642743,-1.878357348804581,8.774997765596659,-0.03107597051667399,-0.07974594977817817
2020-04-07,31.8700008392334,23.6299991607666,-7.181515500504747,-2.0603696585143316,0.6500813283196365,-2.9534589149492145,5.493052395860351,6.524347515504402,4.446223366474156,-0.03570343192334968,-0.0939417473200399
2020-04-08,32.84000015258789,25.09000015258789,6.043939615080795,-1.0559491899032878,-7.6921071564216525,-9.137997821033519,1.2428950765517008,-5.447349283612153,-6.190860059399082,0.03043612449988964,0.0617859095926403
2020-04-09,31.479999542236328,22.760000228881836,-8.508987126404584,2.0118866672123463,2.1127577864682294,-6.418101213436369,1.054077800910802,0.4887269171549864,-1.1568772377437657,-0.041412929477236626,-0.09286567993367378
2020-04-13,31.739999771118164,22.40999984741211,9.737738732010346,0.31358855392995544,-7.6559218863953316,-2.155644131329197,-7.705160833236162,6.121934959214951,-8.569939513367293,0.008259219589028088,-0.015377872493409939
2020-04-14,29.600000381469727,20.110000610351562,5.4448953859331475,8.387839464288348,-3.2558684886849587,8.955593959384597,-7.477246839676958,-2.9304504974324246,-2.2068515542376925,-0.0674227915904313,-0.10263271988938227
2020-04-15,27.690000534057617,19.8700008392334,-6.025686369316552,-0.060730341883395766,-7.143160703713363,-7.176018729256302,0.5906723004491496,2.8441927400539484,4.832060394744174,-0.06452702104043928,-0.011934349270711797
2020-04-16,27.81999969482422,19.8700008392334,-9.889557657527952,9.843160296466252,3.841472940487378,5.270316873364244,-4.622769100419868,-5.087368519023709,-2.2711329813836523,0.004694805282026149,0.0
2020-04-17,28.079999923706055,18.270000457763672,6.309228569096682,7.028499154901915,-5.874957723276948,-7.826349212506159,-9.579261950790627,-7.814411092636801,-3.394116490637318,0.009345802722284358,-0.08052341791101081
2020-04-20,25.56999969482422,-37.630001068115234,4.137146876952343,-5.829789712853284,-2.16281253623948,9.625151547825539,4.456784078004246,5.887684501857127,1.9071144502062367,-0.08938747278139458,-3.059660652724544
2020-04-21,19.329999923706055,10.010000228881836,4.580143360819747,8.611904292878325,7.913495552375572,-2.3676700178173,-9.350268066196701,-8.020627531825863,7.4440905799779,-0.2440359736250306,-1.2660111598392576
2020-04-22,20.3700008392334,13.779999732971191,5.425406933718914,-7.672672042290478,-5.913672332020594,5.504690777981121,1.9055368220810909,-4.572372098408309,-9.048336149077752,0.053802427296024025,0.37662331847024166
2020-04-23,21.329999923706055,16.5,-8.519106965318192,6.348994169823833,0.1561012791755818,-3.1481783437773636,0.7838758825462868,7.102188439948801,-2.2905913060052914,0.04712808271581714,0.1973875413452082
2020-04-24,21.440000534057617,16.940000534057617,-2.8306854291145473,-2.3875341304683984,-1.6145667766795597,2.5533775431761736,9.376293811556089,-3.070614258426656,-6.835185163694746,0.005157084423113689,0.026666699033794927
2020-04-27,19.989999771118164,12.779999732971191,-7.682618809497406,7.559486408901389,-9.637519179085405,-6.159678305199265,-0.31573721304716784,9.46090699028322,3.907085014637392,-0.0676306309151492,-0.24557264875658102
2020-04-28,20.459999084472656,12.34000015258789,7.262068517511871,7.361133802149006,5.855162271456255,-7.07957961406075,-8.727971272444053,9.594686695477193,-7.885508791377303,0.023511721797693674,-0.03442876287768171
2020-04-29,22.540000915527344,15.0600004196167,2.4659625365511584,6.118508002352424,-8.619081873708005,8.761282791362625,1.0337593561292344,-4.634479590928866,3.296155171604891,0.1016618731245802,0.22042141275487603
2020-04-30,25.270000457763672,18.84000015258789,-3.3820395029470163,5.800608726141228,-0.5148995804609271,8.35294555808867,6.821923412322029,-9.180435555002191,-4.276382584041853,0.12111798719385525,0.25099599121175853
2020-05-01,26.440000534057617,19.780000686645508,-8.728832994279527,-3.9064172180391843,1.2135658987789988,7.7493788042576455,9.936985685628798,4.101265684107583,-6.021663725255506,0.04629996260781577,0.0498938708303831
2020-05-04,27.200000762939453,20.389999389648438,-3.780353565686756,-8.381614338974956,2.568529132291742,2.5086690033318693,-1.3931365262185498,-0.9802699470331255,8.727051156499709,0.02874433485365757,0.030839164905326344
2020-05-05,30.969999313354492,24.559999465942383,-3.496333559465059,-1.9403964246967718,3.7726325861575116,6.165364224325565,-3.59402515006515,-7.984943120808474,-9.629508465080882,0.1386028839951996,0.204512025557537
2020-05-06,29.719999313354492,23.989999771118164,4.5921235667612805,-6.529509700269827,-4.934552329545698,-8.619261261772502,8.13306593903998,4.150456379560856,-1.2444545622086203,-0.040361641191932196,-0.02320845713431885
2020-05-07,29.459999084472656,23.549999237060547,2.751149427104263,3.899021778049235,-9.800424466831013,-3.304219162186417,-6.175157418477573,-9.376501817761575,-9.567460150764123,-0.008748325534617574,-0.018340997843082074
2020-05-08,30.969999313354492,24.739999771118164,7.744254851526531,-3.078005469244289,4.468873247098239,-3.7259375048568755,2.3085783006585316,7.403933809844844,-0.32813903791342014,0.05125594962009705,0.05053080987726388
2020-05-11,29.6299991607666,24.139999389648438,-0.5557014967610137,9.512204017198297,0.7131319869515718,2.712906439052265,-1.8857115163810452,-7.226949417733925,0.020947555888364278,-0.043267684284709396,-0.024252238763970202
2020-05-12,29.979999542236328,25.780000686645508,-7.608115081233966,2.8194415469066403,6.722354064144977,-2.88084453058719,-9.178352700888894,-7.4537624250655,-3.566750572105059,0.01181236555460874,0.06793708941435694
2020-05-13,29.190000534057617,25.290000915527344,4.264895744459899,6.449611272687218,6.427767258013887,-7.029864367126384,-3.0542305138860453,-6.4865540406283095,-7.356764449499527,-0.026350867919985976,-0.0190069727721921
2020-05-14,31.1299991607666,27.559999465942383,5.215700972337949,-7.349506545163031,6.866523355757664,1.9293415082708734,-4.695429549946509,9.205327169841333,-2.4722492453104934,0.06646106855823719,0.08975873737597717
2020-05-15,32.5,29.43000030517578,1.2255439513899251,7.2402896454524495,-0.29810680040919735,6.287678413381631,3.721823078869736,3.8633872050769202,3.44525879865132,0.04400902268446005,0.06785199112736828
2020-05-18,34.810001373291016,31.81999969482422,5.419343599091221,8.455143810267888,-3.3274320832626874,-2.3575301108005364,8.975809953838365,6.0274307092727355,5.6479161728891825,0.07107696533203134,0.0812096284357875
2020-05-19,34.650001525878906,32.5,-0.12408807271218514,-0.2587616236212824,5.8311640518274,-7.354625698030366,-4.639056252427245,-2.0473002853449396,0.6150120477628462,-0.004596375785692275,0.021370217212365095
2020-05-20,35.75,33.4900016784668,0.4546565876398816,2.1250587550195483,-0.9741177394149005,-6.066236053743539,6.229318783033634,-3.273745449900889,1.7966878887951125,0.03174598631112735,0.03046159010667071
2020-05-21,36.060001373291016,33.91999816894531,-1.4491796328290079,5.296196018059909,-6.33115607193131,-5.25033389661232,-8.89280366123181,-5.310319864336601,-5.987672577506946,0.00867136708506333,0.012839548191333483
2020-05-22,35.130001068115234,33.25,-9.491617465118097,-6.503227454791749,7.099480391229488,-4.002048140109276,0.7624202007962637,-0.3870394337518217,-4.2533933354470115,-0.025790356898450217,-0.01975230557526131
2020-05-26,36.16999816894531,34.349998474121094,-7.842171460133911,0.05132152926884892,7.651197535446947,2.855901410126183,-8.588998725802108,1.03657467068337,-6.762087798952832,0.029604243359218074,0.033082660875822345
2020-05-27,34.7400016784668,32.810001373291016,-9.371416286265315,-2.026739444553738,-0.6738048771965985,2.0189096907543806,8.680659822612785,2.635496873055107,-5.014092999907773,-0.03953543165247586,-0.04483252312195285
2020-05-28,35.290000915527344,33.709999084472656,2.7282082252756084,-7.072520156755018,-8.48600545380425,3.921597231340783,5.327025611147803,-4.85762992002611,-5.502264395489364,0.0158318713439054,0.027430590475814087
2020-05-29,35.33000183105469,35.4900016784668,-3.712880378473466,-2.649311554169371,-2.2434782016613752,-2.7499603093697367,3.158998224091846,8.973081618059812,0.38897572782475187,0.0011334914845453348,0.05280340084061397
2020-06-01,38.31999969482422,35.439998626708984,0.1714138232940563,-8.636553812290128,6.070753189252066,6.479953037599564,6.477927632493284,-6.604830035857283,1.2537751158145873,0.08463056067948904,-0.0014089334852905866
2020-06-02,39.56999969482422,36.810001373291016,8.151329478521859,-9.48376186101026,8.035480570924573,-5.918246776884795,2.9503959114032625,9.313063495328247,8.898948416430091,0.03262004201343549,0.03865696387328699
2020-06-03,39.790000915527344,37.290000915527344,-5.014155417022501,-7.296674216903545,-5.930545150048083,-0.619185049636922,9.378887943485822,-9.702877549849925,-6.088587057969539,0.005559798392717807,0.013039921877987526
2020-06-04,39.9900016784668,37.40999984741211,-1.7923415392874062,9.262302231783476,-8.66052775949457,6.018774430828607,4.279158957295429,-0.37748616366308774,2.833514203229919,0.005026407598332172,0.0032179921946529078
2020-06-05,42.29999923706055,39.54999923706055,5.1110227708609735,0.9905907179003393,7.547009062656773,-6.3968270453476155,8.493172191644934,-3.3326432376687443,6.345185379750458,0.05776437763536291,0.05720394007957941
2020-06-08,40.79999923706055,38.189998626708984,-5.424036690167551,9.3164432230644,-2.2119012204224937,-7.8027377251843415,0.34263784021275967,-1.0175317213949846,1.2048292756610497,-0.03546099354738985,-0.03438686818171077
2020-06-09,41.18000030517578,38.939998626708984,-8.46040180342414,-1.3500424333973609,0.8352192853512648,7.673679353759795,-7.658711740362747,1.4132915796157803,-4.899926949978486,0.009313751843653462,0.01963864956715322
2020-06-10,41.72999954223633,39.599998474121094,-4.204970941724639,-3.7636773382948085,9.361316241015178,-3.1414067448160825,0.5635544284603426,-1.2882168397458198,-4.748995399599996,0.013355979431389553,0.01694914922157742
2020-06-11,38.54999923706055,36.34000015258789,-6.775574254919912,0.12283725680488189,-8.668705441715543,3.6774024981806406,-7.462543438738134,-1.7030629939681,-9.214938938580001,-0.07620417781114985,-0.08232319310980873
2020-06-12,38.72999954223633,36.2599983215332,8.59395304685146,-1.209766227341797,2.966360149041911,-9.49302791472123,1.8498695835281005,4.6544683082661304,-3.8911154690303658,0.004669268709160734,-0.0022014813076161044
2020-06-15,39.720001220703125,37.119998931884766,6.162407591288339,-7.886706314765122,-8.517891548502659,3.8009377681889926,-0.35013878944674204,3.717525501729293,4.892073580067603,0.025561623810172573,0.02371761307669029
2020-06-16,40.959999084472656,38.380001068115234,2.6680751302084698,2.816526293804124,-2.490621430669993,-3.677973769060589,2.451507956655634,6.665425640716958,-9.049644855857792,0.031218474966290044,0.03394402404328112
2020-06-17,40.709999084472656,37.959999084472656,7.429211803754356,-5.679236349808008,6.076290903868934,-8.885182928251165,-9.799060378903368,-5.000820375210089,-5.614094349903387,-0.006103515761424205,-0.01094325096284332
2020-06-18,41.5099983215332,38.84000015258789,6.073441537982291,2.391759097956591,-1.330555344887312,2.1962552309623398,-6.103190166892718,2.1905701950812713,4.124649970635639,0.019651173054574533,0.023182325851930585
2020-06-19,42.189998626708984,39.75,-6.268598822279284,3.0040218479630667,9.943647078059008,-5.1839236785365355,-0.1733913617573819,1.7038957078570771,5.653031256457533,0.016381602810690454,0.023429450150284747
2020-06-22,43.08000183105469,40.459999084472656,7.851179969799556,-6.959502937427038,1.181185698932044,-2.2638551589624,9.010071231782696,-2.605243782546225,-0.8936317987614313,0.021095122856493065,0.017861612187991316
2020-06-23,42.630001068115234,40.369998931884766,0.786844838313014,-8.773007457786637,-3.5767569472809306,-8.388383754269729,-2.3278191928968317,-0.27884916194638265,3.9614867695729767,-0.010445699717103185,-0.0022244230010975974
2020-06-24,40.310001373291016,38.0099983215332,6.148803103281249,5.615231721368797,-5.597773481904937,-7.056734978101094,-1.5125594789273062,-3.724357133885425,-2.2409566269021592,-0.054421760185210166,-0.058459268585404955
2020-06-25,41.04999923706055,38.720001220703125,7.921825998469863,-0.8039915246135969,-2.9895893142767633,-4.040455290083125,4.293921780132443,-7.163112047660296,-6.801735099517449,0.018357673990550882,0.018679372021116247
2020-06-26,41.02000045776367,38.4900016784668,-3.6399305005627225,-8.836724089890485,-2.549334524808984,-8.204809988796857,2.075855145722361,-5.723975786745344,-2.037010129541869,-0.000730786354553481,-0.0059400706349500565
2020-06-29,41.709999084472656,39.70000076293945,-7.798961509446465,9.897326343395342,-8.62572644552078,8.216525293726306,-4.021476998033336,-7.889727071975978,1.5993564040628563,0.01682102922986184,0.03143671165775985
2020-06-30,41.150001525878906,39.27000045776367,-5.441296749161166,-8.844388780072666,-2.6085160114645367,-9.879059136320432,-1.7836720886514446,3.6613915038024825,8.961065637057807,-0.013425978683423656,-0.010831241735823616
2020-07-01,42.029998779296875,39.81999969482422,-1.4578442274748742,3.900704577171064,-0.7152296052155016,-0.3227956227137714,-5.646004022855351,3.2145478621830303,-8.624980958226454,0.021385108646096773,0.014005582649587511
2020-07-02,43.13999938964844,40.650001525878906,6.360295318449861,9.67357850526827,4.454755044776093,-7.535050837348971,9.320429182604173,9.012127431597456,0.14788187689921273,0.026409722640732713,0.020843843229927828
2020-07-06,43.099998474121094,40.630001068115234,7.214611665126867,-5.216397915681488,3.13458969443216,-3.84641821044103,-7.387312368852806,4.593568272944825,-3.421604435785513,-0.0009272349581196382,-0.000492016162679354
2020-07-07,43.08000183105469,40.619998931884766,-9.860957389376185,-7.1550126262560765,4.1753131045830845,8.521191196365308,-2.563264308671611,-8.959083224877372,0.16623388553389162,-0.000463959252305135,-0.00024617612521593557
2020-07-08,43.290000915527344,40.900001525878906,0.21494605155131552,-7.572301211551422,-9.832726362462857,-6.766108934520263,-9.483220555599775,7.684903478579084,-9.520491052469367,0.004874630351600295,0.006893220122030863
2020-07-09,42.349998474121094,39.619998931884766,-1.6517799370244202,-3.9344970486480886,-5.646652008389279,9.316646394366654,-5.5644101613290715,7.253503258914517,-3.7394929059683735,-0.021714077651337926,-0.03129590577604835
2020-07-10,43.2400016784668,40.54999923706055,-5.557843790585395,-7.979083779787066,3.2336857679971303,-5.884112460211566,5.609422767603098,-1.133593584546027,6.397362950540099,0.02101542470868223,0.02347300177303513
2020-07-13,42.720001220703125,40.099998474121094,-7.6026926533263435,3.843226833882639,-0.3202126364050564,4.831322169336591,-5.976495354222411,1.7172610105584312,1.0788346770927504,-0.012025912062409327,-0.01109742962777116
2020-07-14,42.900001525878906,40.290000915527344,-3.247696571927441,-8.754164037398747,-9.893730486633082,0.9335452979462353,-8.398731949420688,9.521566649450378,-0.9883501436776516,0.00421349016929673,0.0047382156767130645
2020-07-15,43.790000915527344,41.20000076293945,8.858194078250385,0.1884425629957942,6.089892848636445,7.689574551935184,-0.5109364031095343,0.6460872769633248,-4.289498565693208,0.020745905780715557,0.022586245389272452
2020-07-16,43.369998931884766,40.75,-3.5359413595848954,9.933937077059536,5.456191465806748,1.0798651100626184,-9.80061530530963,8.106436567521797,-4.039149544172882,-0.00959127597308751,-0.01092234841277584
2020-07-17,43.13999938964844,40.59000015258789,0.3758124348673224,6.2794053901203775,0.9683832598712527,0.6911843831261741,-8.304676911473337,-8.339224843796272,-2.3379713281883108,-0.005303194556162127,-0.003926376623610062
2020-07-20,43.279998779296875,40.810001373291016,4.060379177903556,2.3043887646202172,-8.670733484474557,-6.090839992632002,6.152517391259501,-6.178962625826343,6.711414199291209,0.003245233927426261,0.005420084254153412
2020-07-21,44.31999969482422,41.959999084472656,-2.7274079524141204,-3.874927584267766,5.330300990651693,-6.675412758966825,5.429466897192128,-1.1849011311736426,9.344264136165368,0.024029596692706656,0.028179310769008703
2020-07-22,44.290000915527344,41.900001525878906,9.435641654419214,2.4779167258327703,1.674271754627279,8.329783022310284,8.30277640809792,1.695136166746094,-1.2268923729925092,-0.0006768677685793367,-0.0014298751168455581
2020-07-23,43.310001373291016,41.06999969482422,9.248945898842223,0.5408292782330335,5.639199543159183,-3.4432360229993186,7.090308718214992,6.324557037256003,-2.1329432250447633,-0.022126880153049533,-0.01980911219160819
2020-07-24,43.34000015258789,41.290000915527344,-4.964354083492717,-1.4783323221925713,5.034939847916808,-2.5583549007420814,3.6635112647963624,9.765242302863737,6.931015516397256,0.0006926524669974565,0.005356737821715862
2020-07-27,43.40999984741211,41.599998474121094,-0.0550298821522901,-7.38579246519601,6.060041439156741,5.196473168567767,-8.953342853986744,-2.222970070517672,-1.4618935872739272,0.0016151290857815415,0.007507811860502311
2020-07-28,43.220001220703125,41.040000915527344,-3.982433803664607,7.732084304809334,0.3601613280924969,-3.223530351543853,5.65697235973315,-9.051687277198301,1.040363445913023,-0.004376840068574972,-0.01346148026765237
2020-07-29,43.75,41.27000045776367,-4.303190112450648,-1.0043070235735492,-7.193509636129701,9.041248932780054,6.910216216811207,6.023430065906496,-5.381166708025111,0.012262812686895552,0.005604277219918519
2020-07-30,42.939998626708984,39.91999816894531,-9.262261052909345,-6.107549763584698,3.423149467593774,4.758555379976006,5.981642915439089,2.087614381656163,4.870050715581504,-0.018514317103794697,-0.032711467745195955
2020-07-31,43.29999923706055,40.27000045776367,2.191286679597937,-2.6448129824542077,2.409475701039412,1.9485848514684,0.1695807061605219,-6.029142822635967,0.6397663654156371,0.008383805818932721,0.008767592807422453
2020-08-03,44.150001525878906,41.0099983215332,0.0535804645772302,-1.717404949421459,4.845063743981743,7.617903210895051,-5.341963227010367,-0.10343086757159625,6.180691004806832,0.01963053819388616,0.018375908998204737
2020-08-04,44.43000030517578,41.70000076293945,-8.970424975000213,6.5507579113374845,-6.602379878985294,-9.007881833010345,6.906599513774534,4.846204910674487,5.614654600573395,0.006341987986857811,0.016825224814602135
2020-08-05,45.16999816894531,42.189998626708984,-4.427070715267771,4.672287611228041,-6.100496001994216,-4.858746156215825,4.543256194802769,5.408235741372875,-5.699904634599429,0.01665536481401575,0.011750548076848277
2020-08-06,45.09000015258789,41.95000076293945,8.165317719333075,5.386097872826795,7.808190344386571,-0.6992733155818005,9.61522348777703,-0.007631760024759515,4.312711011155248,-0.001771043161396868,-0.005688501341111651
2020-08-07,44.400001525878906,41.220001220703125,-5.208762186660552,-9.779374711427057,4.999555969041417,-5.460429210569579,-6.886148044881342,-3.8957093974228174,6.001088159027429,-0.015302697369127927,-0.01740165742455102
2020-08-10,44.9900016784668,41.939998626708984,-7.102102558175538,-1.6769200364047698,8.16456977400646,4.878103746043038,-5.486708338958898,9.47485164076987,-3.0778551843520985,0.013288291268278574,0.01746718546054371
2020-08-11,44.5,41.61000061035156,-0.21094479444873926,-0.3731169672935266,5.174306423278415,8.384160621074503,-5.764037002369946,3.2672522191298565,-6.547817741954509,-0.010891346081041031,-0.007868336365353779
2020-08-12,45.43000030517578,42.66999816894531,9.713009082212015,-9.616154463538866,1.9431061198060373,-1.524597601381533,5.850795352426735,-1.8352496130740263,-9.947356888408237,0.0208988832623771,0.025474586470687344
2020-08-13,44.959999084472656,42.2400016784668,-5.158894569769991,-4.803735825099316,3.082654740557473,-3.157347997762101,-6.261854070997637,-4.390735515906952,-0.9819269381370361,-0.01034561341725504,-0.010077255892442571
2020-08-14,44.79999923706055,42.0099983215332,3.442710948117572,5.2057964624427004,7.782558478800198,9.231014642751326,-8.666803403533878,4.622059660071242,-2.9513453692231684,-0.0035587155398179027,-0.005445155014064396
2020-08-17,45.369998931884766,42.88999938964844,5.232392306574351,-7.257805885420019,1.576135090238811,-1.1029513434491829,9.971216131712573,-5.156331088124646,1.098196676508179,0.012723207690429783,0.020947419739937745
2020-08-18,45.459999084472656,42.88999938964844,-5.247249120152007,0.706202629051834,2.647826486567748,-0.21903199101433657,-9.503655771097018,-6.565800220526237,-6.239178148224285,0.0019836930726626623,0.0
2020-08-19,45.369998931884766,42.93000030517578,4.5643269722371915,-5.69596255965525,-6.870465679927989,-2.967002553161892,6.704881203177312,0.5966777792414053,7.1933109533295045,-0.001979765824910218,0.0009326396851616625
2020-08-20,44.900001525878906,42.58000183105469,-2.644337345614936,-9.757584507122134,-0.5215755976779448,8.19096946024277,-2.692663168986944,-4.200252147117163,-4.844895687437807,-0.010359211308589189,-0.008152771293572503
2020-08-21,44.349998474121094,42.34000015258789,2.646116611871589,-5.17597084800917,4.327942239161979,1.3791096656370154,6.832309195156306,2.5781028984723005,-5.4714078982470005,-0.012249510758720272,-0.005636488213858093
2020-08-24,45.130001068115234,42.619998931884766,2.6705942152178945,9.517475098201075,-4.581146033672692,5.243491743632893,1.0924098242228997,-7.64122650251533,-0.385718870312882,0.01758743226224202,0.006613102935469906
2020-08-25,45.86000061035156,43.349998474121094,0.71549368149517,6.030742237659791,-5.954916389509302,6.236134367017726,8.032624589727202,3.098822091346431,-0.022979525114514843,0.01617548249410694,0.017128098557745552
2020-08-26,45.63999938964844,43.38999938964844,-8.194204598911835,9.191532886420667,-3.723463835511689,-3.1630191616548364,8.523859728292532,-4.334069440045956,-5.698295424298143,-0.0047972354508313275,0.0009227431818994436
2020-08-27,45.09000015258789,43.040000915527344,6.70604991178476,-0.24291912147275063,-5.169987440143331,-1.3261133735923991,-9.81803637438448,-9.995141311309744,-4.562785465481685,-0.012050816047672663,-0.008066339687586965
2020-08-28,45.04999923706055,42.970001220703125,-3.5843987005652833,-7.8052760264499295,-5.701747259272083,6.969435488125292,-8.491756480144234,-7.461278846516473,-6.605895216895101,-0.0008871349610107826,-0.0016263869269335096
2020-08-31,45.279998779296875,42.61000061035156,-6.269629792002915,0.95918977947386,-1.5029831426382607,-2.7348929664837947,-4.99282540858289,8.672307556701881,4.3692035664633355,0.005105428327002448,-0.008377952062475491
2020-09-01,45.58000183105469,42.7599983215332,-9.184497168904722,-0.9124533088007816,8.156770277670681,5.878702669037025,3.386308327270033,7.347092782307158,5.4017806250816385,0.006625509272208285,0.0035202466330217508
2020-09-02,44.43000030517578,41.5099983215332,1.8178588637648367,6.88714165479232,0.14119293477436656,8.819846451488743,7.76544393023012,-5.327819359275264,-0.7534300508143481,-0.02523039665819815,-0.029232929117551487
2020-09-03,44.06999969482422,41.369998931884766,3.551287236845649,-8.038348384315109,-6.24159238369354,2.4642074613601395,-0.8011609741207444,5.567438090909825,4.281740453700349,-0.008102647037560917,-0.003372666714269945
2020-09-04,42.65999984741211,39.77000045776367,-9.668243421442877,-0.23517725956443591,-8.460566612382518,4.832545749037777,2.139462325485308,2.1714318634794854,4.7187078387489105,-0.03199455087760539,-0.038675332739444235
2020-09-08,39.779998779296875,36.7599983215332,0.24186116598562002,-6.999026706120315,3.9231229027585037,6.1019462408226985,-6.230002944088778,9.41809422899739,-7.234489446443828,-0.0675105738025441,-0.07568524268505195
2020-09-09,40.790000915527344,38.04999923706055,-5.470084496041241,-3.506481462198801,-2.344024711272244,6.900792977932852,6.099336677633708,-2.527886809318818,9.323560496690735,0.025389697516936982,0.03509251834681648
2020-09-10,40.060001373291016,37.29999923706055,2.9034558081889976,4.747141547755993,6.436618931707187,-2.0989332428640806,9.346562227069395,3.629212250343425,6.420638941928619,-0.017896531646275138,-0.01971090709693113
2020-09-11,39.83000183105469,37.33000183105469,-6.512671419900171,-0.47963741262466897,3.1902153728154037,-8.974730816480037,-4.628021341708051,-8.729285551521627,-5.91033077608353,-0.0057413762943521185,0.0008043591047672827
2020-09-14,39.61000061035156,37.2599983215332,3.81875476204932,-2.482234297084613,5.92482901082737,-1.96247457526521,-0.10348096798907314,-2.0750530636718807,-6.276699285078595,-0.005523505161669218,-0.0018752613471143542
2020-09-15,40.529998779296875,38.279998779296875,-2.265293073989252,-2.110474428599294,-4.561079211631025,3.4751245956817947,-8.277677789872524,9.27635322376361,-7.4867770884083455,0.023226411380182777,0.027375214807086934
2020-09-16,42.220001220703125,40.15999984741211,8.73459977473469,-0.8110646318802672,3.847178449221163,-0.9929922843841439,1.1827331292593684,0.7796174890024119,-7.232428749161633,0.041697569511635946,0.049111837201311515
2020-09-17,43.29999923706055,40.970001220703125,-7.249581117080135,5.700330876741138,-4.718760306125624,4.9792630172079715,0.05566883693361113,-4.242409933303108,4.9632359805739235,0.0255802459765877,0.020169356981290187
2020-09-18,43.150001525878906,41.11000061035156,-3.17867297899483,7.841693778804689,8.78136958900583,-2.8603514106267225,-7.111270316898448,-7.594580737427863,-0.6069148609675281,-0.0034641504347477925,0.003417119489312892
2020-09-21,41.439998626708984,39.310001373291016,-7.730529575188219,9.106693730078565,2.7274856306674877,2.69488282208059,-1.1586757376385002,4.070566803630609,5.658683454797345,-0.03962926625030039,-0.043784947952720366
2020-09-22,41.720001220703125,39.599998474121094,8.493872365571256,5.738067725105902,-3.5097639964931577,-6.271603902920509,-3.3179069582687344,2.897120868594536,4.925097887004108,0.006756819577056428,0.007377183686060995
2020-09-23,41.77000045776367,39.93000030517578,7.5467870676196185,-3.6918620850397454,-4.609762754154547,4.987388732899138,0.43661750610378647,-2.5212257279245076,2.0922542701044318,0.0011984476413613443,0.008333379893192383
2020-09-24,41.939998626708984,40.310001373291016,-4.841167445696888,3.762694121730842,-6.18146829856713,0.913919376260516,1.7130867085759842,9.018827037316687,3.72733213157359,0.004069862750353703,0.00951668082171242
2020-09-25,41.91999816894531,40.25,3.19968092068358,-1.2479375188921615,3.8928191778745553,-5.918712229067989,-9.83008842785581,-9.555943740242993,-9.632885512417165,-0.0004768826518495306,-0.0014884984184290184
2020-09-28,42.43000030517578,40.599998474121094,6.344444004024318,-4.906587559078977,-5.625687740041454,-4.161776530043855,5.220119658991107,-3.9255229673634844,-3.764447063899561,0.012166082025458769,0.008695614263878104
2020-09-29,41.029998779296875,39.290000915527344,1.104016231989247,6.817431588518453,1.906065318549782,4.972174171636647,4.260285837234816,8.421389725991627,2.7564435851882045,-0.03299555776124108,-0.03226595093171636
2020-09-30,40.95000076293945,40.220001220703125,0.5930115671201293,-9.2314730207535,-4.707299461492854,-0.3479752867695858,-2.674272275869556,-3.581291233611193,-9.813100930275116,-0.001949744546368093,0.02367015229078917
2020-10-01,40.93000030517578,38.720001220703125,-5.162954181990966,8.03523984270847,3.2393788958773726,-5.6793711921385555,-8.941281288623635,-4.954943322896592,-9.340461126348131,-0.0004884116579009223,-0.03729487703814094
2020-10-02,39.27000045776367,37.04999923706055,-8.137944643882015,-0.7704507075053169,6.298794570810784,9.345423807405954,5.098650795701008,0.6844081986249471,7.037759649407665,-0.04055704458917864,-0.0431302151599533
2020-10-05,41.290000915527344,39.220001220703125,7.944315159066534,2.744029536165609,5.560504862893064,4.302500396337759,9.10350320956265,6.476034998410757,3.680497233841436,0.05143876837832617,0.05856955542044817
2020-10-06,42.650001525878906,40.66999816894531,8.008361143266608,3.187078444115654,5.217026618615634,9.142696650795923,-5.196968079559716,-7.937064782432779,-4.692605337593121,0.03293777137796394,0.03697085423538371
2020-10-07,41.9900016784668,39.95000076293945,2.6620291454653593,7.902354814130728,-6.245551886154958,-1.4578990927931361,-3.5295077252592417,8.860414192914725,3.75925680237418,-0.015474790710420905,-0.017703403944474116
2020-10-08,43.34000015258789,41.189998626708984,-3.219404179025986,2.7333936433441473,-8.232301060309625,-0.49799318616559063,-6.323742210363701,5.90145762362328,5.849133382785265,0.03215047440241947,0.031038744432762222
2020-10-09,42.849998474121094,40.599998474121094,-3.015808507746782,2.2786716952012362,3.9789765697477115,7.959104323700384,1.5387224668967932,-6.374994888968962,-3.864114337797975,-0.011305991618404287,-0.014323869197832795
2020-10-12,41.720001220703125,39.43000030517578,4.519113577404788,-8.666959188786201,-2.6330557241129737,0.5009868049076935,-6.903172107050901,4.2401592239632535,-9.279252450016251,-0.02637099868510895,-0.028817689973340332
2020-10-13,42.45000076293945,40.20000076293945,7.942205199051543,0.3681604389040807,-1.353075471933053,4.145578238113343,-2.876121130772411,-2.3008255472488575,8.65558249375469,0.017497591583819805,0.01952828941932827
2020-10-14,43.31999969482422,41.040000915527344,7.741728485302346,-6.996619983659167,-9.37701814413218,-4.956542450089401,3.9402602786852583,-1.9541064384736266,-3.09640323408739,0.02049467411657413,0.020895525787210767
2020-10-15,43.15999984741211,40.959999084472656,5.597510917152476,4.7486753744297125,-4.808471014499016,-1.0654706259471887,1.2023196601869675,5.665801848777328,-7.8703647343058725,-0.0036934406403337228,-0.001949362311646996
2020-10-16,42.93000030517578,40.880001068115234,2.8406329230857548,0.24443841625348917,-9.32647192251072,-7.531002683792898,-2.2707487134412947,9.255696159614644,-0.1628625721370529,-0.005328997753694775,-0.0019530766148807555
2020-10-19,42.619998931884766,40.83000183105469,-8.317200700099024,3.6045555841670662,7.583715452024954,-5.8803992824607665,-1.595007963849163,-7.466882543056121,5.369355913282677,-0.007221089473266162,-0.001223073281657605
2020-10-20,43.15999984741211,41.459999084472656,-6.767425718107725,-9.166541987952314,-5.132066335629391,-9.981131694647377,1.2422176524645892,-1.5873952624236125,-5.567053707648817,0.01267012972924686,0.015429763045927691
2020-10-21,41.72999954223633,40.029998779296875,7.971083770541586,-8.304159679083936,1.146743391460161,-9.214698967026795,-9.882705442256775,-0.38116783831392986,-4.610198997332732,-0.03313253730841992,-0.03449108385801525
2020-10-22,42.459999084472656,40.63999938964844,2.128581193191799,4.326467761253646,-9.220413586777392,9.545676463538587,-8.429802630927803,-2.4737636609000475,-5.145700264028337,0.017493399239016716,0.015238586783746122
2020-10-23,41.77000045776367,39.849998474121094,-9.816058967667407,-8.558313280026532,3.3369478261131604,-5.1529260972647535,7.625161355260232,-2.7362175256754995,9.833461056633563,-0.016250556796674864,-0.01943899919763703
2020-10-26,40.459999084472656,38.560001373291016,-7.9705691426793575,-8.574865444694828,-3.5394530849181223,3.2662141900800385,-8.442420218174185,-8.95462664876807,-6.051925325389149,-0.031362254223953,-0.032371321210157955
2020-10-27,41.20000076293945,39.56999969482422,3.2700353821611152,-9.757830495302251,7.958383739153316,6.781993975992229,4.136071924210103,3.7107724112524654,1.5104043393224806,0.018289710707155793,0.02619290159654364
2020-10-28,39.119998931884766,37.38999938964844,-9.898768323075625,9.130027965989601,7.762363778680715,1.0132091847312843,8.400763282181053,-1.2757116575990928,8.505292833139286,-0.050485480401391336,-0.055092249734359444
2020-10-29,37.650001525878906,36.16999816894531,-6.783838971650027,4.750167189180139,-3.494187632765044,-6.937109998320876,-4.586327913965378,-6.104123947121465,-7.062068622444415,-0.03757662183389621,-0.032629078379736165
2020-10-30,37.459999084472656,35.790000915527344,0.9746757873317229,-2.934971829958717,8.019217913809356,4.5623287467233276,-2.5901712588097148,6.320670046041368,9.417083957354006,-0.005046545383953105,-0.010505868749095648
2020-11-02,38.970001220703125,36.810001373291016,3.837903953853864,-4.069288374246895,9.923153469975578,2.00502820199166,1.3784281168943266,6.051214963032557,8.949544687912493,0.04030972165336677,0.02849959294974891
2020-11-03,39.709999084472656,37.65999984741211,3.0392251900520115,-3.005935405083009,6.508313282478962,4.625011786947502,7.634179392771692,-0.2721674382221231,7.691439741165251,0.0189889104590637,0.023091508894586665
2020-11-04,41.22999954223633,39.150001525878906,-5.514613810788804,5.4930706236236375,6.897426955104578,5.394932457141744,8.838111745208405,-4.03098677704479,-5.708869573399955,0.038277524371890914,0.039564569423894635
2020-11-05,40.93000030517578,38.790000915527344,4.243584426950717,3.2274122214082883,-5.019825277818201,9.508207353694903,4.791264962225361,2.7618545159290484,2.681101120219667,-0.007276236730326069,-0.009195417530535654
2020-11-06,39.45000076293945,37.13999938964844,-5.255018250063999,-6.296088642650641,1.5340479771551259,1.471265600534199,-8.267604782906119,-4.236957284451939,5.217829459224802,-0.03615928490597098,-0.04253677460519012
2020-11-09,42.400001525878906,40.290000915527344,-3.4920060368146455,-6.517813293318313,-8.654881720652643,-3.1671777461879635,3.383083110697015,-5.279841393525759,9.720558563928595,0.07477821814672247,0.08481425895652728
2020-11-10,43.61000061035156,41.36000061035156,4.929828102360483,-8.032087005732054,-8.101641263566606,2.969291138004742,-1.7939255625467592,4.610293080526533,-6.391523558372592,0.028537713229423556,0.026557450248452463
2020-11-11,43.79999923706055,41.45000076293945,2.992657980944294,3.206054394026763,9.977852240665811,-8.631185815147477,-0.5859800101787691,-9.193495205580986,5.3205179903859285,0.004356767348081325,0.002176019131038487
2020-11-12,43.529998779296875,41.119998931884766,6.984468209883559,5.287453244434719,-3.4672150114817812,7.947946366431726,-9.017032193096458,-8.104630579308122,-3.223976601457741,-0.006164394120245054,-0.007961443304718707
2020-11-13,42.779998779296875,40.130001068115234,3.152257846006867,-4.6990714334999195,4.963678240976927,-7.612379773236064,-6.178757213072837,-9.864236519528205,-6.487470688639954,-0.017229497381853975,-0.024075824160634363
2020-11-16,43.81999969482422,41.34000015258789,1.3661720667094315,-9.581100779381744,6.133301060536329,-3.443143242283635,5.810272150672954,-6.9411362704914765,-1.5724611757229017,0.024310447526956214,0.03015198236398864
2020-11-17,43.75,41.43000030517578,-8.12650464343815,-8.356566650471454,7.1604654201445825,6.314907612522418,-0.9208233390428049,-8.620199825790811,5.876718242972327,-0.0015974371362783568,0.0021770718978155745
2020-11-18,44.34000015258789,41.81999969482422,-2.645683938811329,9.357200696900609,9.95256594804313,1.946247566614236,-3.9667551673770234,9.916047355598373,-0.7030039259189564,0.013485717773437544,0.009413453699630203
2020-11-19,44.20000076293945,41.7400016784668,-4.695952646365491,-4.091104450451595,-5.170070294862644,-2.127289594451158,-2.3196185207008373,-4.223800600918208,0.7504620040609709,-0.0031574061607274606,-0.0019129128871639978
2020-11-20,44.959999084472656,42.150001525878906,-5.1202071324183285,5.384462956762672,-9.192983462806005,-0.5312868124995713,7.087990266513604,-7.014639746615055,9.903188204002426,0.017194531864588525,0.00982270797616236
2020-11-23,46.060001373291016,43.060001373291016,9.460211095048912,2.493271377085275,-1.7761696401082805,7.090947864043606,4.979980348099138,-5.180074840081641,-2.017814008851479,0.024466243576910074,0.02158955668965734
2020-11-24,47.86000061035156,44.90999984741211,-2.138045506664792,-2.3612072069420815,-7.398386603421061,-3.1999122788021577,-4.5536920563783445,8.722511430802694,2.308015094184796,0.03907944384266382,0.0429632702071534
2020-11-25,48.61000061035156,45.709999084472656,7.8409311035422675,-5.886254756088897,-9.551482216758897,7.392993696243426,-7.649963195752534,0.40320446048791325,-2.695115967692563,0.015670706026647663,0.01781338765928875
2020-11-27,48.18000030517578,45.529998779296875,2.622772519945258,-7.572271636811871,-2.791463457170278,-8.23731138046617,-4.960035567118566,-2.7036380738428623,-2.144287073425901,-0.008845922645066007,-0.0039378759304531386
2020-11-30,47.59000015258789,45.34000015258789,5.896226070832968,2.300259360777332,5.674765021504729,5.535968744172614,8.415129021094675,7.4678291581843865,3.912815068908163,-0.012245748211929919,-0.004173042648869529
2020-12-01,47.41999816894531,44.54999923706055,0.0527418621038418,5.492675612755759,1.3236138245014182,6.950952661094728,1.631776756995107,-2.1001945890193507,8.757739521897669,-0.0035722206996743333,-0.017423928382634846
2020-12-02,48.25,45.279998779296875,1.5380776925271817,2.878085070822614,-3.7444402157929186,-6.363646943253225,0.6696041748956567,-3.2998286008460838,0.8471790098464282,0.017503202511683025,0.016386073058090034
2020-12-03,48.709999084472656,45.63999938964844,-0.14964612362272156,0.6060426649831658,3.0868401098543945,-1.3930693525559903,1.9278719938492301,-5.854349549005288,5.367998578975596,0.00953365978181675,0.007950543729170034
2020-12-04,49.25,46.2599983215332,-6.09514024403911,-9.160975531367274,-5.359636393823786,-6.690004506726888,-2.679434685069695,-2.4440635218117706,-8.215868823660724,0.011086038301722834,0.013584551712886084
2020-12-07,48.790000915527344,45.7599983215332,4.4490423052301065,9.369775551887678,-9.712371078558299,4.132082579884354,6.142140406390254,-3.6663128796614792,-5.77683925136146,-0.009340082933454896,-0.01080847423566067
2020-12-08,48.84000015258789,45.599998474121094,-4.384552751182884,5.974283833091491,5.287067728728548,0.7069553612331347,0.46572498600499657,3.546079185962821,0.04263281839064881,0.001024784507528853,-0.0034965002902287434
2020-12-09,48.86000061035156,45.52000045776367,-9.513680671370924,-4.143559265980706,2.4748616972801827,2.7064669341664214,-7.66504194462409,-4.208345906585458,-9.599765527424504,0.00040950978094156376,-0.0017543425226828058
2020-12-10,50.25,46.779998779296875,2.9094459181433567,9.599406587177015,5.246052490019199,-6.0702606608757765,-7.418697503418741,1.5439949284512284,-4.942900424748824,0.028448615887940676,0.027680103446007465
2020-12-11,49.970001220703125,46.56999969482422,-6.457786411859021,2.037631792726442,-9.221239666246689,-5.76508275895161,0.7371829300523665,-8.682156699360545,0.3480257964993232,-0.005572115010883061,-0.00448907845131441
2020-12-14,50.290000915527344,46.9900016784668,8.809171687058285,1.6484531641449287,6.742392556613044,-9.170053489801873,8.731404361416782,-6.174216866069713,-9.700776034873986,0.006403836041765754,0.009018724208607942
2020-12-15,50.7599983215332,47.619998931884766,9.078571540051747,4.961463588590643,2.3905240007260673,-3.558649296085406,-3.8329575664760256,-1.8518945677730247,-4.709074275479166,0.009345742641669874,0.013407048966049828
2020-12-16,51.08000183105469,47.81999969482422,8.29728780440897,6.235395761802749,1.2679070142528026,1.1948932266735,7.390823377184365,8.738985078173908,0.2806163895173892,0.0063042458649122946,0.004199932117292304
2020-12-17,51.5,48.36000061035156,-2.5968259948911125,3.1295721466300535,2.492280962290632,7.158698279946577,5.281911731577587,-2.4549602856860915,1.4629849596249134,0.008222360099642056,0.011292365515966019
2020-12-18,52.2599983215332,49.099998474121094,-9.690867669422651,-7.4380850726759995,7.288664937367283,3.3385489491736138,-5.043751141861863,3.2814824239966818,8.515033861106108,0.014757248961809744,0.01530185803205164
2020-12-21,50.90999984741211,47.7400016784668,8.566371251754507,-3.234649880110032,1.7387301311781407,-1.2920735320049719,-9.273185033675151,-4.898255551572037,2.906912465012157,-0.02583234821048286,-0.027698509937247873
2020-12-22,50.08000183105469,47.02000045776367,-1.4363170336537134,8.561672806520995,1.619007597763586,9.062402287882755,-7.963054697152345,-7.4593284805353655,-1.7052839494001244,-0.016303241383718303,-0.015081717540615047
2020-12-23,51.20000076293945,48.119998931884766,9.333096380873393,-5.507687763122961,9.813583141315316,4.384904011516637,4.569878676948804,-8.829267998398997,8.607023542661356,0.022364195106523654,0.023394267618290998
2020-12-24,51.290000915527344,48.22999954223633,9.272399541785056,-2.556659523249733,5.13460334137136,8.603304057251002,-6.006605239187066,-3.8917300291449735,5.697659667755886,0.001757815454038747,0.0022859645218877844
2020-12-28,50.86000061035156,47.619998931884766,7.060189109347203,-1.3584623411160806,-1.154123890977294,0.5517594654433129,-2.5745815898921247,-6.846779464061841,-5.999821577745048,-0.008383706326774543,-0.012647742403923634
2020-12-29,51.09000015258789,48.0,-4.111022158608286,-1.2119002061109558,4.147940000658554,-4.821914504137208,0.03398332012849714,-6.519791039677516,-7.383152773023605,0.004522208798194871,0.007979863012151256
2020-12-30,51.34000015258789,48.400001525878906,-2.298045427961495,2.25879164989051,-2.2153905661642304,-8.94346627270556,4.509363369003257,5.215186167739001,3.5162327148546595,0.004893325489397915,0.008333365122477288
2020-12-31,51.79999923706055,48.52000045776367,7.022733430337137,8.86151675489415,-5.42249075033002,4.521697029677011,-7.735375534817493,-9.683238581102515,1.1976633115396762,0.008959857481602773,0.0024793166963146263
2021-01-04,51.09000015258789,47.619998931884766,-3.661559896874447,-5.1861457633499,1.937037537755188,-7.573940039889317,-1.8726718944507699,1.1562025147086885,5.793472275855114,-0.013706546234168338,-0.018549083210795736
2021-01-05,53.599998474121094,49.93000030517578,-6.61014506627815,-7.569972473981639,8.563641962279029,-3.944497434560656,-0.2985418171460914,-2.410772388130704,4.776101001573728,0.049128955060417256,0.048509059745994954
2021-01-06,54.29999923706055,50.630001068115234,1.1360252491670035,-6.050590202801254,8.582790400309253,0.6494181576779479,0.816541279430794,0.1309999981709442,2.5042306771503,0.01305971609826484,0.014019642672962185
2021-01-07,54.380001068115234,50.83000183105469,8.72309548321562,7.7384980041853915,-3.1618944378901936,1.2883317555949532,6.367212827904332,1.2566047442920585,9.727643432577842,0.0014733302427025752,0.003950242123644809
2021-01-08,55.9900016784668,52.2400016784668,3.9205959334994596,2.916216253104121,0.5535493244338987,2.0116639397427214,-6.566436099135662,-3.7326461108544358,0.6717946022081733,0.029606483610305823,0.027739519902017173
2021-01-11,55.65999984741211,52.25,1.4012234017872984,-4.281864215216798,-5.767282028602776,-6.674893393005988,6.156629036532447,-4.097822796314294,-7.737884869965603,-0.005893942153275655,0.0001913920599532215
2021-01-12,56.58000183105469,53.209999084472656,-8.05647012458463,6.3189387793723455,9.912622189977668,-2.4052519035670255,3.857568553933044,4.668036986698114,6.5654712963197674,0.01652896130371362,0.018373188219572345
2021-01-13,56.060001373291016,52.90999984741211,2.3001445339833957,7.227399927268721,9.622358157358715,2.3438845423393335,1.1174162839791872,7.425539762423142,-4.96293275308582,-0.009190534481005708,-0.005638023721524332
2021-01-14,56.41999816894531,53.56999969482422,9.801077002085265,6.9302867738055625,2.990178594148947,9.396377292675695,3.9905574080514388,-6.148367350829442,5.546042962878365,0.006421633728782128,0.01247400962607248
2021-01-15,55.099998474121094,52.36000061035156,-7.19831969526952,8.37853067279109,6.0882811935494665,4.552622753993774,-1.7596452209668723,-8.047624789297021,9.142141920001027,-0.023395954230122085,-0.022587252032214677
2021-01-19,55.900001525878906,52.97999954223633,0.3665930472747352,-4.955179596532768,4.3020032256739995,8.452075141879156,-7.232048280637509,7.955916127840517,3.9359102792868246,0.014519112049223626,0.011841079538914112
2021-01-20,56.08000183105469,53.2400016784668,7.5474614385591074,5.100838574925566,1.8631643807893639,5.24424116628354,3.3153048053073455,-3.0020907270520265,1.9206032189960212,0.0032200411495955095,0.0049075526326343155
2021-01-21,56.099998474121094,53.130001068115234,4.815372355084088,-0.7892100545172003,-8.933040060222046,1.8343393778480088,0.49344613371244606,1.026347813256283,-0.7922764864991887,0.0003565735095132361,-0.002066127101495785
2021-01-22,55.40999984741211,52.27000045776367,3.9403148199053604,6.839971057801229,-0.9047131489467795,-6.1595326172731095,2.7874960108555094,-2.8091371095999307,-2.7118026800919353,-0.012299441095836805,-0.01618672300136037
2021-01-25,55.880001068115234,52.77000045776367,4.049681679742186,4.569813543232264,3.49572604334821,3.333713037850261,-3.2400243794301993,-7.483953273078974,-2.9399049805632753,0.008482245479108697,0.009565716388390433
2021-01-26,55.90999984741211,52.61000061035156,-2.8101769756048967,5.528948929994492,3.5506322776736923,2.4675913191981422,8.137331546796716,1.7866328989545615,2.7274541141918114,0.00053684285475053,-0.003032022854352112
2021-01-27,55.810001373291016,52.849998474121094,-4.128163114710133,3.1232367536214305,-2.5375476315523287,2.049383409145328,1.7473973715115392,0.5028170353925923,5.025462338754918,-0.001788561516616105,0.004561829708899623
2021-01-28,55.529998779296875,52.34000015258789,6.187223109570272,-6.451424610605862,8.833839733160612,-0.20428264023518494,-8.291950314182523,-5.940128816176056,3.570341389688288,-0.0050170683946290096,-0.00964992121585273
2021-01-29,55.880001068115234,52.20000076293945,6.202267893583617,0.9005383779387657,-6.65285935526438,0.5731320797855126,-1.0039201859114257,-0.9626191069544436,-6.031797976128745,0.006302940689940195,-0.0026748068253782398
2021-02-01,56.349998474121094,53.54999923706055,7.341446371602075,9.693394790490164,0.007188924311211764,-3.311149457637919,5.127121094872686,5.938950080312917,-0.1202563971301771,0.008410833876558943,0.025862039356128852
2021-02-02,57.459999084472656,54.7599983215332,8.264811051129428,8.747761329942378,3.8176795310164557,0.38625385284606395,5.882691234645447,1.8085220621578273,5.8328014436612605,0.01969832547309358,0.022595688173889794
2021-02-03,58.459999084472656,55.689998626708984,0.22684797721875682,-9.136525284059767,3.9427161178361843,-6.048881886430435,-0.10805894472482436,-8.061653458660103,-0.4859184362188742,0.017403411345863207,0.01698320550915855
2021-02-04,58.84000015258789,56.22999954223633,0.030325893743992083,-6.7037036854112575,2.9727791353763102,6.103487947207537,7.8949514166260215,0.9604299445827014,0.7324655947098773,0.006500189429803793,0.009696551065604853
2021-02-05,59.34000015258789,56.849998474121094,5.965903579335503,-7.365424530908761,-4.494235730962797,-6.284460906025844,-4.646631256114048,4.054765985791738,5.4227209634164435,0.008497620644176918,0.011026123722783554
2021-02-08,60.560001373291016,57.970001220703125,2.999278615555303,4.519598199705911,-6.875868626267561,-8.300674202210672,-1.7880260552346687,5.8540681156150285,3.225306125301831,0.020559508216481115,0.019701016299795926
2021-02-09,61.09000015258789,58.36000061035156,4.039337545154067,6.3557065971389015,2.718806536534217,-1.2750794728568522,7.971938211379403,2.5823515726853348,-1.8131015823521484,0.008751630899576313,0.006727607062894991
2021-02-10,61.470001220703125,58.68000030517578,5.91585338872202,-5.729772673786561,1.9860423227887551,3.1661487901212375,7.925134329431579,-6.946836709184325,7.908254223884377,0.0062203481284348605,0.005483202389950925
2021-02-11,61.13999938964844,58.2400016784668,7.8001068363513255,0.11705385903658083,-6.412879794215181,-1.2456635013291724,3.714255376493618,4.203465331803214,-6.748658626730428,-0.005368502106740558,-0.007498272399807271
2021-02-12,62.43000030517578,59.470001220703125,-3.240096862969284,6.814060560224,4.102782911411268,-4.464917360973828,7.179610942444402,3.5468369216303266,9.910328971806493,0.021099131966065388,0.02111949702589211
2021-02-16,63.349998474121094,60.04999923706055,-2.48834094720112,4.656030895325012,-0.8965601653268713,1.1634236778088152,-8.224534660875346,-9.511462341187336,-7.622948430475256,0.014736475483711375,0.00975278299061988
2021-02-17,64.33999633789062,61.13999938964844,-8.12036120318262,0.8447441098369666,3.355211832063059,-3.059953291756001,7.299899524155528,-1.7650466481951366,-9.701000577915222,0.015627433111524924,0.018151543154644845
2021-02-18,63.93000030517578,60.52000045776367,1.5656028199234804,1.8069538091754573,6.7473415954030145,8.657353802532661,-3.587601868995465,-3.340995060752534,7.800378022975295,-0.006372335344280944,-0.010140643409782824
2021-02-19,62.90999984741211,59.2400016784668,-9.281154524065158,0.1672109383255993,-6.605431428461537,8.452902792071441,-6.433369751435674,3.388241285072869,-5.100929832680878,-0.015954957811584625,-0.021150012716708022
2021-02-22,65.23999786376953,61.4900016784668,-0.6880396373507978,-4.049030973623589,-9.617102640063266,0.04743639944191003,-5.212603273159074,-5.677283753781586,4.593992548934418,0.03703700559543499,0.037981092779372005
2021-02-23,65.37000274658203,61.66999816894531,0.8528926941515316,1.3004398571803222,5.5820517279157364,-3.4423201196348296,-1.6406298397222585,1.817438459485171,6.220307498641386,0.001992717459678106,0.0029272480983124627
2021-02-24,67.04000091552734,63.220001220703125,-4.269174957434312,3.7777060410018137,2.1939485030523187,4.742648279132782,-4.976159907910656,8.264119236283449,7.179727820642338,0.02554685786719868,0.025133826784161206
2021-02-25,66.87999725341797,63.529998779296875,1.816665211380215,7.466458317216155,3.9927913924424345,-9.265741130338668,-3.5886482796700196,5.956047444172155,9.831884713283333,-0.002386689438011569,0.004903472834673517
2021-02-26,66.12999725341797,61.5,-9.389995001219011,2.7258270795849615,6.763099499772849,-0.5046198791269756,-7.300430278567158,8.429154724330608,-4.119205799200019,-0.011214115293069482,-0.03195338923819424
2021-03-01,63.689998626708984,60.63999938964844,-9.253036225015713,5.22243074086316,6.05621869649001,-3.27353211459333,-4.07646468882003,9.5701193386538,4.204866838545183,-0.03689700178511457,-0.013983749761814046
2021-03-02,62.70000076293945,59.75,6.452011213193167,-6.79856730090854,9.218402938576492,8.410717702051095,1.445676290840023,-9.786597459876745,-7.692002834383436,-0.01554400824487323,-0.014676771085198381
2021-03-03,64.06999969482422,61.279998779296875,-2.7961871717747417,-0.768850511604203,0.7187015770423635,-9.759939454546348,-1.1629258381787206,2.454825527549552,-1.8638141728630124,0.021850062443612206,0.02560667413049167
2021-03-04,66.73999786376953,63.83000183105469,-7.458789746962305,-9.813367603458135,-0.23008734680189313,1.0562975143669817,-3.0656247752817762,-1.7432120448218704,6.959433866251807,0.04167314158986968,0.04161232216961652
2021-03-05,69.36000061035156,66.08999633789062,0.4448652010960874,-5.06642270956754,-1.9622560021853985,4.81327162133252,4.92904257714228,7.1970898067024365,-2.646839078817833,0.039256859910754116,0.035406461569869485
2021-03-08,68.23999786376953,65.05000305175781,5.399871061972217,4.529234302260097,-6.92617914311591,-0.29964024951917523,7.870199427866357,-4.963705959817366,1.8219076107122802,-0.01614767498163594,-0.01573601670085989
2021-03-09,67.5199966430664,64.01000213623047,-5.683579450063137,9.83619902698727,1.4521446576404493,-8.291939396745567,5.13578445804794,9.620589782301522,0.07546887449268169,-0.010551014701678296,-0.01598771509203245
2021-03-10,67.9000015258789,64.44000244140625,2.4578095163800047,-8.016438008255681,-4.459749513480425,9.449227800558045,-3.3599859576464164,2.274159390874946,2.9190306222409017,0.005628034681656402,0.006717704902752919
2021-03-11,69.62999725341797,66.0199966430664,-8.29305070012464,-1.970113682774235,8.42615024425951,0.36020862752195804,4.8888433567510745,5.870748044576619,9.457887787753897,0.025478581570866465,0.024518841430783755
2021-03-12,69.22000122070312,65.61000061035156,-8.966365576627846,6.00141937398319,1.663816085541951,2.2837248863802273,-6.960396350518976,-8.288008943544634,-8.885289469971958,-0.005888209807371703,-0.006210179545016681
2021-03-15,68.87999725341797,65.38999938964844,0.6270926313629595,-5.919287307422023,1.8568036101622027,-5.267804345849854,-7.393640238174182,-6.330842304822699,1.4792303500325943,-0.004911932408106723,-0.0033531659603187602
2021-03-16,68.38999938964844,64.80000305175781,0.8127024322021299,1.1016989860457258,-2.9015067824597995,-0.3300382978639238,-3.0874592592768213,5.168073460684063,7.2605755850056966,-0.007113790408074028,-0.009022730438869253
2021-03-17,68.0,64.5999984741211,2.748598029964132,4.661425920593496,-8.960212960445851,-1.4170101608335628,6.1540473808811385,-9.560269559213527,-0.3723457650314508,-0.005702579223994975,-0.0030864902502700797
2021-03-18,63.279998779296875,60.0,4.52182667445323,2.319709005203581,-9.365124692540228,-8.502083159960325,-5.073035055153962,6.337559717875656,-8.429456281168545,-0.06941178265739889,-0.07120740840208939
2021-03-19,64.52999877929688,61.41999816894531,9.517041589250692,-6.239505307691678,-1.5332971169360494,-7.876792929050655,-8.734931822026407,-9.721019626161771,1.2107870483354173,0.019753476992938168,0.023666636149088482
2021-03-22,64.62000274658203,61.54999923706055,0.3260069660239058,-2.892308626285212,-8.308692438055242,6.74945039237549,-7.365809295872898,3.142376781225467,-3.3585221835235917,0.0013947616455562972,0.002116591859179895
2021-03-23,60.790000915527344,57.7599983215332,-3.5408705411750807,5.675835689707945,2.136939110802782,-5.203600955868195,7.1748993705916035,-2.698121595363883,-6.9011642932412816,-0.059269601799224136,-0.061575970146321324
2021-03-24,64.41000366210938,61.18000030517578,5.903723895374073,1.0845302826403334,7.619460112793149,-6.10083457002739,2.675665694945753,2.229897054383983,6.980690265669459,0.059549312256341524,0.05921056237925115
2021-03-25,61.95000076293945,58.560001373291016,-4.583354974758516,-9.895407729141745,7.658296330374444,0.09822902500278552,-4.935976732600467,3.9206281397822735,0.4319902598224328,-0.038192870040420046,-0.042824434763252484
2021-03-26,64.56999969482422,60.970001220703125,-1.2205715858872779,5.219815200561877,3.1809082026446482,5.37494262725026,1.1059165065636272,-3.1504956162739166,8.665528247581335,0.04229215334331582,0.041154368013920584
2021-03-29,64.9800033569336,61.560001373291016,-8.430872373154681,-9.293772901195219,-5.775363370541379,-8.761069628420241,0.5515924485070087,-7.8407510377832885,6.12033009206138,0.006349754747516867,0.009676892582832108
2021-03-30,64.13999938964844,60.54999923706055,-9.49298513169085,4.914675654624643,7.259936627177442,1.5361583927651168,3.1087195688132248,-8.607082645034687,3.8594358754733467,-0.012927114864415001,-0.01640679197042183
2021-03-31,63.540000915527344,59.15999984741211,9.252968293558503,-5.950388796695252,7.721868706264164,-7.615791143188533,-5.336248911567674,1.7787204512509565,-9.899489932693761,-0.009354513249620111,-0.022956224726055297
2021-04-01,64.86000061035156,61.45000076293945,6.719602410244118,9.161469602387605,-6.066928300940826,-9.27077898348763,7.288059743887953,0.4131070746822303,-1.4435308672350011,0.020774310289656484,0.0387086024583132
2021-04-05,62.150001525878906,58.650001525878906,3.9194841218739604,-2.6411849739583104,4.7485217154135455,-8.945120956755652,-3.812628758399743,4.84402018242265,-6.0502743669593535,-0.04178228583057009,-0.04556548742549782
2021-04-06,62.7400016784668,59.33000183105469,-1.8209411117146033,-3.461367673238418,-4.269609021457541,6.683282164168826,3.8826330795247372,0.19471020007874174,8.215958220977356,0.00949316392763433,0.011594207800246004
2021-04-07,63.15999984741211,59.77000045776367,-6.534113598583085,-7.022238993351106,6.052806247058594,-7.640550327438769,-9.677507072555702,-1.5510841993824176,-6.508320306472795,0.006694264547485007,0.007416123599016666
2021-04-08,63.20000076293945,59.599998474121094,-6.871259146578279,-3.887915690195703,9.944757998072053,-9.09697271175416,-2.5468574021170554,-2.0382564352753825,-4.27879896681429,0.0006333267198224135,-0.0028442694050623274
2021-04-09,62.95000076293945,59.31999969482422,-4.995142036708094,7.533015236564012,-9.399479893412144,-1.2420022571417544,-2.965803640823834,-9.47106194804665,0.33673535468998317,-0.003955696154779198,-0.004697966215862492
2021-04-12,63.279998779296875,59.70000076293945,0.984533294122409,9.926686752544946,7.947317315818637,6.879869438840494,0.8696885716602907,-3.2888559660668566,-4.732727620038415,0.00524222418360476,0.0064059519566785905
2021-04-13,63.66999816894531,60.18000030517578,4.291918454001246,-2.6338093898630337,2.4526106719731615,-4.751832470213961,-8.545274764456071,9.520403150489884,-5.802706454417576,0.0061630751765442415,0.008040193234541748
2021-04-14,66.58000183105469,63.150001525878906,3.2039475343546258,-1.0277873809091496,9.467652383296425,-1.565747649481672,5.802627474522167,7.471111524541776,1.9819865020550491,0.04570447221292229,0.04935196420143062
2021-04-15,66.94000244140625,63.459999084472656,-4.401322061081143,4.441418764054742,-0.6998096494714474,-9.201549348724976,-5.644383964648629,-3.4124386593156464,-8.221409544899522,0.005407038156368005,0.004908908172657878
2021-04-16,66.7699966430664,63.130001068115234,9.097305613263881,7.723915609301489,6.947758611427474,-1.0184297173024817,3.540756297640204,1.755908101327444,-8.836644825581505,-0.002539674217798993,-0.005200094880527084
2021-04-19,67.05000305175781,63.380001068115234,4.757938333915369,1.8608866837356821,-8.752118628034456,1.552261612742674,6.064242464881865,6.94593491070988,-2.5550940962785713,0.004193596267321187,0.003960082302711498
2021-04-20,66.56999969482422,62.439998626708984,1.0870810502280133,-2.1694860364434128,-3.294418998434086,1.4181410750428967,1.2375391248302634,-1.1745132649986267,4.413289090157246,-0.007158886429327493,-0.014831215297645972
2021-04-21,65.31999969482422,61.349998474121094,2.2344149246870444,-1.7475631830275251,-8.6596692449758,-3.3514661565126964,4.81766413443971,-9.64084272499698,1.0961351654789588,-0.01877722706519991,-0.01745676131584084
2021-04-22,65.4000015258789,61.43000030517578,-1.6079987514442013,3.912362929936137,9.506862669581409,-3.68933638673729,3.2372062443001113,-8.509790763627198,-1.5424706306644236,0.001224767780594771,0.0013040233585079886
2021-04-23,66.11000061035156,62.13999938964844,-5.045380209976851,-9.935634727914426,6.339478145436736,-7.867527621268042,-2.8894040569598474,0.2078544269741318,1.3150312844916474,0.010856254860968306,0.011557855786187288
2021-04-26,65.6500015258789,61.90999984741211,-2.8805464269747683,2.3917867491968146,7.050948424919412,-2.6640335870746323,6.177170780671307,9.388787513517567,-2.6909703069345277,-0.0069580862233517005,-0.00370131227060555
2021-04-27,66.41999816894531,62.939998626708984,5.156922209287382,-2.890139791172852,8.759304628677885,-8.010106622540707,-4.105972602289441,3.8641908443773545,8.722926708642259,0.011728813787808878,0.016637034111379068
2021-04-28,67.2699966430664,63.86000061035156,-9.712130227404883,5.883946625541686,-8.297930277604292,5.331918894241031,1.424258355030343,-8.58167617122861,-8.901902181784514,0.012797327575334139,0.014617127481985293
2021-04-29,68.55999755859375,65.01000213623047,-7.678547189861675,-8.140187203537357,-2.288048149733333,9.325485954963717,4.907954782830791,-6.212782484162744,3.467829580596703,0.01917646766614345,0.01800816653441273
2021-04-30,67.25,63.58000183105469,-9.079947159564945,1.7640453389678097,-8.579302219119958,9.401489133334138,-2.4208818037498485,5.426462864337001,7.825653296555011,-0.019107316295835397,-0.02199661987672563
2021-05-03,67.55999755859375,64.48999786376953,-9.185423953620598,-0.38054220227752467,-5.784137968999428,7.301421987507876,-3.944647847651499,6.828795199124894,6.077694174705069,0.004609629124070702,0.014312614131922974
2021-05-04,68.87999725341797,65.69000244140625,7.109211680220145,2.846510518104548,-5.412684459246552,2.015842986792382,-0.8130797965435459,2.3538917237718167,-6.319179303571065,0.019538184466028286,0.01860760765059477
2021-05-05,68.95999908447266,65.62999725341797,4.073157187600474,-8.702928110340633,-0.6178557790484263,4.017313944877598,6.359269886983071,2.888463392596332,-4.081473020394233,0.0011614668154000807,-0.0009134599750061367
2021-05-06,68.08999633789062,64.70999908447266,-0.5165234182534952,1.5996757485626247,-4.628756650927148,-4.295883946391719,8.598435262913295,-9.433250992332308,4.340958774142095,-0.012616049276861552,-0.014017952269492095
2021-05-07,68.27999877929688,64.9000015258789,-8.04331678697997,1.2296917591904748,-7.980437863644778,2.615408403452413,0.9016682571978034,6.570605191630172,-8.314588816384688,0.002790460443901077,0.0029362145587148447
2021-05-10,68.31999969482422,64.91999816894531,-0.1676824976633533,1.2132018883234181,-6.650178218117846,-0.8870090112024513,3.2293241064730367,5.765504163416592,6.237233996651682,0.0005858365003292842,0.0003081146779084776
2021-05-11,68.55000305175781,65.27999877929688,-0.5305645843886868,2.069753331929096,-7.054488728958182,-0.35965320446134896,8.065472444778283,-4.819297117933057,4.378138892095807,0.003366559689124582,0.00554529606446863
2021-05-12,69.31999969482422,66.08000183105469,-6.535962601799696,3.5293587445272436,9.461535958245967,5.155531207503159,-8.029062971741151,4.173534399310139,4.592132984706851,0.011232627407544049,0.012254948938686727
2021-05-13,67.05000305175781,63.81999969482422,-1.3229670152405397,6.099779993615396,5.185850138369473,-4.361632888054967,-5.358428442676699,-5.702907871500038,-7.995172594648173,-0.03274663377178144,-0.0342009999032471
2021-05-14,68.70999908447266,65.37000274658203,-2.0299053120525308,-4.603585597435713,9.35522930539124,-3.6392077661096023,4.178000125031648,-9.19339677896974,4.355210896324618,0.024757583253701698,0.024287105283134602
2021-05-17,69.45999908447266,66.2699966430664,2.3170019610443298,6.500988203601242,-1.2051902698418289,8.492835822572733,6.474889238245993,-5.9772691481924545,3.5963625043993996,0.01091544185698412,0.013767689439655673
2021-05-18,68.70999908447266,65.48999786376953,2.7018730173528756,-0.034886354730927494,-4.432630366746868,-8.875514102980555,7.140580566611558,-6.4274224649140095,6.6184498164370105,-0.010797581484098484,-0.011770013864614959
2021-05-19,66.66000366210938,63.36000061035156,-9.09391980455911,-8.458834417313376,5.9658639441837344,-0.28731403173319237,-1.697856462901349,-3.245040065303055,-9.16808087487061,-0.029835474453186905,-0.032524008595155696
2021-05-20,65.11000061035156,62.04999923706055,-2.5077477074705756,-8.828981415120417,-3.4749216391770643,8.256016008157236,-8.213201954162663,-1.6310100564908385,-9.537786630644156,-0.023252369736049938,-0.02067552652575244
2021-05-21,66.44000244140625,63.58000183105469,2.5171983142847267,-3.3152336260787845,-4.012332525893035,2.207260156363141,-1.2443704540076013,0.17077782995415802,-2.539858002428785,0.020426997674505287,0.024657576354655486
2021-05-24,68.45999908447266,66.05000305175781,0.06272517160175362,5.697939542229351,-5.349880155843376,0.9281414842426408,-5.385308195858924,-0.4649224898334374,-7.024234323016943,0.030403319819981123,0.03884871263870715
2021-05-25,68.6500015258789,66.06999969482422,7.129796823766444,4.153618694818315,-7.406420435515293,-5.005116415412896,-4.176070900067517,-4.586507880694213,1.1676895514044379,0.002775378965047981,0.0003027500702874608
2021-05-26,68.87000274658203,66.20999908447266,3.1738726323789006,5.772299293448128,-4.870738779664681,-3.1344902187110346,5.445351136750116,-9.41658662851851,8.346978030134977,0.0032046790358801758,0.0021189555062068877
2021-05-27,69.45999908447266,66.8499984741211,-6.741311458371406,0.3453811288321873,-2.893605030522246,7.04096831609386,-8.489458279482262,2.1020324447430134,-2.170405393319685,0.008566811592292334,0.009666204478147034
2021-05-28,69.62999725341797,66.31999969482422,-8.588625051991404,-1.1960200408901898,3.4798841629146082,1.1843626353691619,6.551624349614041,-2.085103403052912,6.899007545452083,0.0024474254417794494,-0.007928179377626243
2021-06-01,70.25,67.72000122070312,2.8483855641263123,-7.0509494658743215,-8.748703155610968,0.29484387513559795,-1.446618283516619,-4.026556852249006,-9.995182509642671,0.008904247752955285,0.02110979391316503
2021-06-02,71.3499984741211,68.83000183105469,-9.469773789167563,-3.4361449278137695,-5.789861206693141,-8.00840572919942,1.9212786220119007,7.338820856610248,-6.629707130816316,0.01565834126862775,0.016391030572105336
2021-06-03,71.30999755859375,68.80999755859375,1.715511625469265,-1.3196126765224943,6.180472805833528,-9.679436870897538,-8.20695537528642,4.934866155963196,-9.391529206918287,-0.0005606295218332225,-0.0002906330368847021
2021-06-04,71.88999938964844,69.62000274658203,8.804604828499151,-8.227991406407655,-7.061561528324585,9.273703773740984,-3.252818432854408,7.155310967448845,-3.4370563896986273,0.008133527568530807,0.011771620647109238
2021-06-07,71.48999786376953,69.2300033569336,1.50948355751758,-5.587760945775775,-3.1470970695495692,-2.4602766542631667,-8.205981619703085,-0.10034410575078034,8.163791913930055,-0.005564077469397022,-0.005601829564242378
2021-06-08,72.22000122070312,70.05000305175781,-2.236601475869562,1.9645058812747767,7.293178437162801,2.0642612419900868,9.230874457622193,-7.38137495746445,-8.060957528020245,0.01021126561403296,0.01184457106836323
2021-06-09,72.22000122070312,69.95999908447266,2.8657643688470635,4.713262284783797,-6.901493777131147,-8.4056985362543,6.145232986525009,3.924428722425448,2.1281955348760064,0.0,-0.001284853152949239
2021-06-10,72.5199966430664,70.29000091552734,-0.8349421901696665,9.966950227858995,-8.345263287636202,3.662285714460932,-0.8073449128707963,-5.878524401256495,-0.9700812176111171,0.004153910513605474,0.004717007366684234
2021-06-11,72.69000244140625,70.91000366210938,0.9123357863186996,8.662266626871155,-0.3092400983997834,8.651334174119217,-5.527949033526578,-1.1754066181656633,8.76936424731625,0.00234426097916951,0.008820639330011204
2021-06-14,72.86000061035156,70.87999725341797,8.829296175530502,2.85130399070383,-3.951609774429272,1.5133050599483937,8.669102104997044,-8.69998422102223,-7.549617149258124,0.002338673314564055,-0.0004231618550520899
2021-06-15,73.98999786376953,72.12000274658203,-2.2779472439845154,-1.5750389341185596,1.2681672896770824,-7.477693552491789,-3.1080680854605642,6.506168048459649,-5.759442989955421,0.015509157891187675,0.017494434836540007
2021-06-16,74.38999938964844,72.1500015258789,9.223811276478283,2.7235472941646535,6.076097809669502,1.6344305494695348,-6.780311366252505,-7.481187179049988,-9.409160627770135,0.00540615674317757,0.0004159564358627854
2021-06-17,73.08000183105469,71.04000091552734,8.107012839121275,5.71303236160464,-7.257030236945137,5.326944262093047,1.2632877690790973,8.061950140986195,-1.321295007372525,-0.017609861128403792,-0.01538462351873171
2021-06-18,73.51000213623047,71.63999938964844,-6.084177304214071,-7.633276181532254,1.6139816910856997,-1.8716692685196268,8.875482406896321,7.2846120452311425,-4.443342008706914,0.005883966809002716,0.008445924357947998
2021-06-21,74.9000015258789,73.66000366210938,-8.612773982496691,-1.8019022060742351,0.11017520779727796,7.596754958829358,-9.923394189993548,-0.7083447112150782,7.398118677806419,0.0189089831214051,0.02819659812494102
2021-06-22,74.80999755859375,73.05999755859375,-7.984439972451467,6.7960457127123455,-7.118424279736009,2.97365906714729,-5.237503134920026,4.887364086079813,2.0988162639551007,-0.0012016550794602399,-0.008145615988127686
2021-06-23,75.19000244140625,73.08000183105469,-9.635563486969005,-2.3233409613391203,2.479969710579649,7.984978365784052,8.768952808208152,2.388901476363065,2.2818147595140346,0.005079600256835626,0.00027380609265548195
2021-06-24,75.55999755859375,73.30000305175781,-8.111140784881432,1.4374454245437303,-4.527191642784567,2.4701062249467434,-6.578280662856759,6.061512846754898,0.6382139376260483,0.004920802037156946,0.0030104161903514726
2021-06-25,76.18000030517578,74.05000305175781,3.6601354683271374,1.755387217243964,-0.24331362911975063,-7.374240559903516,-7.735130967203602,-1.3638979842817598,-8.16299325541598,0.008205436297178847,0.010231923175643143
2021-06-28,74.68000030517578,72.91000366210938,-8.57622703079542,-6.310474937327212,-8.354553514458763,-3.8061657778962177,1.4037443159960894,5.716169684886999,-1.0996263254928955,-0.01969020732463933,-0.01539499449921189
2021-06-29,74.76000213623047,72.9800033569336,-3.6204873941247744,-2.7552911669542324,-0.8083188557275385,-5.964101034950861,7.2368764658965965,-0.7508636586970407,9.99010379417033,0.0010712617933552604,0.0009600835455807477
2021-06-30,75.12999725341797,73.47000122070312,6.89750621938909,-3.309774225161357,-3.870730639143593,8.176529954337248,-0.4578036461214765,8.819315756855875,6.7045858169202965,0.004949105224920647,0.006714138684990489
2021-07-01,75.83999633789062,75.2300033569336,-9.534561285283482,-9.476065829358705,6.447624223707088,5.208001345749654,9.891285133690495,-0.2725579834970482,7.869181083342319,0.009450274330209174,0.023955384605798935
2021-07-02,76.16999816894531,75.16000366210938,6.289369651778717,-9.516164722172896,-8.860425460052635,3.5279673782001204,3.5834339907598576,-0.7476145613254097,6.464527184929988,0.00435129017655056,-0.0009304757636671157
2021-07-06,74.52999877929688,73.37000274658203,-4.362904504532001,6.633940873515471,-1.6278545016334007,-3.9806736073675664,-8.518501855791046,5.701437231270255,-7.939166131380347,-0.02153077890340649,-0.023815870520370153
2021-07-07,73.43000030517578,72.19999694824219,-7.636703447566875,-4.538583800543751,-0.8313715173712399,-6.319104558995729,9.856642633639506,6.431553835216761,-5.451034918704007,-0.01475913715467081,-0.015946650600259793
2021-07-08,74.12000274658203,72.94000244140625,3.9347433072830125,0.36157532477630916,4.500121525982374,5.129021759778237,-1.8421152643961918,1.0897822864234143,-9.937566972871807,0.009396737553296841,0.010249383995051264
2021-07-09,75.55000305175781,74.55999755859375,2.5788569355976794,-4.025488528224539,1.48575150180422,-0.5168410824184058,-4.251949323090349,-6.404043730098492,-3.9297975024377703,0.019293041718643655,0.02220996795947272
2021-07-12,75.16000366210938,74.0999984741211,7.549440270541059,8.813584902306811,3.3442467438836214,-5.484208956987418,1.1575836715577115,-0.6448353808484093,-7.827851953070148,-0.005162135988019179,-0.006169515819942961
2021-07-13,76.48999786376953,75.25,4.701420876077716,-4.814064822684525,5.540985713035123,2.3324395633055026,-3.9138481635827134,9.361450058193569,-0.5441330939683393,0.017695504747968105,0.015519589062886974
2021-07-14,74.76000213623047,73.12999725341797,6.06961860769697,-1.4068637452212975,7.244059473163777,-9.193322957230961,-8.270849857596954,5.059723860783702,3.542549771478038,-0.022617280374621296,-0.028172793974512
2021-07-15,73.47000122070312,71.6500015258789,-4.35930854857387,7.454605009692038,-3.7224900655505895,-3.47659491743493,-9.971433138416465,6.223252077582643,7.490105900761542,-0.01725522844657834,-0.020237874786326326
2021-07-16,73.58999633789062,71.80999755859375,-6.451209124405544,6.838671335836175,0.7604541072780595,-0.6288601081773066,-1.0083329415947535,-9.343490023615198,4.9843433018179635,0.0016332532352494322,0.0022330220419752855
2021-07-19,68.62000274658203,66.41999816894531,5.012295032817168,-6.277971643074453,6.802161568783998,-7.040833317811883,6.737268444531846,-0.6428107473168012,8.771711915570105,-0.06753626632197018,-0.07505917801000395
2021-07-20,69.3499984741211,67.41999816894531,6.136694785345281,6.052866195914209,9.789022619301129,9.69308955181679,1.4463037126015301,2.932422673151107,-8.922034192124224,0.010638235183915379,0.015055706527669743
2021-07-21,72.2300033569336,70.30000305175781,9.810102840013467,-0.8362622652421479,7.790386220875263,-5.8180527082077145,9.984145978868817,6.600653672561492,-9.756403291669171,0.04152855005306466,0.04271736815530014
2021-07-22,73.79000091552734,71.91000366210938,-1.7476464617714704,-0.3406225582928961,-2.5706547475124637,-7.39293739913469,-4.263067087056001,-9.014526928344571,3.226762276724253,0.021597639292425752,0.022901856905556794
2021-07-23,74.0999984741211,72.06999969482422,-2.559638284144336,-7.330400551681125,-6.096669655626991,-5.929302522262072,-4.390898704798893,7.048777712837463,-4.2129517955550755,0.0042010781236963,0.002224948193114251
2021-07-26,74.5,71.91000366210938,5.528259214839936,-8.387969724857507,-0.21214925186822597,5.381222663194485,-6.805010795321116,0.9680187348382336,-4.929979677884537,0.005398131364585668,-0.002220008788571315
2021-07-27,74.4800033569336,71.6500015258789,-3.183929194939643,4.558786139475304,4.832829036720845,-1.4898868145631443,-6.718728234693296,-6.053720588478802,-3.382258246124115,-0.0002684113163275992,-0.00361566017229209
2021-07-28,74.73999786376953,72.38999938964844,8.615146512071295,-0.0707769528940041,-0.14861858493404867,1.3083187950507593,-4.296268079799043,-3.654895671006,-4.604078842152717,0.0034907961213421768,0.010327953217171393
2021-07-29,76.05000305175781,73.62000274658203,7.168255036860238,-1.262985947696409,-0.3363827337266301,-9.579816860272786,5.856800905470543,-4.361408964968785,0.2287281260317453,0.017527498333302916,0.016991343656641567
2021-07-30,76.33000183105469,73.94999694824219,-1.420119452499634,4.590164573047934,6.764608421636012,-9.311373828533709,8.115135812728958,0.6171806857695152,-1.1970310555173498,0.003681772098106384,0.004482398659995557
2021-08-02,72.88999938964844,71.26000213623047,5.017421355829947,5.310257979822195,-2.7719244186562726,-1.0834890034596771,9.501743394153625,-8.966286401777364,0.2485710275331261,-0.04506750109898061,-0.036375861028019485
2021-08-03,72.41000366210938,70.55999755859375,5.0908574816936465,-6.821836646612929,7.195893496232912,6.333104864032471,-5.354206918070947,-6.829276830001529,3.4542722300087227,-0.006585206908469643,-0.009823246655234374
2021-08-04,70.37999725341797,68.1500015258789,-7.937522623281348,2.204502989552825,-1.863903980965528,7.704777574151304,7.625950912281834,6.253860867515648,-2.2573898205770337,-0.02803488891071093,-0.034155273754276405
2021-08-05,71.29000091552734,69.08999633789062,8.051058133591333,-7.292918354446289,-3.435337886433212,-8.265868648087196,-3.434898214453259,-7.347920185063779,-4.973846257156865,0.012929862142970983,0.01379302701342966
2021-08-06,70.69999694824219,68.27999877929688,0.10504744895714246,5.027501720580913,-0.9202017760060208,0.7672620420204552,-7.743189109662312,-5.332074610837461,-6.675989263825091,-0.008276111091431448,-0.011723803756369944
2021-08-09,69.04000091552734,66.4800033569336,6.529149322154833,3.139103125342791,5.248939173497369,8.26459372558541,7.400498510403313,-0.9325878879168528,-3.01051760934749,-0.02347943570535216,-0.026361972093488895
2021-08-10,70.62999725341797,68.29000091552734,-3.599007979387765,9.13229242166916,-7.479959442720114,-2.2405449120422727,2.722112692872372,0.34241776226661,4.836129504923441,0.023030074113643773,0.027226195354952187
2021-08-11,71.44000244140625,69.25,7.9104645699240095,-8.620839672871575,-6.071615682559653,6.591316628567373,-6.705382078378765,5.272209592283172,5.134098202229392,0.011468288538678761,0.014057681528810484
2021-08-12,71.30999755859375,69.08999633789062,-2.215966425316738,-8.858905576974914,9.028896513261838,-7.3260869120112755,-1.403374849739949,-1.0533514666762436,3.3381077336842058,-0.0018197771328343215,-0.0023105221965252776
2021-08-13,70.58999633789062,68.44000244140625,-9.783246970394032,-4.3562585061359975,-6.4901674523728525,8.707889793355974,-4.254846102458647,5.797292420710775,-5.319436493862508,-0.010096778086572167,-0.009407930683705934
2021-08-16,69.51000213623047,67.29000091552734,8.107639528385274,-4.765886325281881,1.354546358621091,5.0284663506260525,4.7358913742039395,2.3669261409091487,1.7617249170939537,-0.015299536162186267,-0.016803060854117646
2021-08-17,69.02999877929688,66.58999633789062,-8.174266464277329,-5.060424018560004,1.5862893332387564,8.826687855738033,-0.9316753875146393,-7.738005211523551,1.4137932315369603,-0.006905529307751235,-0.010402802319998017
2021-08-18,68.2300033569336,65.45999908447266,-3.6137272481917027,8.125091610420732,-0.20751075899510418,3.5323446710501294,9.785598902127699,-6.873371232143228,-0.3146760378054907,-0.011589098022745659,-0.016969474629254244
2021-08-19,66.44999694824219,63.689998626708984,9.001239341016099,-5.009076003009878,2.8949049715363717,-2.7319213600114605,-8.905100354808098,-1.2593254910045832,0.9995797276772844,-0.026088323627651122,-0.027039420753421917
2021-08-20,65.18000030517578,62.31999969482422,9.012142938751122,-4.56100547742738,-5.403465484047631,8.76362345049445,-2.8996946772750665,-2.0622121382192082,-0.16418734752663866,-0.019112064731253597,-0.02151042489283783
2021-08-23,68.75,65.63999938964844,1.4687577624657226,5.187965248359275,1.0532453555349637,-4.4886644738164305,-0.36199665780045187,4.870885392745892,1.3091273214821637,0.05477139733214664,0.053273422835076634
2021-08-24,71.05000305175781,67.54000091552734,2.6367442433959845,-1.0052031509891997,-2.5565348950620574,-3.3565495587653498,0.06267109496639556,1.6147427959470377,4.310119092422575,0.03345458984374994,0.028945788292900954
2021-08-25,72.25,68.36000061035156,-1.031089560433605,5.534211139103624,3.23334519258378,4.016168360034806,-3.6812835522872644,-2.2373383799550144,-7.807436111931205,0.016889470748763014,0.012140948826012021
2021-08-26,71.06999969482422,67.41999816894531,-4.135784566038709,-8.692676848712296,-7.175529132537011,5.306325990507725,4.584804981951361,-6.584794330992287,4.992515042980475,-0.016332184154682072,-0.013750767013069765
2021-08-27,72.69999694824219,68.73999786376953,-3.4267090926016808,-0.24857612653231342,1.4175483367895243,8.588069676983075,7.494941469779494,-5.463257953490097,-7.2822769974481165,0.022935095826891905,0.01957875601711656
2021-08-30,73.41000366210938,69.20999908447266,3.450369121540769,-9.327727996334348,-6.294592892333526,-5.90395181887581,8.77438603955726,1.5100203693811807,-8.667440031792506,0.009766255071133934,0.006837376131936912
2021-08-31,72.98999786376953,68.5,5.0474905887536,-8.74693593089291,-4.427138737699272,5.9599607043844784,6.101867535990525,-1.5312239020041503,9.521593724429351,-0.00572137007747664,-0.010258620052950529
2021-09-01,71.58999633789062,68.58999633789062,5.83158087451697,8.128749066888219,-5.6258039935283355,4.77092106793927,7.011603946131988,0.2985501772134409,9.13983537740883,-0.01918073115294383,0.001313815151688047
2021-09-02,73.02999877929688,69.98999786376953,5.792362855891078,-7.215092577648097,-6.343244402623657,-8.724108874928042,1.0109060123999107,-6.586451293955326,-8.79126910118872,0.020114576268585482,0.020411161986103155
2021-09-03,72.61000061035156,69.29000091552734,-8.175877939026194,0.6484136455043412,6.51421903121334,-2.255537175795861,6.51776452853629,3.2581250468913154,-1.1349311705007565,-0.005751036231214868,-0.010001385478031866
2021-09-07,71.69000244140625,68.3499984741211,-0.11159390594837149,-1.7780879479858687,-4.285848646782194,-4.344690858798028,-3.929921817040956,7.05077481711934,-6.275101234004506,-0.012670405745929036,-0.013566206220032018
2021-09-08,72.5999984741211,69.30000305175781,-8.848824799667113,-3.053133474823147,8.542475637288987,-3.9101915129193916,-2.0304247578157124,-4.841209864261988,-0.2931020573116392,0.012693485865879373,0.013899116296197223
2021-09-09,71.44999694824219,68.13999938964844,0.9905776464747102,7.99666691374545,9.398530506903818,9.658937591094016,-3.661739723629114,-0.16971548336346842,6.603544859991747,-0.01584024173621479,-0.01673886884597986
2021-09-10,72.91999816894531,69.72000122070312,-1.1693899725324606,-9.56353206449021,1.4252093987419467,2.8555482695985575,-0.6522532910414913,9.510546580418037,9.012235494857805,0.020573845815108793,0.02318758211340266
2021-09-13,73.51000213623047,70.44999694824219,7.754083655165996,3.275793723511782,-7.139977546685472,4.353523155869992,-4.288407675227273,-3.3351651889854477,2.6850530690307473,0.00809111330362633,0.010470391777937849
2021-09-14,73.5999984741211,70.45999908447266,-2.9816997489584267,9.267888684271007,-2.509035132408375,9.532352746300184,9.232228845088937,1.9009268984752232,-2.921886655763659,0.0012242733679130868,0.00014197497038659357
2021-09-15,75.45999908447266,72.61000061035156,-7.658659671447882,1.2033636692368397,5.954645266964281,-2.4559643508472266,-3.7431074398866375,-8.196085995995112,2.0665113128919685,0.025271747947190004,0.030513788728570912
2021-09-16,75.66999816894531,72.61000061035156,-7.140166358943283,8.736449240661837,-2.6521854260585904,6.03680336905612,-8.039109237781204,2.120300049588863,-3.7599738778309932,0.002782919255506222,0.0
2021-09-17,75.33999633789062,71.97000122070312,5.230212634349446,-8.954842414279526,-8.259655633944226,-1.3093807339100927,0.5363433210082675,-8.207364533907642,8.196472816641208,-0.004361065667239816,-0.008814204438351125
2021-09-20,73.91999816894531,70.29000091552734,2.364361266325222,-1.6241336185167725,1.1356982185637587,7.390673436299593,-8.858018431096472,9.184708706476442,7.408009262116739,-0.0188478661795628,-0.023343063452561208
2021-09-21,74.36000061035156,70.55999755859375,-7.977546477544195,-4.796844180758977,6.902417029920695,-6.386849173773936,-7.78913667382839,4.313253041446227,1.1646350055932189,0.005952414127508687,0.0038411813849723586
2021-09-22,76.19000244140625,72.2300033569336,-8.317863877700052,4.616419299614595,5.918527742870047,8.95372354128559,-5.612212216075074,5.763195762714128,-3.504021692392789,0.02461002980142446,0.023667883448451832
2021-09-23,77.25,73.30000305175781,4.019382629182399,9.625941809944933,-6.497537197392935,-5.624565831782407,-0.7129950023571663,4.082087215432736,-4.132206488340433,0.013912554464202032,0.01481378437069547
2021-09-24,78.08999633789062,73.9800033569336,-8.544739872716129,-4.869398751115044,3.4552922882493338,-3.475589860381369,-1.3349813538194422,1.7945807215293144,-9.33164010589881,0.010873739001820315,0.009276947842630001
2021-09-27,79.52999877929688,75.44999694824219,6.437201185807126,3.083492029481489,-5.589914731287058,5.12384468213561,5.993837240055823,-1.0017443782898923,6.316417020505906,0.01844029336581654,0.019870147669719174
2021-09-28,79.08999633789062,75.29000091552734,4.1248445431299245,-6.0380473448051974,-5.635849308956555,-2.1248971686918665,4.789493077682268,7.167467595221247,-0.9923357392198398,-0.005532534240661802,-0.0021205571794071787
2021-09-29,78.63999938964844,74.83000183105469,-8.373024387162005,1.306605091432198,7.481435466103704,2.1642275353289335,-1.4736341201859737,9.13671335086126,-3.4973414319947116,-0.00568968224906341,-0.006109696890411187
2021-09-30,78.5199966430664,75.02999877929688,-8.30324571829616,-0.7213502662332765,-5.006620945195397,-1.108529978611429,-3.3259158484874014,-0.019276541918372914,-0.5777929000449227,-0.0015259759348094093,0.002672683995033509
2021-10-01,79.27999877929688,75.87999725341797,9.732791570023508,9.440106592630741,-4.735053069639776,4.847398741795637,-3.6706243187700283,8.630700983105239,6.374759809093039,0.009679090279196778,0.01132878166000495
2021-10-04,81.26000213623047,77.62000274658203,-2.514584084877594,2.170545453929332,-9.986932184774009,-5.4333749526277835,5.479901745880181,1.6666581997703496,-7.507715845849576,0.024974815683910467,0.022931016817949068
2021-10-05,82.55999755859375,78.93000030517578,-2.587157058662182,-3.0098725582636243,7.413380682510354,-8.83084025526246,-8.958551875574605,0.7676837379286638,7.153119764836546,0.015997974257788927,0.01687706148208612
2021-10-06,81.08000183105469,77.43000030517578,6.255991345150051,-7.718084302241333,5.851896264182695,-4.001412050538676,-9.743567009787883,-0.9103453408928672,7.950176702167081,-0.017926305369482254,-0.01900418084632438
2021-10-07,81.94999694824219,78.30000305175781,8.944971547677174,-6.975063425301309,2.5465787018135604,-0.5138267026313947,5.910887838532961,-5.814244769397603,8.934158300677765,0.010730082604096358,0.011235990483702496
2021-10-08,82.38999938964844,79.3499984741211,9.720021276457416,-5.493661400975299,5.005315278776845,-6.639598956146429,-0.4570724802190149,-9.925606783638816,-2.0502401515474444,0.005369157508134492,0.013409902700376897
2021-10-11,83.6500015258789,80.5199966430664,5.0675637051788325,-4.98066677319404,-6.959028651510164,-2.9040542068722264,-7.382377228928481,-5.169875462878775,-5.6571919192465625,0.015293144138422976,0.014744778720152008
2021-10-12,83.41999816894531,80.63999938964844,-2.4748082893816843,7.0123211568227575,-0.8335281082484904,-2.000339634128629,-5.288681308109975,0.1944634320713039,-2.5271836306660305,-0.0027495917840770767,0.0014903471384131173
2021-10-13,83.18000030517578,80.44000244140625,-8.329985666026625,1.2244557656504984,-2.975612253024382,-8.85216312623453,8.65007906194765,-2.400800954804949,-3.341758075371935,-0.0028769823667879058,-0.0024801209047115025
2021-10-14,84.0,81.30999755859375,5.542938318548735,0.46781822748732793,-8.12446947485967,1.66614496368409,7.19005951249796,-1.0302954399473236,-6.4769217499427985,0.009858135270687018,0.01081545363976355
2021-10-15,84.86000061035156,82.27999877929688,1.1680849947161,-7.704622562615651,-0.27739029570151885,7.686868559425751,4.195701004479451,9.61296439128099,2.1453334020297596,0.010238102504185331,0.01192966732048073
2021-10-18,84.33000183105469,82.44000244140625,-1.5155598150604739,7.202793866988699,8.414793006852708,-6.965141740938952,-0.35549539325346835,-2.994552586613448,-0.46751678982742284,-0.006245566527043223,0.0019446240214291421
2021-10-19,85.08000183105469,82.95999908447266,8.12708770189472,4.456286064169674,-9.19881761898611,1.9561602680302812,0.4064725238277145,-0.9563412127978417,7.314019846480072,0.00889363196626669,0.006307576754816191
2021-10-20,85.81999969482422,83.87000274658203,-7.776050353876974,-8.646632761999967,-4.170781730124123,3.294784098216926,9.504890705679173,-7.329688972943609,-9.357808390358835,0.008697670990169382,0.010969186019189614
2021-10-21,84.61000061035156,82.5,-0.14749791418281788,4.156701944595373,-5.849181275885931,-1.613306391614234,9.31540887768574,-9.040845351260247,2.8773585511025264,-0.014099266939820665,-0.016334836076273618
2021-10-22,85.52999877929688,83.76000213623047,-9.772927104651618,0.8707643468529209,-5.237066926686074,4.021951747285399,-5.694619084283314,5.508190291849893,5.258977570231222,0.01087339749803462,0.015272753166429842
2021-10-25,85.98999786376953,83.76000213623047,-0.626787160117475,-8.365493085064434,8.168691037587507,-1.7853691301797596,6.222091326106362,1.4136635014395722,5.189731383766141,0.0053782192334603796,0.0
2021-10-26,86.4000015258789,84.6500015258789,-8.873934486363254,-0.8339871694268712,-0.638618915314197,0.09274575954869846,-6.055146676659664,5.214096120877901,7.721479341910502,0.004768038984707568,0.010625589385741652
2021-10-27,84.58000183105469,82.66000366210938,-7.623641674638561,-0.3060742573990609,-0.6740117412036248,-9.85293910891146,-5.729250442320972,-7.002744022268967,4.580674856589882,-0.021064810910669807,-0.023508539018291197
2021-10-28,84.31999969482422,82.80999755859375,-7.649475064457903,-6.684509196734485,5.211512849105645,3.8344022826937767,3.5218606832915356,1.436575423653819,8.556201232953924,-0.0030740379593490186,0.001814588553582741
2021-10-29,84.37999725341797,83.56999969482422,2.984206042321272,8.913962940005646,-6.910155919901484,3.226853578894488,-1.8999780282490324,-4.927150513172489,-3.3468680035821707,0.0007115460010780339,0.009177661618607225
2021-11-01,84.70999908447266,84.05000305175781,4.920897585308467,6.999507429613239,-0.25469291799898386,-9.231982453473108,8.630888142130402,-5.438763661999602,0.06418833503086141,0.003910901182700766,0.005743728116386793
2021-11-02,84.72000122070312,83.91000366210938,1.667375301943192,3.380446746582166,-1.400295717578805,-2.6349978520973387,-8.219805302079823,-9.769479718940294,-9.718406734342187,0.00011807503646044104,-0.0016656678710912365
2021-11-03,81.98999786376953,80.86000061035156,9.243450969490837,-0.7540887799878568,1.9382138109331226,9.580636815833348,0.23051281618986152,-7.393185528618562,-9.860848253934176,-0.03222383519355354,-0.036348503380355335
2021-11-04,80.54000091552734,78.80999755859375,-2.5025884095259183,-1.764689168309829,9.991154065008772,-1.585268748627664,8.370430608862424,-3.814637770006093,-5.197467590969602,-0.017685046786455993,-0.025352498593666506
2021-11-05,82.73999786376953,81.2699966430664,-4.285758274362785,3.0194693430190824,5.388977881640942,0.038908102636835196,8.082273209590102,-7.6624247881812195,-7.983856057218295,0.02731558136620338,0.031214302254529258
2021-11-08,83.43000030517578,81.93000030517578,7.3719825637892065,0.9086373881381089,-2.042685939651456,8.19860316319437,-6.869415731685176,9.717168808218752,-4.795772641284928,0.008339406081957268,0.008121123284993814
2021-11-09,84.77999877929688,84.1500015258789,-5.528083229610948,-8.754537882362287,6.551061045480939,4.3452375173151285,-2.6672459980708707,-3.827347029520986,-6.459134109432052,0.016181211424942887,0.02709631651939448
2021-11-10,82.63999938964844,81.33999633789062,9.264450788812226,0.25005297540663385,-6.585832733750396,1.6414026224844704,2.382428000933924,-7.393521065953436,-9.429599503227035,-0.02524179547606953,-0.03339281208597611
2021-11-11,82.87000274658203,81.58999633789062,-9.756910506203674,6.12807234465679,-9.390726273820798,5.956093626821451,-6.812102304571956,-6.018353743440845,8.186082928120989,0.002783196498455043,0.00307351870242889
2021-11-12,82.16999816894531,80.79000091552734,9.39757653415278,-0.8152024480608393,-5.911032550714539,7.287325329119465,9.360443440914775,1.7540645668295305,-9.83553737222217,-0.008447020084907497,-0.009805067511588605
2021-11-15,82.05000305175781,80.87999725341797,-9.136801760988478,-8.960868448914631,-3.191768877714807,-0.8622385652546622,8.294986574553207,-8.719129522704229,4.721642886741709,-0.0014603276117979291,0.0011139539159645828
2021-11-16,82.43000030517578,80.76000213623047,7.822862273961423,5.725563987680662,0.21161514919119817,-0.4978327013632917,-6.660996419310616,7.248682602823138,-6.957042261609669,0.004631288717664717,-0.0014836192045299956
2021-11-17,80.27999877929688,78.36000061035156,0.5540221817259976,-5.972724357280512,2.3025828108239956,-2.278981286963284,-7.576890774780292,9.229993584742946,8.244592439992001,-0.026082755282288983,-0.02971770012871533
2021-11-18,81.23999786376953,79.01000213623047,9.859295922386007,-4.8275833022392245,8.212114344288434,9.334122800369212,-8.291830343834693,-5.065051586652382,7.855918791797716,0.0119581352649476,0.00829506790219492
2021-11-19,78.88999938964844,76.0999984741211,-8.524068705292024,-6.705872931354082,0.19708019100915308,3.9433250858070075,8.188873280732622,-0.9980946281828125,3.078022927385147,-0.028926619102843665,-0.03683082626794387
2021-11-22,79.69999694824219,76.75,1.0770856880264148,-3.3956987025700496,0.02551289251458755,-8.335538675838555,-6.127523804090784,-9.557310979410058,3.4446829960121033,0.010267430154144996,0.008541413126308406
2021-11-23,82.30999755859375,78.5,9.38605071238198,5.1350301137727,-8.995139803540358,7.2591924662603695,-1.674301429112905,2.8142044945444304,-9.893217160606229,0.032747813178042096,0.0228013029315961
2021-11-24,82.25,78.38999938964844,0.46195688340297636,0.38771719007874594,-9.301768946875523,-0.388801183274639,-1.022972686959939,-1.7214788389482223,9.697431322272042,-0.0007289218852307711,-0.001401281660529441
2021-11-26,72.72000122070312,68.1500015258789,2.5879727627052507,-5.902374516985748,1.0231992383274413,-8.624921871550251,1.9802208842713505,-4.598830677968886,7.5566520715162895,-0.11586624655680089,-0.1306288805140844
2021-11-29,73.44000244140625,69.94999694824219,3.9149737796923425,7.556601563040818,-1.2364277350331108,0.9943451032662214,-8.5652931250515,-5.8632577876678305,7.902124514601841,0.009901006719154726,0.026412257990629184
2021-11-30,70.56999969482422,66.18000030517578,-0.9091787046445354,7.591637099030585,6.783607899605972,-1.656714420485958,-5.4648276519896815,3.0804615531752084,3.1848907410174387,-0.039079556797017356,-0.05389559410354117
2021-12-01,68.87000274658203,65.56999969482422,2.551161601681269,7.41156850092014,-6.786408305763096,7.554988097252497,8.62980773837852,-1.6756593793537107,-3.10426142690927,-0.02408951332852094,-0.009217295369275735
2021-12-02,69.66999816894531,66.5,1.6862862384620048,-5.224075772369215,-9.500566757659008,-5.920107927812253,8.168202145371389,-6.40681421940176,7.8729729818096175,0.011616021351225969,0.014183320260853893
2021-12-03,69.87999725341797,66.26000213623047,8.023160209819778,-0.9752131163802389,-1.0192246413974821,6.529292189843659,5.625812948113843,3.782181629736481,-4.169661436976153,0.0030141967847252538,-0.003608990432624526
2021-12-06,73.08000183105469,69.48999786376953,-9.091072393170842,9.699793122817503,-5.25042886495485,1.153773823709054,-9.611975087635692,1.3014456607338722,1.2542308668440576,0.04579285494291008,0.04874729283736201
2021-12-07,75.44000244140625,72.05000305175781,-4.380736208155394,5.440249526199807,-9.007712533223252,-8.90779393573062,-3.4598646300779574,7.173441098589922,-8.005380553122352,0.032293384663664604,0.03683990886007793
2021-12-08,75.81999969482422,72.36000061035156,9.008229681531176,-9.456651575488804,4.491965736952579,9.436906026509693,2.5591747068581565,-7.6504820224701415,8.439112602655005,0.005037079018032964,0.004302533594218838
2021-12-09,74.41999816894531,70.94000244140625,7.805275677818326,-8.695908174790159,-7.76814000085505,0.25230488206399926,-4.496195764530486,5.713332038889122,-7.184590844575734,-0.018464805216485303,-0.019624076243335065
2021-12-10,75.1500015258789,71.66999816894531,-0.8868649442857404,-0.7213724637533439,2.1663900001554346,-4.18246291536835,8.191733901075548,3.4703357363451808,-5.502063885391855,0.009809236426966406,0.010290325661350463
2021-12-13,74.38999938964844,71.29000091552734,2.4026519560307342,8.184404117231203,-4.379004996662217,-0.6118631602148383,2.677789236648838,-7.699781263438044,1.1626831625642993,-0.010113135339974044,-0.005302040785911788
2021-12-14,73.69999694824219,70.7300033569336,-4.452376340377347,0.7740359590542845,-6.5300789928995595,7.1571556703497805,-8.561865653671088,3.896414597434415,5.281860004259631,-0.009275473142459356,-0.007855204816974215
2021-12-15,73.87999725341797,70.87000274658203,-6.237576805524774,-0.04374983931419507,-2.404969541613651,-3.90193751229873,8.18011177671406,-1.1690542224033926,2.387026118725979,0.002442338027533353,0.0019793493991784317
2021-12-16,75.0199966430664,72.37999725341797,-0.7260319012003578,-7.890526000867388,6.028915524459073,-6.146472070265993,9.15533316352445,8.899695711116863,-5.357321743996877,0.015430420032882308,0.021306539414643444
2021-12-17,73.5199966430664,70.86000061035156,-2.9329554394789437,3.135602094485881,-2.1581284619085466,-7.418575061382371,-8.44575163216549,-7.167772987642014,-9.981139149450193,-0.01999466898321478,-0.021000230737016623
2021-12-20,71.5199966430664,68.2300033569336,1.6731222370174414,6.442063212004509,5.015392984221114,-4.042812032195775,0.6472046972262984,2.8566678163147596,5.143011606148784,-0.027203483287816743,-0.03711539981321654
2021-12-21,73.9800033569336,71.12000274658203,-8.445307260700304,-2.3915998498487534,-7.490274064016987,5.600961740800869,-3.932714355716591,-2.3603990907410815,9.704146518221876,0.03439606864279221,0.04235672354477105
2021-12-22,75.29000091552734,72.76000213623047,9.48789615332333,5.51223701850655,5.455428393301583,-0.5674726960947662,-2.143218470371952,9.136293411817554,6.19826240612181,0.017707454706015202,0.023059608075271854
2021-12-23,76.8499984741211,73.79000091552734,9.724214889592059,9.289533078016234,-5.261333501867027,-5.4503679261292,-6.406975640893162,-3.4005020941944704,-0.795867636867694,0.02071985043995439,0.014156112548875166
2021-12-27,78.5999984741211,75.56999969482422,3.9632342803949037,-5.924670817446218,3.5478625977774563,-6.6763000078050165,1.5614420402482505,9.243718189836002,8.075345227982133,0.02277163350353617,0.02412249298295266
2021-12-28,78.94000244140625,75.9800033569336,0.7219273268824082,0.4665926238948259,1.3156310968199278,-3.3454104697924176,9.159587064977813,8.029717022014982,-1.8030465376329996,0.004325750303889597,0.005425481854771652
2021-12-29,79.2300033569336,76.55999755859375,-3.8094476742734447,-4.257240838308489,8.582894344233747,8.798487457714177,0.0614520054321801,-4.592335293786873,0.49868168486935005,0.003673687693924288,0.00763351113496924
2021-12-30,79.31999969482422,76.98999786376953,6.275900394138972,5.857088380676787,-2.25354964049372,-3.1394657481995125,-8.341708372110377,6.070835536528556,-0.4574046520863355,0.0011358870892026474,0.0056165140920581
2021-12-31,77.77999877929688,75.20999908447266,3.694623451077586,1.5518673176231506,-8.676696223311192,9.762481519092706,2.4000266695481685,9.91208403607012,-1.0475225466895015,-0.019415039352651875,-0.023119870485598715
2022-01-03,78.9800033569336,76.08000183105469,-6.747661213102174,2.6916483510060747,-9.616890288974941,-0.29539088469287655,-3.195540110974859,-4.946739956574353,5.503815385878115,0.015428189720621655,0.011567647349721266
2022-01-04,80.0,76.98999786376953,8.21854368987685,5.958283192317882,6.537171219455061,-6.416721634196982,7.118503791825958,-1.264456613533607,0.5353781453898403,0.012914618887223117,0.011961041151597351
2022-01-05,80.80000305175781,77.8499984741211,6.450744858463381,-2.0805905467509023,0.4947127532286437,7.822801835870187,-1.306437033670596,0.40361473133519254,-3.6656575594956786,0.0100000381469727,0.011170290092400004
2022-01-06,81.98999786376953,79.45999908447266,8.99599826583848,8.301801368140865,5.504881036698986,-0.7928925373034623,-6.143207821155087,-4.101377283922714,-4.836836646830434,0.01472765800824849,0.020680804648785633
2022-01-07,81.75,78.9000015258789,4.5143901677672,0.6605773449227996,-5.311487999769707,4.193426870090489,-6.177887546177101,-9.694703207079405,-9.245053660651333,-0.002927160263722639,-0.007047540461187607
2022-01-10,80.87000274658203,78.2300033569336,2.268303918715798,-6.84090354329304,-3.098325089735326,9.674231664183036,5.375283614423207,-5.597415116049467,1.6639032376609197,-0.010764492396550085,-0.008491738352191969
2022-01-11,83.72000122070312,81.22000122070312,-1.6351392741876225,3.9179823633760495,-9.397922555773622,-8.99649299360052,-4.688248033852802,-4.361262313164831,-5.400771691979315,0.03524172594691244,0.038220602524166036
2022-01-12,84.66999816894531,82.63999938964844,8.654569667080267,5.865227008765089,9.229846491482242,-8.066108804248657,5.34466788318446,-1.128005973636256,-7.037321559672338,0.011347311686460637,0.017483355671057854
2022-01-13,84.47000122070312,82.12000274658203,7.321277790008168,-3.664766458649467,3.357358134016268,4.409134829255123,-5.882253784668013,-6.577950431731963,3.0765992765535533,-0.0023620757360018896,-0.006292311797034489
2022-01-14,86.05999755859375,83.81999969482422,-9.095626597876212,7.143585139975059,8.664101755186124,-4.3634999340905605,-3.566272625973812,7.465087133833453,3.6241851564309773,0.018823207232308237,0.02070137471242295
2022-01-18,87.51000213623047,85.43000030517578,-9.47266051005496,8.122865095315326,-4.690071851418553,-6.313972060998019,-0.6902605512060127,4.098222654626722,5.043097845153319,0.01684876387138501,0.01920783364606682
2022-01-19,88.44000244140625,86.95999908447266,-2.4707326624390085,-4.461910252443822,2.229272224513217,-9.21276240360541,8.863916993869015,-8.29599044880676,0.07153792677183013,0.010627360101397532,0.017909385155464808
2022-01-20,88.37999725341797,86.9000015258789,6.211066615636657,9.67042945430444,3.5699993658527553,-9.563065760275965,8.634628495076491,3.0018490227986288,7.88109210407773,-0.0006784846939373868,-0.0006899443333189259
2022-01-21,87.88999938964844,85.13999938964844,9.74552258629889,-7.185769439024831,-3.649005994848231,5.489712062395817,-5.862562491554244,3.0731295281124087,8.726855067964557,-0.0055442167797824515,-0.02025318878396498
2022-01-24,86.2699966430664,83.30999755859375,-6.991662177929436,-5.9596866319502,6.962184700312601,-7.311331452609,-2.835619175138544,9.124423472872554,6.147418795849788,-0.01843216245115631,-0.0214940315265868
2022-01-25,88.19999694824219,85.5999984741211,1.8826143070427026,-6.315503215239477,8.943229258004955,-0.6455876805769822,-7.012012230924554,-9.939582572876775,2.7118696401637443,0.02237162837922635,0.027487708349970053
2022-01-26,89.95999908447266,87.3499984741211,-2.3821828673795693,7.879794200157409,7.697102353920087,2.1179363035896603,0.19970158626994206,-5.041351003883856,-3.9255809281762266,0.01995467343681745,0.020443925598071955
2022-01-27,89.33999633789062,86.61000061035156,9.398287956292066,3.0858510464992364,4.781339518787451,-1.4329639886230758,-0.7883489861066693,8.55582958750631,9.658898432404424,-0.006891982579944722,-0.00847164140465062
2022-01-28,90.02999877929688,86.81999969482422,6.842378462714173,-6.957914335554543,-4.450706405500919,-9.457866953275339,8.015203249014647,8.64267830796566,-4.517276656161233,0.007723331874747386,0.0024246516914070426
2022-01-31,91.20999908447266,88.1500015258789,6.766574094222758,-1.1935316326330199,-4.367679157887365,5.670030051758177,8.600107555821452,4.411728387412747,-5.946861560191379,0.013106745764470018,0.015319072054016392
2022-02-01,89.16000366210938,88.19999694824219,-0.6261368041005948,2.30596050139604,9.267206408920757,-9.789735509166931,-2.328652179854158,5.315266420950799,-1.1569177242683448,-0.022475555782702217,0.0005671630345758238
2022-02-02,89.47000122070312,88.26000213623047,-1.703609953246696,-8.330718300212334,-9.79431008128616,5.2377978875496805,-0.16524113962021048,-8.170340841407057,-8.86318858575223,0.003476867943708939,0.0006803309531120405
2022-02-03,91.11000061035156,90.2699966430664,-4.531858561385875,7.648327368146774,4.32099946484289,7.866089875762455,7.924724982922662,0.27751669556467284,9.569889293435814,0.018330159464320595,0.022773560595811926
2022-02-04,93.2699966430664,92.30999755859375,-8.872490066981458,6.072070708830704,4.124923251105244,-1.3432015788565543,6.1341561549012305,-5.3683401742200125,1.7686711283284957,0.0237075624875962,0.02259888103899721
2022-02-07,92.69000244140625,91.31999969482422,7.294447525101063,0.10413547153276426,2.453790818995948,0.7108494619559647,-9.926873773107015,-6.375639127727655,1.139041833283505,-0.006218443470945245,-0.010724709023430812
2022-02-08,90.77999877929688,89.36000061035156,6.258020182601552,9.342532305183408,9.802176921737317,-0.4603321476469251,-3.5988087163283495,6.206065982466651,3.115925597994398,-0.020606361115555916,-0.021462977343655654
2022-02-09,91.55000305175781,89.66000366210938,9.994353465722611,-1.6447804144980065,-3.762411284725495,-2.2158276275312243,-1.5645151612774821,-7.299237266389051,-0.05952704445586754,0.00848209168115277,0.0033572409322819574
2022-02-10,91.41000366210938,89.87999725341797,9.93273674147811,9.682206380729955,-3.200562724135036,7.748490707407207,-5.405674326335365,-0.6269672600722949,-9.35872965810917,-0.0015292122881666037,0.002453642452856286
2022-02-11,94.44000244140625,93.0999984741211,1.108634112052549,3.3583999760725405,-8.42121194106889,7.878670213399811,-6.008567682081225,8.77156479172066,2.246225776807936,0.03314734337498826,0.035825559847585176
2022-02-14,96.4800033569336,95.45999908447266,5.37974830361021,2.6934254650788283,-1.144037269125251,-3.283672707169309,-9.244309868086408,-6.283358888693149,4.323477539128612,0.02160102565428268,0.025349093974556425
2022-02-15,93.27999877929688,92.06999969482422,8.89531459764856,-6.6809020940843,-4.779029475303038,2.3013950802939593,2.8673945013952107,9.559868474764691,-1.665018787518937,-0.033167542146512075,-0.035512250389282185
2022-02-16,94.80999755859375,93.66000366210938,6.992947813548231,7.638555166092878,-3.1322659564471156,8.538151242917284,-4.7497941903366865,9.88575971522118,5.145911441423859,0.016402216973832706,0.017269512029492784
2022-02-17,92.97000122070312,91.76000213623047,-5.053037965136047,-1.450206241587697,6.691435805112555,9.241169978827031,-8.953056431373739,1.1123430936480574,-5.459974013231587,-0.019407197397652953,-0.020286156860866766
2022-02-18,93.54000091552734,91.06999969482422,-0.9891172937981292,-6.755331884350413,8.709690270549913,0.1791808084409503,-5.380413789438727,-6.597145196456841,-5.5744681786763195,0.0061310066402073815,-0.0075196428219546085
2022-02-22,96.83999633789062,92.3499984741211,-7.4168116969701,-9.74784960048482,-6.285338559896287,-0.9435038943134639,6.03827905672253,-3.677902241182087,-6.771660246248521,0.035278975732995654,0.014055109076382521
2022-02-23,96.83999633789062,92.0999984741211,9.081020545174447,1.1951136727676506,-2.549821368930683,-4.426113681429484,7.029783632930933,-1.510143346469297,-2.5601048042167633,0.0,-0.0027070926272950713
2022-02-24,99.08000183105469,92.80999755859375,2.123492689017601,0.547992442453527,8.572611242307882,9.1774374638082,-0.3386750961339473,-3.813515512835542,6.940240707781669,0.0231309952279255,0.007709002130680265
2022-02-25,97.93000030517578,91.58999633789062,-5.427143889930745,4.387072447383172,-8.763830786215546,-7.143713910542653,-1.6785865918262761,-4.387288402469684,6.5582412429812855,-0.011606797584035378,-0.01314514872099748
2022-02-28,100.98999786376953,95.72000122070312,3.434013688117135,7.805161060356042,-8.15278943777243,1.596591520954501,9.557073870035634,9.444594184327151,-2.343515840729924,0.03124678391767577,0.045092314094830055
2022-03-01,104.97000122070312,103.41000366210938,2.3625648091579166,-8.41186830713941,-6.744180215875413,-4.3489946496272225,-5.988706808238602,-6.932703451685088,1.7823747196047321,0.03940987663255946,0.08033851173565365
2022-03-02,112.93000030517578,110.5999984741211,-2.8367456393431905,4.629929806807247,1.9042566825374951,-4.419834193044068,-5.69281434290783,4.666558174337245,4.416326329498313,0.07583118026012481,0.06952900645381388
2022-03-03,110.45999908447266,107.66999816894531,-7.72884815600742,-6.251761118048355,-6.990554579880051,-1.9006282524762312,-4.1626564592720054,-9.991794211216503,-5.17586450743954,-0.02187196682925996,-0.02649186569257833
2022-03-04,118.11000061035156,115.68000030517578,3.4314639118559924,7.163541063143278,9.36152762901467,9.975858716313091,-6.544853634378254,1.923653388047537,-6.637178282105058,0.0692558536056902,0.07439400271616936
2022-03-07,123.20999908447266,119.4000015258789,0.40615401807586693,6.381270277233121,-1.0657094548295927,-8.900673863203558,-2.4126880359162683,8.318860079081048,9.44191986424622,0.04318007321789907,0.0321576868161253
2022-03-08,127.9800033569336,123.69999694824219,5.446367834712786,0.8158750997108868,0.03035920700332717,1.5708363640706295,8.216684539795075,-4.24131811813562,2.3511462641923693,0.038714425029665156,0.03601336153610757
2022-03-09,111.13999938964844,108.69999694824219,0.40327002223986774,4.20485597246623,-5.06682768389187,-8.348556839294456,2.306956812571485,-6.289480494845616,9.628314436673278,-0.13158308740091784,-0.12126111859385258
2022-03-10,109.33000183105469,106.0199966430664,7.043630006370801,-3.7129977363250326,-0.5807949513053305,-6.909583400189621,-1.7610690277547274,3.0335958975685386,-3.244880257355418,-0.01628574382340997,-0.024655017299143767
2022-03-11,112.66999816894531,109.33000183105469,1.0381367754897113,-0.5766420213437069,3.23827265274023,-1.208741164542026,8.688215891424296,4.252028145967863,4.060633999482629,0.030549677873890957,0.03122057435194936
2022-03-14,106.9000015258789,103.01000213623047,1.2187594307077259,6.432737954209433,5.023542739080856,0.20920262692882652,-9.030715350483554,3.760610379039626,-5.547927269175245,-0.05121147365614109,-0.05780663668688468
2022-03-15,99.91000366210938,96.44000244140625,7.533072053166901,-0.8146960565357215,5.07736165419826,-4.82415183270952,-5.794476441962773,-3.613662399572519,-4.775996574521741,-0.06538819236665172,-0.06378021122779332
2022-03-16,98.0199966430664,95.04000091552734,-1.9303426757520583,-2.844034693491164,1.557822253881767,-3.6708573825116764,1.31777210203518,-4.955951956813383,0.23804242539247866,-0.018917094883059704,-0.014516813463681721
2022-03-17,106.63999938964844,102.9800033569336,-7.319695430987185,-0.11575105499400173,8.087195499877144,-8.26065959488134,2.3110524638635823,9.118375999240882,-3.6076374898385755,0.08794126751474218,0.08354379592718453
2022-03-18,107.93000030517578,104.69999694824219,-9.42434647373322,6.564985048744369,6.348156946122188,-3.9356043231149895,-9.208849868747738,8.46599016539859,-6.647568723188311,0.012096782847999199,0.01670220950903456
2022-03-21,115.62000274658203,112.12000274658203,5.1027451134723805,-3.2958390525825454,5.140962293972509,9.331168787610881,-1.9392248418573566,-0.853667802143594,-4.74238596021348,0.07124990660300656,0.07086920739842895
2022-03-22,115.4800033569336,111.76000213623047,2.406191027069294,-6.524768137285124,-8.887889566390788,8.894147633449634,2.983079296617454,6.923877323087467,-9.285032110682707,-0.0012108578647528345,-0.0032108508877336517
2022-03-23,121.5999984741211,114.93000030517578,4.081595361984471,4.240280406615614,-9.862440755607015,-3.3024341972603004,3.961410928068032,-0.9535304473140798,4.088472429549732,0.0529961459930981,0.028364335257270445
2022-03-24,119.02999877929688,112.33999633789062,-5.740716769821786,6.5195642541616365,-5.751054456090541,1.417078725575232,2.7627980503253866,-1.5122196385497926,-0.15766685828276827,-0.021134866176590994,-0.022535490824048265
2022-03-25,120.6500015258789,113.9000015258789,-7.272570488264605,-7.987250429529333,3.2704718782690456,8.191907822218887,-3.5887355127815095,-6.864741048014107,-8.115138671909488,0.013610037496394556,0.01388646287023354
2022-03-28,112.4800033569336,105.95999908447266,-9.709106686642361,-5.2025177448811055,-1.7760502223490846,-9.876323547182066,-8.12959752804181,-1.471878870160543,-6.566120137430175,-0.06771651940006718,-0.06971029266933082
2022-03-29,110.2300033569336,104.23999786376953,-2.9882488238680605,-7.160560204780122,-1.951874814013765,6.2136714067518355,-1.457751071613318,0.7483387719961403,-7.949309237747119,-0.020003555590766275,-0.01623255224202025
2022-03-30,113.44999694824219,107.81999969482422,1.7983537370926612,-3.0411717683566675,7.6917377645922755,8.967391055778378,-7.424911252638891,-9.54991345142627,2.2518561655175304,0.02921158934271273,0.034343840218928
2022-03-31,107.91000366210938,100.27999877929688,-2.155119098005354,-0.9929804218917475,7.911256962636774,-8.17348531332886,8.952473170413342,-1.1177398964918712,-8.115792727750124,-0.048832026753251045,-0.06993137578249586
2022-04-01,104.38999938964844,99.2699966430664,-1.2505015595254179,4.976526739266129,8.183505281071714,-6.771046279341579,-0.4965826795474353,5.627124367904006,5.085646660704322,-0.032619814224850385,-0.010071820388164898
2022-04-04,107.52999877929688,103.27999877929688,8.083173889874967,3.0229516976334825,-3.722438469699454,9.214926055427107,-3.6548165128626486,3.600921127485396,-9.589781613592177,0.03007950386059499,0.04039490552869429
2022-04-05,106.63999938964844,101.95999908447266,-3.0348906595339926,2.418571349568623,3.8211162547852346,0.7508028728069256,5.326081422378001,2.7031397772787003,-5.012484240082157,-0.0082767543918153,-0.012780787281426842
2022-04-06,101.06999969482422,96.2300033569336,0.2797897831962164,-2.952501067806912,-4.567336374512607,-9.716067310565526,-0.041028148354723015,8.191108568744049,7.813333517838142,-0.05223180538919714,-0.05619846782061888
2022-04-07,100.58000183105469,96.02999877929688,5.673060254822861,6.8289510616952,-6.187803338511005,-4.847360024729417,-3.7993195197509984,-9.639359803495399,4.37062636244492,-0.004848103940329085,-0.0020784014409193086
2022-04-08,102.77999877929688,98.26000213623047,-2.069144353574597,-0.5742566520367092,-6.307350853052616,-1.0011265146228077,6.239354847816035,1.1409517238446831,-8.540633341486245,0.02187310507249296,0.023221945072172234
2022-04-11,98.4800033569336,94.29000091552734,2.4417340045574694,9.58209876030309,-3.1578475827281194,3.858178220495354,7.343043020022439,5.746976968194142,6.422522089703595,-0.041836889214182715,-0.04040302396084827
2022-04-12,104.63999938964844,100.5999984741211,7.247274174934905,2.682842765914737,-1.400847604403566,4.663207562735991,3.4601633257735394,0.8267076540253449,-0.13929756919590375,0.06255072931291839,0.06692117400917996
2022-04-13,108.77999877929688,104.25,8.990412473152844,-7.474705168709946,6.618983421101369,9.90843025850912,-9.060711551846655,-3.522088948392417,6.935660543376585,0.03956421458138881,0.03628232188112657
2022-04-14,111.69999694824219,106.94999694824219,-7.058530381419241,3.523551241508681,-7.602178130545758,-4.249776012324819,1.3264576033306419,-7.274988698160443,2.0147954890078683,0.02684315316889907,0.02589925130208326
2022-04-18,113.16000366210938,108.20999908447266,8.531752503229889,-3.49791969136602,4.698516947897884,0.7644020373695053,5.265898239945631,7.751261436323826,3.6366606406571744,0.01307078562001851,0.011781226481383023
2022-04-19,107.25,102.55999755859375,-0.15767413840923616,3.726543933721949,0.6290982837861065,0.6664709571921001,-7.2699397583283565,-0.5847521522479404,9.870031207914163,-0.05222696598487553,-0.05221330351798925
2022-04-20,106.80000305175781,102.75,-4.8351122340208335,-8.607177036751885,-4.24109314648015,-1.887094811055249,-5.426584972307933,7.5623039397140275,-5.353289081519637,-0.004195775741185903,0.0018525979517276525
2022-04-21,108.33000183105469,103.79000091552734,-0.8172848752347743,-6.502371256480812,-0.14360830934350766,-6.616762123151596,7.649902101362727,1.717042448663367,2.4789114952277664,0.014325830857470967,0.01012166341145826
2022-04-22,106.6500015258789,102.06999969482422,9.600651505709543,7.114745178115726,-4.0011586044595475,9.549131263676852,-9.59756556293852,3.483842332300016,-0.7935721988520328,-0.015508172037103973,-0.016571935692562545
2022-04-25,102.31999969482422,98.54000091552734,-0.14763812014260758,-5.456408859529702,1.92163910476612,7.0663437333317205,5.0545427565195205,6.085223087569002,-9.21096094154617,-0.040600110352591035,-0.03458409708877341
2022-04-26,104.98999786376953,101.69999694824219,-3.424967794249836,6.7408225048588015,-1.323121542895116,-0.03333943411525553,-0.5245341497115419,3.183110892002688,-9.710587169942698,0.026094587342736064,0.03206815509798622
2022-04-27,105.31999969482422,102.0199966430664,2.6680170863345154,-4.414478230911792,-6.711889418422425,2.064908453680596,-1.0645568232078624,-2.038903186421246,-7.615428443642827,0.003143173995325599,0.00314650643487302
2022-04-28,107.58999633789062,105.36000061035156,-5.197087624436138,2.8576382011741526,-7.668338508886066,-5.454778928806753,-9.858069350102257,0.2726676785730202,2.9818348107709625,0.02155332937375576,0.03273871865503697
2022-04-29,109.33999633789062,104.69000244140625,-8.482733437826722,3.883011470196621,0.9339136414426026,0.875741407834937,6.387964619329857,6.060910493517596,1.3432617582678432,0.01626545273320823,-0.006359132166514847
2022-05-02,107.58000183105469,105.16999816894531,-7.4224055617870155,0.25309506290105865,8.048260665722069,3.899402662429516,-2.803501987268671,-2.526994072540316,1.0685912232745487,-0.016096529776689183,0.004584924217646336
2022-05-03,104.97000122070312,102.41000366210938,-7.439083220844552,-3.8937864660653743,-3.1208462688462895,0.30334056773177664,0.8153126260108579,-2.237570864630058,-9.362864749434799,-0.024261020319095605,-0.026243173479971738
2022-05-04,110.13999938964844,107.80999755859375,-6.9619461297541125,-5.747112472578078,4.660002144452465,9.805703411698826,3.5460137267131877,-8.086197678839977,-0.6139400727998598,0.049252149269534806,0.052729164177174104
2022-05-05,110.9000015258789,108.26000213623047,-7.223456547011797,-9.336212908751476,3.173227098795339,2.226833124954524,4.052591528758317,8.291688704434954,8.492456356850571,0.006900328131851152,0.004174052386858973
2022-05-06,112.38999938964844,109.7699966430664,2.817494896064293,-3.921071975185524,8.63109828618962,-2.580525748156619,9.119601176521446,-8.179273701091166,-2.048162613787068,0.013435508054721046,0.013947852180307585
2022-05-09,105.94000244140625,103.08999633789062,-6.3623983120171035,3.0632558106256607,6.419620345982818,5.443040552316763,0.6267990647321824,2.9641835489711177,2.4984493957691267,-0.057389420618114695,-0.060854518624946285
2022-05-10,102.45999908447266,99.76000213623047,-3.086654333522736,8.766096368969652,1.3321051781092592,-6.590749768367159,-2.0056089805114485,-1.7361104239440461,5.596373512462872,-0.032848813259734766,-0.03230181705260393
2022-05-11,107.51000213623047,105.70999908447266,7.935768198120236,7.424089645261041,3.1406099646821453,-2.3096837258746694,9.074072529834158,-1.8876121948911528,5.678505582837751,0.04928755706501975,0.05964311167633074
2022-05-12,107.44999694824219,106.12999725341797,-0.5207671947425538,5.3212955307060525,7.967729331680697,-3.060820992448283,2.842204700510422,3.591036731453679,0.3856016479054265,-0.000558135864533349,0.003973116758895223
2022-05-13,111.55000305175781,110.48999786376953,3.3511547704205427,5.768946865065974,-2.009624308261304,-1.3638580978444548,-4.036992874468888,-8.658125347402425,7.159038908046725,0.03815734034399809,0.04108169907835513
2022-05-16,114.23999786376953,114.19999694824219,-6.553602575967403,3.2996980695199056,-3.4641058828444526,5.635596518574527,-7.470715091928577,1.8741156590286927,-2.172438132725061,0.024114699582424848,0.03357769170243774
2022-05-17,111.93000030517578,112.4000015258789,-6.1542196238265845,-4.79426284867994,-9.783778327296073,-0.31653935673185174,6.851090029303627,5.440635719447096,7.773864295695965,-0.0202205672425555,-0.015761781702840816
2022-05-18,109.11000061035156,109.58999633789062,-9.182627674670423,8.143900614116596,6.531021483829285,5.880289005319256,-2.7563679441169686,6.5642551577318855,-5.195456672089094,-0.025194315082064933,-0.02500004581709292
2022-05-19,112.04000091552734,112.20999908447266,-6.621298738556709,3.4146462381166813,6.019614008067297,1.5297780627973179,3.2093944272886237,-6.589392212124494,-4.395671860188579,0.02685363659413098,0.023907316672444834
2022-05-20,112.55000305175781,113.2300033569336,-4.4281932193608275,1.2088126196087998,-7.910909637996973,-3.1586113068488935,-0.5836716126820374,7.948381001563472,-8.937587516019978,0.0045519647631473426,0.009090137071412485
2022-05-23,113.41999816894531,110.29000091552734,-6.459790314465064,-7.780210615730379,1.537147622654004,6.199574873669448,-6.021404404099233,3.1229218369488443,5.911636730845657,0.007729854230100974,-0.02596487109638701
2022-05-24,113.55999755859375,109.7699966430664,-8.225949324858888,-1.0588891238714915,-0.7203660366622522,-5.234206588938168,2.0337321724093016,7.637096016413658,-1.6588952753458877,0.0012343448413736358,-0.004714881386747027
2022-05-25,114.02999877929688,110.33000183105469,-7.587282577987984,-0.792834575961475,-7.625818089817771,-5.512340404004091,-8.786338620986353,-0.29438565779603465,-5.41766772177202,0.0041387920993976035,0.005101623440959102
2022-05-26,117.4000015258789,114.08999633789062,-0.7844246393454846,7.291272190453398,9.61136454121447,0.09005848109671533,-1.733150802576155,0.84066690194404,-5.364194447668407,0.02955365064157034,0.0340795290894087
2022-05-27,119.43000030517578,115.06999969482422,-5.87332563188415,0.9329644037557685,-5.706082250732891,-4.783015080758222,0.9322987932734215,8.380765540573421,8.027998824584664,0.017291301132133174,0.008589739577440358
2022-05-31,122.83999633789062,114.66999816894531,-2.714602779038491,-2.391989020591807,-8.655316398188777,-9.818259300975674,-1.2790605176284195,7.9981908670934345,6.678332009220739,0.02855225675292128,-0.0034761582249043244
2022-06-01,116.29000091552734,115.26000213623047,0.06834541709713804,9.536006570213186,1.8969475900381916,2.96595054597603,4.973443505019816,-1.0367825326199593,1.0706177071436667,-0.05332135800742366,0.0051452339470337005
2022-06-02,117.61000061035156,116.87000274658203,3.807896572587307,-7.785588133473686,4.777333542660653,0.22187642944795982,6.558499090906249,-4.511747367286365,2.322216008314422,0.011350930298668294,0.013968424262639223
2022-06-03,119.72000122070312,118.87000274658203,-9.213757203178021,-1.5490314337611082,-9.35113107905626,-1.0896437101367766,5.42486148066356,-2.136591308714717,-0.5134885889941803,0.017940656401678856,0.017113031171366977
2022-06-06,119.51000213623047,118.5,5.988207978180853,-9.159506496571893,3.174352774540443,9.339370292366308,-9.223741043763958,-2.244713429405005,-2.1666691424238227,-0.0017540852182712507,-0.003112667098787214
2022-06-07,120.56999969482422,119.41000366210938,2.5580077898181557,4.798082415338607,0.6458375190290884,1.4239836792582743,-6.117424591080556,-4.2626625003441205,8.30953762436663,0.008869530078206012,0.007679355798391407
2022-06-08,123.58000183105469,122.11000061035156,-8.364819361022562,8.361531043983014,-7.934699822499032,7.268631555787689,0.7321501852754864,-4.628407913340668,-7.487745929593959,0.024964768548138894,0.022611145343251815
2022-06-09,123.06999969482422,121.51000213623047,7.471572482135546,-4.399253408990211,-6.549522461072758,-7.210995275896797,8.696440808876027,7.221258729594389,-1.6310642056754414,-0.004126898597458295,-0.004913589969061327
2022-06-10,122.01000213623047,120.66999816894531,8.417448010636264,7.166833535982416,1.3594859463216107,1.3841292625885533,6.699135501042338,-8.602761586306766,-3.1087618402424937,-0.008612964664192924,-0.006913043803121521
2022-06-13,122.2699966430664,120.93000030517578,-8.778440802902725,-4.155635390762045,-4.0728477297342325,7.359592534618059,6.850690167036035,3.5522236419918833,-0.036985594977032576,0.002130927811521799,0.002154654348021534
2022-06-14,121.16999816894531,118.93000030517578,-4.4624470370559255,8.215403232878305,8.766314573026321,1.6621151455979604,-3.935836124806502,-6.5435989708709545,-0.8473625090964987,-0.00899647096034717,-0.01653849330152035
2022-06-15,118.51000213623047,115.30999755859375,6.124025595861227,5.079238071935679,6.374804589681016,4.36028356254003,-1.4110420584259487,-3.1098821321187353,0.37779063302162896,-0.021952596128672508,-0.03043809583194368
2022-06-16,119.80999755859375,117.58999633789062,4.965193807673167,6.098135536828771,9.671344130273262,-2.5591286437558525,-0.585881053681252,-8.769139317303264,-7.201620455460118,0.010969499611255706,0.01977277623424034
2022-06-17,113.12000274658203,109.55999755859375,-6.3095796128724535,-9.639868887990911,-4.806583220991721,-8.151009659258667,-6.852568333001791,-4.600527262890759,0.2628300302655422,-0.05583836865316638,-0.06828811148376057
2022-06-21,114.6500015258789,110.6500015258789,-5.813013533265794,9.25620714148052,9.39447265595954,-0.8419940974585707,-9.378637395110873,5.368421422344841,-5.151623722255783,0.013525448569202014,0.009948922887682787
2022-06-22,111.73999786376953,106.19000244140625,-2.5905579441723603,4.533419841406465,-1.3753226041688436,-2.1104121832228495,8.938057989210336,7.700306490945174,-6.313373020236175,-0.025381627766071335,-0.040307266362120675
2022-06-23,110.05000305175781,104.2699966430664,-0.30954029617957346,-3.904978092277334,-3.0496240937249075,7.341203647578947,-5.185748286729865,-5.569456961952659,-8.703315624276176,-0.015124349779137458,-0.018080852756353072
2022-06-24,113.12000274658203,107.62000274658203,2.365095430605919,6.58789329717694,-8.993009460612935,-5.120093952950555,-5.201021925527374,-0.7290432148215622,5.253051175122819,0.027896407175748594,0.0321281884661726
2022-06-27,115.08999633789062,109.56999969482422,-2.621727208604552,-4.369576031701401,-8.944694842807948,9.33468455070216,-8.33241892462481,-0.5935190412558722,-1.4511615828688011,0.01741507729381775,0.018119279859469373
2022-06-28,117.9800033569336,111.76000213623047,-0.7493056773370412,7.455076791322558,3.8402251189330947,9.162762396089924,8.57015503887557,7.4715061151946855,2.532873666235167,0.02511084465202562,0.019987245117330188
2022-06-29,116.26000213623047,109.77999877929688,4.94941876267513,-7.74839219176126,-0.8414201113194419,-5.047367138571226,1.59474229879544,5.255981057516108,4.551866866094867,-0.014578752091568226,-0.01771656513141484
2022-06-30,114.80999755859375,105.76000213623047,-9.266335942188043,4.073719549215916,-5.469567479277886,-3.0389608904535903,3.340737142507077,0.2615443673609974,3.5863333062710705,-0.012472084560411711,-0.036618661757760296
2022-07-01,111.62999725341797,108.43000030517578,-4.951261113119585,0.8139695328982057,2.2794061265046537,7.911114817477699,8.23153774526105,3.4149440094354677,-0.5899856182063541,-0.027697938966968927,0.025245821813676406
2022-07-05,102.7699966430664,99.5,4.266991717691049,-8.069310596091183,-4.942837634997776,9.33244441792215,-3.0875966219842095,6.9471010781873375,-2.2420294209654035,-0.07936935257857203,-0.08235728377794271
2022-07-06,100.69000244140625,98.52999877929688,7.9041367537439875,-5.16212343482322,1.5526350868884524,-1.1312179432791183,2.4301462227616817,-9.809220919489102,-2.480801807186726,-0.020239313706355788,-0.009748755986966118
2022-07-07,104.6500015258789,102.7300033569336,0.23354884231332207,-9.751919274453705,-2.815825060346193,-3.5800590871820432,-9.22401090542225,-1.9421993789990282,2.800975938601127,0.03932862239006374,0.042626658171838194
2022-07-08,107.0199966430664,104.79000091552734,0.6422697053063136,-0.6246406907098834,6.47104453223638,0.5218802650308412,-6.264549435377413,8.144863345541573,-0.10411290116253191,0.022646871310378458,0.02005254055561867
2022-07-11,107.0999984741211,104.08999633789062,-7.856559773204479,-3.9746947847999925,6.413923215335586,3.755384127314695,6.624916101798849,4.806260616879028,6.982644959770212,0.0007475409602328842,-0.0066800703456525445
2022-07-12,99.48999786376953,95.83999633789062,-1.0517526635309071,1.9671496859551763,-0.45299203755197404,-4.530509692500404,5.335367126766714,0.8568274866814924,7.494039686534244,-0.07105509541338029,-0.07925833692240081
2022-07-13,99.56999969482422,96.30000305175781,0.6523453291004628,-4.055243845827656,-2.983617813299688,4.729463492381456,-2.987146170857063,0.592890540702669,-6.58879243986963,0.0008041193363399479,0.004799736346456029
2022-07-14,99.0999984741211,95.77999877929688,-5.150589927305407,-4.001617769860307,-2.7488040688181092,-8.96685285770718,-2.4637874445157504,-3.0445980479112444,-7.275326969085487,-0.004720309552512347,-0.005399836510715961
2022-07-15,101.16000366210938,97.58999633789062,-4.615135381012381,4.863863974632068,6.1142905133643595,-9.01411014471167,0.6710886710715886,0.41041067283028987,2.608018520719991,0.020787136424893493,0.018897448127604077
2022-07-18,106.2699966430664,102.5999984741211,-2.454316737907547,-9.03714328043293,-3.4364103440477596,-2.274245897089095,-9.99517990629731,3.1076639892690654,-3.975485038754412,0.0505139659546201,0.05133725099121933
2022-07-19,107.3499984741211,104.22000122070312,-9.598576044445473,8.057899903839743,-5.81881252586308,-2.9305361587855883,-5.175113279239443,-1.6327392314241393,-9.628585624698022,0.010162810437287728,0.01578950068883911
2022-07-20,106.91999816894531,102.26000213623047,-3.5584166883364343,7.045277487823629,-8.306233162493864,-3.687335692656955,-5.835363827835711,4.2830629278434795,7.772853387259101,-0.004005592093971444,-0.018806362133138244
2022-07-21,103.86000061035156,96.3499984741211,-5.7710398600691075,3.35609366452813,-0.6661375823118316,-0.17960474662180026,-4.990341065004731,7.224644545207717,-5.461984655123835,-0.02861950627569798,-0.05779389339573926
2022-07-22,103.19999694824219,94.69999694824219,-3.4500529564417075,1.8644314021476855,-0.35735802160316155,-3.585328353768576,6.118116850668827,-6.906303036302777,8.585613033716182,-0.006354743483831582,-0.017125080975710527
2022-07-25,105.1500015258789,96.69999694824219,-7.604757363614976,7.846049962793046,6.818174208058142,-6.1548416306381615,-4.406522869071137,-0.969059543651511,4.348689017565073,0.01889539375291549,0.02111932486220769
2022-07-26,104.4000015258789,94.9800033569336,7.810545614797899,-6.293396409425711,-5.5752260710787205,-3.810609018227982,-6.169573558997037,-1.8395981742983771,5.253069798229685,-0.0071326675141836215,-0.017786904297724115
2022-07-27,106.62000274658203,97.26000213623047,1.8718490710809732,-8.420616756183428,-2.3801745266320022,9.498085456204699,0.08526921586063096,3.7492960809945615,-5.970770084136792,0.021264379197856842,0.024005039994878352
2022-07-28,107.13999938964844,96.41999816894531,3.582046382889793,-5.209796601809238,6.168114777873818,-1.7777316601030275,7.31290072745464,-5.002650694841413,-5.316111487663742,0.0048771021353501975,-0.008636684647699067
2022-07-29,110.01000213623047,98.62000274658203,5.783424772146766,5.891565574003806,6.472472214979469,-1.1057444628332842,-5.1730059232500025,2.805018299045525,0.4253550764813152,0.026787406784877454,0.022816890887945362
2022-08-01,100.02999877929688,93.88999938964844,-0.031156021418855318,-9.306594665470334,-2.307778480424636,1.5308997990227997,-8.429275144144025,7.549784834629762,-6.558002947002757,-0.09071905429630744,-0.047961906562586476
2022-08-02,100.54000091552734,94.41999816894531,-8.261594238251526,1.6561367016697925,-0.8175195342663812,9.666815368284531,-2.871905283006706,-1.6373680041275467,-3.8913661463393545,0.005098491876978972,0.005644890645886136
2022-08-03,96.77999877929688,90.66000366210938,0.742130836370956,9.908750323826197,-3.934282183014341,-5.16797447128474,4.953036491299557,8.220313999584402,-3.570750441043911,-0.03739807143417062,-0.03982201418928433
2022-08-04,94.12000274658203,88.54000091552734,1.736822360417582,7.113921876750787,8.651097568386241,3.6256422106486763,1.0138108938958919,9.86327477866957,-6.807401334944718,-0.027484976919465165,-0.02338410170909877
2022-08-05,94.91999816894531,89.01000213623047,4.908789483686601,0.4289137808717882,-7.627124685168393,4.319693870834483,6.33586739148695,-7.878159001040959,-5.8963433320967855,0.008499738621101205,0.005308348947856256
2022-08-08,96.6500015258789,90.76000213623047,-1.3668090754064117,-8.727181814267153,8.6749884600294,2.146488335861319,9.191842952184679,-5.338936240302827,5.771036840165131,0.018225910138076618,0.019660711807664155
2022-08-09,96.30999755859375,90.5,-7.448393944088725,6.627470287714196,3.6773290367068654,-8.228433207267118,5.85324953503234,9.007595029641863,-6.656082909054632,-0.003517888897230037,-0.002864721574600715
2022-08-10,97.4000015258789,91.93000030517578,-4.324481884025511,1.97957016354421,0.6314430537346247,3.5374455165515286,2.076061576875068,9.166553729627736,-9.43085216312155,0.011317661664584922,0.015801108344483783
2022-08-11,99.5999984741211,94.33999633789062,-2.738354072027298,-7.701340058808663,-9.346818784310083,-8.71810577927649,-0.13316823895238983,-8.04585449226483,2.5870988525787695,0.022587237307770014,0.026215555582665973
2022-08-12,98.1500015258789,92.08999633789062,2.9183448266320244,-8.122854303532876,-0.48807616355983363,1.9228529909979386,-9.198618273034667,-9.700029992457267,9.519662387849,-0.014558202514620922,-0.02384990552619215
2022-08-15,95.0999984741211,89.41000366210938,1.4155660933782386,8.192536388731849,-1.8450378999453534,4.791623544434852,9.686439576280826,-6.7779995348715545,-3.3757237075375723,-0.03107491598921297,-0.029101887092578438
2022-08-16,92.33999633789062,86.52999877929688,-2.878065482043075,3.3840052587615688,-6.775623760497549,-5.780602187600992,-2.3303775484991496,9.920255667644966,-7.626885936074954,-0.029022104947578176,-0.03221121535456328
2022-08-17,93.6500015258789,88.11000061035156,9.730304975859593,6.585735986335109,3.1281920700131387,6.832440150855483,-6.955435721662663,-6.400007667786262,1.4077465073506161,0.01418675806737868,0.0182595845758029
2022-08-18,96.58999633789062,90.5,2.1154963871377426,7.579578005645345,9.423018147365717,-9.392923889339915,3.3341771079291345,0.05095213444046287,8.127084221912924,0.031393430476339024,0.027125177313500615
2022-08-19,96.72000122070312,90.7699966430664,-5.25546416528011,1.4354470409664444,1.2437762212905028,6.876257273166122,-4.314234218090814,6.96835452861022,5.681235596569575,0.0013459456231650346,0.0029833883211758394
2022-08-22,96.4800033569336,90.2300033569336,-7.964350547591925,0.3489270351008251,4.295065528878917,-0.7934189871446975,1.7155654186209528,-9.591967786235873,2.4503173682543196,-0.0024813674600963065,-0.005949028380558663
2022-08-23,100.22000122070312,93.73999786376953,-6.94281721631336,-1.3914517935801953,-8.630990948679663,-5.64824120136711,1.7353581568918237,2.0897796451691892,-3.698870067848013,0.038764487288968974,0.03890052506094932
2022-08-24,101.22000122070312,94.88999938964844,-5.080845432309838,-3.6610682441776143,-1.6466600836601053,-7.32443710012064,-1.0854035819426162,-4.459491022607514,0.8376034655243991,0.009978048172218701,0.012267991808045275
2022-08-25,99.33999633789062,92.5199966430664,-6.786372534808887,-1.3080807828257655,-7.6728302967100825,9.066143351647451,6.722372310900852,7.246698328794633,-8.175103173914893,-0.018573452481128516,-0.02497631743941786
2022-08-26,100.98999786376953,93.05999755859375,-6.268659518973885,5.477593114603128,2.255916710730208,-8.546688248376865,-4.70065876889114,-4.330777014718416,3.5789084856133986,0.016609639487670913,0.005836585982710529
2022-08-29,105.08999633789062,97.01000213623047,-4.298096626123058,2.0384686203026305,8.769643164283092,-6.018131601281487,-1.0273481676453162,3.7351144056381784,4.501920377953017,0.040598064767283004,0.042445784238815065
2022-08-30,99.30999755859375,91.63999938964844,-6.5325280941049035,7.8504657990969235,3.235554649432771,-3.0435530513390807,0.7538425718194297,3.4843926489479387,9.300632458198375,-0.05500046608349607,-0.05535514512246864
2022-08-31,96.48999786376953,89.55000305175781,7.9353084925285025,-1.1323997124162446,-8.463939033711569,2.4046969792224093,3.2724944153459923,-5.570129022807199,-4.792052825098567,-0.028395929555434685,-0.022806594847344708
2022-09-01,92.36000061035156,86.61000061035156,-8.395325086767155,2.1417915743750804,-2.9066759002983433,0.8960217055219672,5.679437010111791,-9.304016002632999,-9.630871619139548,-0.04280233542184286,-0.03283084691473426
2022-09-02,93.0199966430664,86.87000274658203,0.4902277914050934,2.6261510618397743,1.0132675888170297,-7.48713015175372,-2.103854342434879,-1.815008524292054,0.9121692885430122,0.007145907626172843,0.0030019874656297407
2022-09-06,92.83000183105469,86.87999725341797,-1.7920634602067693,1.8339432461265108,-1.9358448773349561,-4.205440325235708,2.920938881931921,-4.216136960682606,4.135810087936289,-0.0020425157908869895,0.00011505130102373862
2022-09-07,88.0,81.94000244140625,9.647572338172129,4.052675461710326,6.672880209503447,-5.224964578279518,-6.9877809386296175,6.1795549922741735,5.808149517659761,-0.052030612256638964,-0.056859978915542286
2022-09-08,89.1500015258789,83.54000091552734,-7.759221956638953,-5.251330632503874,6.293420094199785,-5.729142910193172,8.65296201084957,6.007283769106905,-6.125221339503788,0.013068199157714844,0.019526463588589893
2022-09-09,92.83999633789062,86.79000091552734,-2.042888019085167,0.24727555091581266,2.2366204020644282,-1.7771132704002586,-2.3388238715799297,-0.8595209561474899,-4.764942619259527,0.04139085528720465,0.03890351884585552
2022-09-12,94.0,87.77999877929688,9.389408665507379,-7.915503943833047,-2.5308410973458955,4.080629051833139,4.590428439528768,2.130244506464379,0.251818505345927,0.01249465432858865,0.011406819372350219
2022-09-13,93.16999816894531,87.30999755859375,7.310142517879605,-2.3097734471037494,-4.893272524735117,-5.650941355655281,-9.593178362356447,2.085190319738503,-3.3879838005999634,-0.008829806713347765,-0.005354308808830588
2022-09-14,94.0999984741211,88.4800033569336,6.3414414189856,-0.24665862757471224,-7.882513635737414,-2.666422405940372,-5.89625714190386,6.5431629685524655,7.2102297317489,0.009981757255049128,0.013400593643982717
2022-09-15,90.83999633789062,85.0999984741211,-4.841943459101204,3.04448519090945,-2.9020463302689192,-2.1816514631767543,-0.25834911352843903,-1.4999517175360495,-0.5247969252255942,-0.03464401901267855,-0.03820077706346103
2022-09-16,91.3499984741211,85.11000061035156,-6.582248252198683,9.010621051724069,-1.736549655845609,9.529130588708203,7.565049354646931,-4.4910664041898185,5.99157288204006,0.005614290585541859,0.00011753391785918055
2022-09-19,92.0,85.7300033569336,3.3728643984886197,2.013021330967117,3.5164585020814716,9.093327137581376,0.5451029990135421,-4.69930163718905,1.612395209647076,0.007115506696620866,0.007284722619384176
2022-09-20,90.62000274658203,84.44999694824219,8.587519782551716,4.871878323531195,3.1631964859514703,6.002751655041518,8.59740964587758,0.7238455856440833,5.46180283234224,-0.01499997014584753,-0.014930670227109921
2022-09-21,89.83000183105469,82.94000244140625,1.135257860278596,0.12532118990405472,-8.59783720717486,-5.166821583616297,-0.32406206834407314,-1.0170359453557491,-3.3465402693935236,-0.008717732195799743,-0.017880338204883328
2022-09-22,90.45999908447266,83.48999786376953,1.432253789397997,2.682080627526627,-2.094813691376844,-8.639253718166607,-0.19101806528100163,-1.1975845803012763,6.628332438606222,0.007013216526509991,0.006631244347404364
2022-09-23,86.1500015258789,78.73999786376953,-4.4004181267943165,-8.581355677324531,-6.364422655652762,-3.661917245587505,-7.605064229989362,-8.177253218205855,-4.5085536889795685,-0.04764534161192091,-0.0568930425384675
2022-09-26,84.05999755859375,76.70999908447266,5.389858663838737,-4.91216838316306,-6.863745893663886,-4.664109011323383,6.053124883044397,4.372074813803913,0.9219761600658156,-0.024260057228871146,-0.025781036758586673
2022-09-27,86.2699966430664,78.5,-6.259125028849533,-2.762938135897226,6.546042994744919,0.118516002927878,-5.06069175065875,-5.725266240361786,-5.719857736522515,0.02629073457838471,0.023334649157747966
2022-09-28,89.31999969482422,82.1500015258789,-3.526415271915127,-0.5501328998697286,-9.161695665674848,5.554558201355862,7.992249787446301,-6.060927395825573,-0.48946956747613335,0.035354157533781905,0.046496834724572
2022-09-29,88.48999786376953,81.2300033569336,-1.491271227671664,-9.087025089952325,-1.6163424819575738,7.166458777577162,8.216484406607922,-1.7448335944521318,-3.636495809825937,-0.009292452237914417,-0.01119900367446125
2022-09-30,87.95999908447266,79.48999786376953,0.15220757368910043,-7.199518048933646,-6.635926884669637,6.897281708210169,8.866202237482995,-5.444433167643972,-4.665931387255715,-0.005989363680546256,-0.021420724132169333
2022-10-03,88.86000061035156,83.62999725341797,-5.151805351698395,-4.463713844173885,7.586604313569481,-2.8064887755386447,0.40460978206180087,1.677165346160308,9.339700360560748,0.010231941055554028,0.052082016617280624
2022-10-04,91.80000305175781,86.5199966430664,-7.703263505215929,9.430653818021014,1.1408102655007024,3.744686869213659,3.5418756956728874,-2.57073321331057,-6.798517890265387,0.033085780117176444,0.034556970997991154
2022-10-05,93.37000274658203,87.76000213623047,2.212400848832651,-3.373059857938985,-5.3723872724630395,-3.743316049515599,5.5703176012332705,-1.0217655481441987,5.746516749147904,0.01710239262126212,0.014332010416963303
2022-10-06,94.41999816894531,88.44999694824219,-4.227388935194885,-0.3591788377583498,0.04854574332752826,-8.781889135296346,-7.3797076269906885,0.7433864320805768,9.683299189664297,0.011245532735102204,0.007862292561714224
2022-10-07,97.91999816894531,92.63999938964844,1.6247644284522451,-6.078045745232141,4.6297271940623155,4.031305312058846,2.0191438999499454,-5.929289550363903,-9.601970325198444,0.03706841842696784,0.04737142550562323
2022-10-10,96.19000244140625,91.12999725341797,-6.912745694515953,2.215601421515366,9.162360178388674,-9.803448948604244,-9.314041973933767,-6.884967542689404,3.9805482808418997,-0.017667440358344666,-0.016299677743728425
2022-10-11,94.29000091552734,89.3499984741211,-0.3771979629036508,-4.386335689680514,-5.591079915091621,-1.816348250830229,-0.04867833222548157,7.608438057472096,-4.941763888874258,-0.01975258839437377,-0.019532523131181256
2022-10-12,92.44999694824219,87.2699966430664,0.6517886510317172,-5.8601484312314644,7.723635442586904,-3.412414613958486,-6.903146367595452,-1.325525943371579,-9.190243513433911,-0.019514306389004976,-0.0232792598385676
2022-10-13,94.56999969482422,89.11000061035156,-8.963529263551461,0.3314525689195804,8.686082283349805,3.867550770377049,-6.3415414807583055,-1.7581278073492168,-1.9422084208673844,0.022931344689701927,0.021084038479006306
2022-10-14,91.62999725341797,85.61000061035156,-3.267914436121588,-9.889884016791584,8.328410890641326,5.324909455207578,-2.69904866614797,-9.28775699454317,8.7043562034175,-0.031088108817739157,-0.0392772974528901
2022-10-17,91.62000274658203,85.45999908447266,-7.311706461220515,-9.846719347015494,2.7082871372381963,-3.918107280574324,-1.3512566656699398,-0.04047394825213502,-9.764698112660046,-0.00010907461677966968,-0.0017521495714224455
2022-10-18,90.02999877929688,82.81999969482422,-8.732500590544646,-5.6186238179628445,2.5964130886941543,6.23254028889707,2.4634484906437457,1.0833944322200022,1.7577138385956346,-0.017354332237721648,-0.03089163840311937
2022-10-19,92.41000366210938,85.55000305175781,9.799204647798906,-9.265572749983576,-1.9357873363235445,-4.121664789901325,-8.511431631229687,1.1768174190933305,0.027929571906486927,0.026435687160753396,0.03296309305714962
2022-10-20,92.37999725341797,85.9800033569336,-3.5529231005055406,-7.839484917386173,5.0479576460757585,-1.0734728002687746,0.07383522474889226,4.140623386457687,7.46768328742095,-0.0003247095282142842,0.005026303797039278
2022-10-21,93.5,85.05000305175781,6.197488917092699,-3.222787013224968,0.6258803670186381,4.540370540282678,-6.347497394937978,-6.450363300179765,-8.319965709587487,0.012123866420017615,-0.010816472073338024
2022-10-24,93.26000213623047,84.58000183105469,-4.907186904724723,6.051713591596258,3.548761424565889,3.858404584495771,1.4795035006348378,-4.955537315387623,3.630520597733007,-0.0025668220724014423,-0.0055261752361972505
2022-10-25,93.5199966430664,85.31999969482422,3.630054444478585,1.4409728673860158,-1.43084192302409,9.747369446244,2.7480922452236705,6.214609304608253,3.6021939686655458,0.00278784581686109,0.008749087819218238
2022-10-26,95.69000244140625,87.91000366210938,5.204557197793731,0.25335451912832774,4.629929280862781,-5.496779515681363,1.1341851310570767,8.94341233686788,3.381600337245665,0.02320365564834237,0.03035635228022948
2022-10-27,96.95999908447266,89.08000183105469,1.9127748121568864,-4.130223535837567,6.489430352090981,3.2463582707916476,4.765910209566153,-7.281345052653587,8.846689898700738,0.01327198882499836,0.013309044707156659
2022-10-28,95.7699966430664,87.9000015258789,-0.5684762289968326,8.635074388656328,-7.071274867943678,2.193638165515548,-3.2878151151819734,-0.04700890989563611,6.461750580137608,-0.012273127605637701,-0.013246523135616028
2022-10-31,94.83000183105469,86.52999877929688,-1.7631817170546285,-2.059699175256167,6.65859431148456,8.301969089800597,5.302131832662617,-5.7164749452082635,-9.16054547512988,-0.009815128380082028,-0.015585924036402687
2022-11-01,94.6500015258789,88.37000274658203,-3.0226346691400945,-8.25814466408457,0.8059306358061455,-6.872757167102499,-1.3446583658361266,-8.798536632900351,-0.5783429859097371,-0.0018981366835409963,0.02126434754700801
2022-11-02,96.16000366210938,90.0,8.590582884956518,2.3413303223560256,6.893318181804485,5.035963271738659,-0.31631003354806353,-3.489933237477292,-2.04093887597333,0.015953535255016416,0.0184451420477183
2022-11-03,94.66999816894531,88.16999816894531,6.612388155754584,-7.723232130467972,-1.3739658731797082,1.3653723253753665,2.962042545221429,-7.126247496315745,-3.797055578183959,-0.015495064854611496,-0.020333353678385402
2022-11-04,98.56999969482422,92.61000061035156,9.300538213330253,-3.0955371439661583,-2.4191902923393,-4.506682604241892,-9.63283232001552,4.198661468684925,-0.9732654969180548,0.04119574945928561,0.05035729311118531
2022-11-07,97.91999816894531,91.79000091552734,-7.514055530289106,0.1482387743561766,8.301214650344448,-0.5113017170565186,3.0798844284049665,0.6745082734288879,-2.3161163014804504,-0.006594313968665277,-0.008854332031313694
2022-11-08,95.36000061035156,88.91000366210938,4.617349504072886,7.484450493703516,-4.9766146490319745,-3.324468058604044,2.371702981442308,-7.123310580193783,-1.3533220024266939,-0.02614376640588656,-0.03137593664552174
2022-11-09,92.6500015258789,85.83000183105469,8.766809136420758,-0.12906839319762753,6.884246505722864,1.5862680557692173,-3.8030576649344017,-9.815168231889713,9.58523731217285,-0.028418614378432405,-0.034641791746627515
2022-11-10,93.66999816894531,86.47000122070312,-6.3753386766867965,4.045175320633286,-0.3195885498119182,7.7800122162933185,-8.28411430201021,6.163140980484254,-8.227340505008385,0.011009137898195354,0.0074565929860772595
2022-11-11,95.98999786376953,88.95999908447266,-8.67007465266445,9.856336779981408,0.2819088510251948,1.386099688244041,-8.181291001739178,-6.476111876715049,8.444617396774596,0.024767799083755815,0.028796089147890003
2022-11-14,93.13999938964844,85.87000274658203,4.822412985801181,-7.370217602040368,-3.830634370210319,2.6344483665316805,8.464474939704573,2.1243328444153207,-0.39526573057946557,-0.02969057753460791,-0.03473467142188813
2022-11-15,93.86000061035156,86.91999816894531,1.489462263598238,-4.50536948960961,1.4608440123803135,0.3749569422941885,3.785586424516742,-3.2615617384650886,2.474844909990823,0.007730311632180964,0.012227732488398813
2022-11-16,92.86000061035156,85.58999633789062,6.836575535165441,-2.108478488047072,-3.495776074475774,-8.976689871090482,-7.457947724585193,1.7097187663007123,6.603659332353878,-0.0106541657095377,-0.015301447987488226
2022-11-17,89.77999877929688,81.63999938964844,-7.20455246747421,-1.5634364292233727,-9.214611715166953,-5.342828862478115,-2.865536613821873,-3.6869274603535196,-2.7907394170148887,-0.03316822970935174,-0.04615021751664128
2022-11-18,87.62000274658203,80.08000183105469,5.905346237197804,-1.7795784946890851,-4.5600278931128795,-0.1599654113583444,1.8496598780319289,-8.261208786154917,-1.391561838240662,-0.024058766563638367,-0.019108250493097723
2022-11-21,87.44999694824219,79.7300033569336,-5.967453599045109,8.1522200511311,-9.872419131868186,-3.795294325105905,6.711434101812973,-5.540999828844928,-1.8096303944257208,-0.0019402624173791017,-0.004370610216262061
2022-11-22,88.36000061035156,80.94999694824219,-6.72688114268591,4.280652889337128,9.567095741137134,-6.364728044776116,-9.126781425739829,-6.2388286704184885,-2.505379549284803,0.010405988494750495,0.015301562021099446
2022-11-23,85.41000366210938,77.94000244140625,-6.714684041380141,2.158104281814076,9.31494419639495,0.08265683836876647,-5.267337370599822,-1.439612951207124,8.510586432937899,-0.033386112809698054,-0.03718338011501676
2022-11-25,83.62999725341797,76.27999877929688,6.291494404627642,-3.8125456427443583,-2.0968940505538995,-3.543804131042993,7.794979805907602,3.1656756685231464,6.5785978238602425,-0.020840725118491887,-0.021298481012460013
2022-11-28,83.19000244140625,77.23999786376953,3.303944413924002,6.475807684425895,4.56741708679292,-4.837847136531705,-9.81668899632367,-4.723878501072849,-7.820000202740478,-0.0052612080170041375,0.012585200574664945
2022-11-29,83.02999877929688,78.19999694824219,0.4613084953823865,9.101210229699777,-3.0838780317915004,-0.7202916511923831,-5.972017944122252,-9.758601293987642,-7.83753295045808,-0.0019233520544980065,0.012428781862032556
2022-11-30,85.43000030517578,80.55000305175781,-2.8233903175299506,6.423965651004529,3.4218631417195216,-7.334314838356537,9.180483519459319,0.37874728529513746,-1.4426097029401763,0.028905233784940476,0.030051230117962957
2022-12-01,86.87999725341797,81.22000122070312,7.5440108162621655,-9.968697896170543,6.10860086091958,8.554914661508146,2.2680369304434222,2.1151897871794407,-8.026852465343818,0.016972924535437972,0.008317791974691735
2022-12-02,85.56999969482422,79.9800033569336,-2.1510978515472923,2.72802740366814,8.935124893844815,7.35404195838478,-4.766572667249871,9.257409880036192,2.3818619054223937,-0.015078241252386881,-0.015267149041281347
2022-12-05,82.68000030517578,76.93000030517578,6.331988789431541,-8.977292371157986,-1.9957544830065608,4.152411714810707,-8.660178112083049,1.7894160618649373,-7.126167854765322,-0.03377351174424792,-0.03813457018932975
2022-12-06,79.3499984741211,74.25,-1.217301828595632,-4.847855593325563,5.665959659120954,-7.875723448230875,-9.436173191055557,-0.5765488124371636,0.4474652793360221,-0.04027578397149845,-0.03483686851091139
2022-12-07,77.16999816894531,72.01000213623047,-2.4611114115018484,-8.809505993044567,-4.681430987357624,5.51754508939386,-5.105098407261455,1.468032517954077,-9.855601059925645,-0.027473224286031384,-0.03016832139756942
2022-12-08,76.1500015258789,71.45999908447266,-0.7464042866078717,2.0759090589877545,9.806646075872965,6.1591465621803785,7.62971639177821,8.558012597240541,-3.668073031747065,-0.013217528408298818,-0.007637870232489408
2022-12-09,76.0999984741211,71.0199966430664,-3.972442516717159,3.731798269852135,-9.484608024712976,5.355292354286753,-1.6817269140498112,6.567562912032926,3.543814473453109,-0.0006566388805759882,-0.006157325035592631
2022-12-12,77.98999786376953,73.16999816894531,4.952187603525022,-7.710247238681898,2.0705761300224186,-7.720682257615177,4.40666738331986,-3.5404253327238404,-0.3192211954430313,0.024835734921744512,0.030273185405575553
2022-12-13,80.68000030517578,75.38999938964844,0.05440780184958349,-2.3232223391004103,3.1901196330265424,2.878159141355294,8.365700707599157,-5.254912726857254,9.565389719979763,0.03449163373622688,0.030340320845399837
2022-12-14,82.69999694824219,77.27999877929688,-5.355746097063654,-0.8752698208891587,3.760911141482577,6.686495914987972,-1.839190767943668,-4.747327752678528,7.482075921324217,0.025037142233833354,0.025069629990048137
2022-12-15,81.20999908447266,76.11000061035156,7.991491465491368,-2.618939564781668,-7.592248424218219,1.5470680243933543,-6.174452579252058,0.08842079430426075,-2.8185844191369753,-0.018016903491569036,-0.015139728098167993
2022-12-16,79.04000091552734,74.29000091552734,-2.3221755725357713,-7.579499990296139,8.770595669462608,2.92814750456178,0.3423586171383892,4.880989024571555,-9.090269170554508,-0.026720824940388632,-0.02391275364904788
2022-12-19,79.80000305175781,75.19000244140625,0.8710572222797719,-1.621044196250491,-6.3763344189983435,-0.8327304114738769,8.161673741197088,0.06438414365924139,6.912526002300375,0.0096154115312157,0.012114706081404858
2022-12-20,79.98999786376953,76.08999633789062,8.12944221929094,5.023560956168362,2.455068064796821,0.5741463976810515,6.087488282754013,-8.644072083437749,8.224686206293427,0.002380887277516619,0.011969595255509224
2022-12-21,82.19999694824219,78.29000091552734,2.484759918279842,-8.579846709334891,-5.546478417538301,-9.312462832965496,-8.683403132736924,4.471614008799618,6.412547868380734,0.027628442849023438,0.028913190741490125
2022-12-22,80.9800033569336,77.48999786376953,-7.662039185832718,-8.39639971836193,-3.8556716595745826,2.7792604394656912,3.851456001551636,6.119402573419077,-7.441001181604703,-0.014841771734818598,-0.010218457560384864
2022-12-23,83.91999816894531,79.55999755859375,8.796642472269504,-2.9045741632803157,0.9291708345624876,-8.371055742176816,1.437950449179075,-4.210042697605607,9.958302688245755,0.03630519498811546,0.026713121072262203
2022-12-27,84.33000183105469,79.52999877929688,2.5541610614283563,8.834514232378503,-1.6561316287084704,-1.299708113195532,8.149263526928511,3.282514785667008,-4.828315568944523,0.004885649083117949,-0.0003770585748796851
2022-12-28,83.26000213623047,78.95999908447266,-3.3018877068582775,3.371452934458281,-6.795487980469874,-4.1468980466518435,-7.550371662994055,-1.468161978912132,4.484098256167401,-0.012688244653045744,-0.007167103024935506
2022-12-29,82.26000213623047,78.4000015258789,-7.214558546732254,3.5733991334512964,-6.581271951583034,0.9085590042342613,0.6807222640931325,7.7823871145488575,8.16069752671443,-0.012010568992825599,-0.007092167744260691
2022-12-30,85.91000366210938,80.26000213623047,5.880503785405919,-2.7616001832427006,-1.6371042367440065,-7.331673289535859,7.589253870237847,6.904511163214796,-5.286257713385812,0.044371522381365214,0.02372449711927116
2023-01-03,82.0999984741211,76.93000030517578,2.4014551185702704,1.873215824170769,5.145659565510014,3.832868039466364,-1.7995242651651395,0.5086399661928453,8.165171093541321,-0.04434879554857574,-0.04149017869950289
2023-01-04,77.83999633789062,72.83999633789062,0.6692218395264309,-9.797376319445132,7.9592929369557694,5.900230738569407,-0.36010164534265954,3.83011091627189,-3.8103684161026603,-0.05188796851894306,-0.05316526648980113
2023-01-05,78.69000244140625,73.66999816894531,7.877851661019154,2.721920928190844,-8.317446754812343,-6.73291100513687,-8.590786446660834,7.666994020442079,9.528264447681124,0.010919914484911919,0.01139486371202536
2023-01-06,78.56999969482422,73.7699966430664,5.771944224490614,8.265738951524735,-2.1379218488119793,-7.913738252962357,-4.4371271910217835,-0.08565979843448979,-4.374799592390508,-0.0015250062632974348,0.0013573839637102125
2023-01-09,79.6500015258789,74.62999725341797,-6.9665024053449764,2.2514693668963837,-7.995088725542468,-7.089690344252817,-3.509867016621053,-3.7349851902235613,9.068716495156703,0.013745727825500209,0.011657864301019893
2023-01-10,80.0999984741211,75.12000274658203,-3.765558644089035,7.473971869326903,-9.668150387348042,7.542551237970034,8.902448974897737,5.073322758191626,-8.929106982146502,0.00564967909129277,0.0065657980865276855
2023-01-11,82.66999816894531,77.41000366210938,-5.030217203710685,4.479461109321877,3.234373652879132,0.5637852351271242,-4.346652789176819,-5.598674904306165,4.18544023339626,0.03208489068391862,0.030484569113404802
2023-01-12,84.02999877929688,78.38999938964844,4.878925851453539,-7.5888316719261955,2.0489888393317557,-0.6547800798499477,-0.7826252946069605,-2.229377039879159,0.642222676740074,0.01645095730584445,0.01265980727525462
2023-01-13,85.27999877929688,79.86000061035156,-9.329351305284412,8.049066145716836,-6.739617723702276,-7.865763617952915,3.4260884712855955,7.3145447421358725,-0.4424584575453867,0.014875639868603407,0.018752407604907262
2023-01-17,85.91999816894531,80.18000030517578,1.39779369742633,-8.671123112884501,-5.323743338138717,2.9911201351392354,-6.756332551842452,4.488446805386301,-5.5301137148832,0.007504683381911681,0.004007008419465663
2023-01-18,84.9800033569336,79.4800033569336,5.249173714813811,0.6793494509552751,-9.525844927109633,7.359991837901799,-0.2711522571625107,-1.9237798950500142,4.111915795529839,-0.010940349534963922,-0.008730318602867326
2023-01-19,86.16000366210938,80.33000183105469,7.535312735234989,-7.157257524130847,6.698944113888075,6.563717386469058,4.770780789518152,-5.705109951832852,-6.183810171073858,0.013885623188546248,0.010694494693261003
2023-01-20,87.62999725341797,81.30999755859375,-3.158365025681851,-9.765867785381918,9.49381192097103,2.521094179616025,7.33710426054132,-2.880632183355269,1.0568359196953647,0.017061206230601034,0.012199622870669558
2023-01-23,88.19000244140625,81.62000274658203,6.425146093440258,-1.55931479744722,-7.2908092641061835,-8.494425666966528,2.525185493248534,-4.31791701545134,-4.9350927391949835,0.006390564938268728,0.0038126330992063195
2023-01-24,86.12999725341797,80.12999725341797,-7.7873652608958555,-4.099185846916875,-5.370495724694038,-7.75205945647974,3.381070306338959,-6.478214241122922,9.112427595627121,-0.02335871562490266,-0.018255396263466284
2023-01-25,86.12000274658203,80.1500015258789,6.929045834690363,-0.27999012404793966,7.368190478938679,-9.013820257803506,-7.474330548308621,4.866658271313133,-9.427376123286944,-0.0001160397904870214,0.0002496477367603944
2023-01-26,87.47000122070312,81.01000213623047,-7.450226753360352,1.5439977346910165,8.529275959123698,-4.850415670150614,8.915529944926945,-4.958602262996569,-6.005434397775269,0.015675782989622356,0.010729888883082461
2023-01-27,86.66000366210938,79.68000030517578,-2.0542541887926546,-9.125218553821053,-1.6074523438637929,-7.286770656792445,-7.348518450310353,-0.9166505966447236,-5.153787872251046,-0.009260289782664799,-0.016417748376528762
2023-01-30,84.9000015258789,77.9000015258789,5.9459073155910716,-7.539934097525087,-8.987550554618517,-4.799039194951322,5.493458743635966,-2.282811063277819,-1.7186434846436711,-0.020309278350515436,-0.022339342024089492
2023-01-31,84.48999786376953,78.87000274658203,-7.001651453024524,1.1728479290085065,-9.212163326143612,-2.298838885620766,-4.703673564433624,9.641547572712618,-5.34539516259893,-0.004829253883869455,0.012451876786945704
2023-02-01,82.83999633789062,76.41000366210938,-5.414972095347171,-3.1366529365468354,1.4789973213802092,8.859655681422712,8.671862874025031,-2.1781551170355895,-0.17301819462429435,-0.01952895688954026,-0.031190554061179654
2023-02-02,82.16999816894531,75.87999725341797,4.445051367861325,4.583469750988961,-2.142097822136419,2.2075211956338414,4.399190787389591,-8.400350344064904,7.449310465170779,-0.008087858505117507,-0.0069363484267731534
2023-02-03,79.94000244140625,73.38999938964844,4.400730730921488,3.0458329718387933,-9.42695144844691,6.699475713659247,5.076274259567379,-8.20348494855832,4.241268428183416,-0.027138807073526894,-0.03281494404188812
2023-02-06,80.98999786376953,74.11000061035156,2.8229526577059456,6.912087259798135,1.6650478462511344,4.207030014246644,-5.618816538802333,1.8150744270612957,1.5992396107022202,0.013134793473804196,0.009810617613994488
2023-02-07,83.69000244140625,77.13999938964844,3.8789688893420013,3.8498565333845054,-9.77394926821955,-7.749937389467365,-1.1392004672967833,1.9872710347653122,-8.219936440346407,0.03333750646812339,0.04088515388399072
2023-02-08,85.08999633789062,78.47000122070312,0.8544888669519235,-1.4013784521970365,5.74743916298546,4.718408127478977,2.356263891785728,-1.6248201903469006,3.8798421677855117,0.01672832901952126,0.017241403183536397
2023-02-09,84.5,78.05999755859375,-4.964018821860945,3.4593324478886487,-3.871343545932568,-4.498022368817511,5.399472364132018,-1.3631261537594064,-6.671714313781203,-0.006933792023538943,-0.005224973311217407
2023-02-10,86.38999938964844,79.72000122070312,-3.086080129921611,-4.49237651489163,-9.194839939815358,2.7821569398941275,-7.9208124817522085,-8.921348343182576,5.7273477192339595,0.02236685668222993,0.021265740635763253
2023-02-13,86.61000061035156,80.13999938964844,-6.368045663971486,-3.873730024435746,1.7670444196630655,-3.1807605271402295,9.247306329090566,0.3309302077852454,-4.998864829796936,0.002546605188765483,0.005268416489138783
2023-02-14,85.58000183105469,79.05999755859375,8.169011226672566,5.779703198415866,-2.046311711338906,9.953445265293183,7.804413411091119,0.0947895076070342,-1.6590254335819825,-0.011892377000789156,-0.013476439222361525
2023-02-15,85.37999725341797,78.58999633789062,1.6678358953224084,-1.071609671968357,9.47600826714299,-4.728970410064443,-4.593028190088313,-7.009013628861109,-2.990595953641442,-0.0023370480644713254,-0.005944867634922413
2023-02-16,85.13999938964844,78.48999786376953,-1.9829716647272022,5.96760681036705,0.8839732500740443,-4.417390584514607,6.455204860646639,-7.923212277781449,7.176278293497134,-0.0028109378249004946,-0.001272407160971989
2023-02-17,83.0,76.33999633789062,-0.7598839271173468,6.448447473365569,-4.495216379259834,8.613445111247966,0.3664784607964684,-7.52855018801019,-7.469110825731837,-0.02513506465808857,-0.02739204464765732
2023-02-21,83.05000305175781,76.16000366210938,8.945666792236306,7.151246753225674,4.188777292679495,-9.507111907273547,-0.7638703687596262,-7.97943507017483,1.312897647695772,0.0006024464067206914,-0.002357776845895776
2023-02-22,80.5999984741211,73.94999694824219,-6.932971937678396,8.332704716824146,-4.570159949145774,3.933779757463938,-3.7113178837718923,2.1941639107351953,-7.158767811138755,-0.029500355058504235,-0.029017943902314935
2023-02-23,82.20999908447266,75.38999938964844,1.7245966403359443,-1.3802955897340752,8.084865828151301,4.506527814717563,1.6193717326318495,-6.0703469519416275,4.095916722643732,0.01997519405497883,0.01947265045073787
2023-02-24,83.16000366210938,76.31999969482422,0.11777357768932006,-3.6226636335772238,-2.5055605898524718,6.727571548207987,4.597782354071956,-4.9713969562507305,8.101562555889622,0.01155582761484486,0.01233585770931156
2023-02-27,82.44999694824219,75.68000030517578,2.229084708692957,1.6439749318822763,0.9973712555241043,9.488786212769508,-1.7813419007448346,-6.528557116971205,-1.3078469226549316,-0.008537838896112149,-0.008385736271063426
2023-02-28,83.88999938964844,77.05000305175781,-9.63779632358319,-2.576551531247448,-8.988537923515423,9.51203838313305,2.5843838601658415,9.156706088970061,-0.23815479470048295,0.017465160639244193,0.01810257321693398
2023-03-01,84.30999755859375,77.69000244140625,7.442478178883029,2.0214833360046587,-1.4775752409553853,-8.694464848670723,3.986258423106076,7.092349263036709,8.548456729655246,0.005006534414126351,0.008306286363396032
2023-03-02,84.75,78.16000366210938,8.642365649672247,4.111717252876492,6.647270793219899,6.436786455058051,4.222436340305718,-5.390103252969583,0.41982777298714247,0.005218864359478381,0.006049700166473881
2023-03-03,85.83000183105469,79.68000030517578,1.3026636717841793,3.768100369842738,6.112976107266839,2.926198673147626,-8.960678037376395,-3.44867412155748,-0.24803123900878177,0.01274338443722356,0.019447243754458388
2023-03-06,86.18000030517578,80.45999908447266,3.9330164775378442,-2.508942259597573,-5.5136288229294745,2.9468426874618245,7.194956113701338,-5.802143153900056,1.5665820540860835,0.004077810400261006,0.009789141268944146
2023-03-07,83.29000091552734,77.58000183105469,8.449987623545915,-6.662795966024944,-5.478418579788746,-7.433001467706104,-0.8349337046990417,-0.16248081078352428,3.784594727259039,-0.0335344555513406,-0.03579414971648631
2023-03-08,82.66000366210938,76.66000366210938,4.144772686267972,-1.3894132307558493,6.346106244264735,3.0037433289130675,-4.751678366075711,-9.607789350514928,-7.862332498259372,-0.0075639001860128285,-0.011858702593856352
2023-03-09,81.58999633789062,75.72000122070312,-6.949219141714773,-7.148117118361825,8.607968403386511,9.649651612024957,-5.164709850406368,3.4273601779359133,6.422210554830322,-0.012944680338905279,-0.012261967081940828
2023-03-10,82.77999877929688,76.68000030517578,1.5257672033362635,7.801940703676166,-8.092781574539929,8.236371390788939,-0.3397177431209908,0.46316299635283187,-1.289899450934815,0.014585151303084576,0.012678276135713817
2023-03-13,80.7699966430664,74.80000305175781,2.1343009276571188,-3.0824507852428518,-0.9988272114754952,-1.21738678390299,7.736630789379184,7.972778566022065,-8.55302980205029,-0.02428125351377952,-0.02451743930537087
2023-03-14,77.44999694824219,71.33000183105469,-1.5173865739522796,-6.910805055533524,-3.2509144207154206,-9.201040534278114,-2.4330483663470615,-6.712146313431717,5.723653383964262,-0.04110436836460141,-0.046390388758434375
2023-03-15,73.69000244140625,67.61000061035156,4.728884712494457,-9.491044801884982,7.413769109148788,-2.7541301999959034,4.994514935670866,6.082184921222634,-2.461000566274558,-0.04854738095533617,-0.052151985492920105
2023-03-16,74.69999694824219,68.3499984741211,8.687340295380295,2.916447725729686,-8.329501706399626,6.527806232011105,-8.063625380255628,5.839220289334314,-7.992650098098921,0.013705990953644331,0.01094509476540706
2023-03-17,72.97000122070312,66.73999786376953,8.511370258135528,2.7380463490948657,-5.777481148839252,4.029982029303321,-0.47886595697876544,-7.456376215662262,2.675580790865011,-0.02315924763340671,-0.02355523988725683
2023-03-20,73.79000091552734,67.63999938964844,-0.9832125719173579,-3.187916668374166,5.049366751729886,-0.8131268881208715,9.833722807854713,-2.0288155171174482,7.6026270686728346,0.011237490490702662,0.013485189611722737
2023-03-21,75.31999969482422,69.33000183105469,-7.735239083184895,-8.56576222304698,-8.97412302037569,-8.897969296823378,5.408756055846739,-6.596947177109662,7.755070188279728,0.020734500072013384,0.024985252168185035
2023-03-22,76.69000244140625,70.9000015258789,9.696823979246691,-1.8074221020953587,-0.14929238571421521,-1.4621054435339467,-5.78943023118774,-4.9055899908490215,9.153269496179462,0.018189096549826145,0.022645314486649415
2023-03-23,75.91000366210938,69.95999908447266,6.777961728918683,-3.775650098732129,-1.1578593064055998,-0.6195012056423295,0.02882947395821489,-4.735076503389113,7.354109195333759,-0.01017080133610404,-0.013258144163271202
2023-03-24,74.98999786376953,69.26000213623047,-7.506746375934663,3.542412794700187,-3.311976420225027,8.57111065788272,-5.3275047270286695,1.1247278805154544,-9.957181613090496,-0.01211969113366107,-0.010005674062359304
2023-03-27,78.12000274658203,72.80999755859375,8.416837652347446,2.115584989053808,-2.1085536936215243,2.8217220716431886,-1.8087814547498144,-1.7717813647906908,-2.3951766717321954,0.041738964821663505,0.051256068623570794
2023-03-28,78.6500015258789,73.19999694824219,7.3979272412425665,-2.7081254360492,0.5988117386046596,-3.766941666907022,5.601680474699295,8.954656080126107,6.370851598110061,0.006784418339258913,0.005356398883746616
2023-03-29,78.27999877929688,72.97000122070312,0.3767611425214419,-5.642148914900198,-6.772652832232337,0.5063652890144272,5.4244963058080735,-7.472597161059897,-2.674939880030516,-0.00470442135287541,-0.003142018266772406
2023-03-30,79.2699966430664,74.37000274658203,1.8255087148985858,9.760719323111836,1.4399175656718555,-8.678893843556798,-5.437992441952297,9.473842697003974,2.0309701275941237,0.012646881441078506,0.019185987425770934
2023-03-31,79.7699966430664,75.66999816894531,-2.019945922597395,-0.9199675760777026,6.108646585999725,9.451364712994735,8.444466363097202,-5.387227195714721,2.126338947490641,0.006307556719743257,0.01748010453614013
2023-04-03,84.93000030517578,80.41999816894531,-8.904767223559373,3.7654847156047406,5.203218595803181,-2.7988019613854798,1.8513636552965362,5.457478727637062,-2.6994939192235385,0.06468602080050201,0.0627725666042025
2023-04-04,84.94000244140625,80.70999908447266,-3.296055167081981,-7.1889406484327845,-6.922001906124526,-0.4426529017372829,-2.40151418075971,-3.220601476543572,8.089478545625752,0.00011776917690475841,0.003606079608682755
2023-04-05,84.98999786376953,80.61000061035156,6.057068971960227,-0.2882060068120431,-7.015010605170522,-2.8943205152615477,0.03871161561721337,-7.138372091653721,0.06456690772235163,0.000588596902828753,-0.001238984949267996
2023-04-06,85.12000274658203,80.69999694824219,-9.907359539907944,-9.44926560261069,-4.6365126451017336,3.6502346023240033,2.1014250687548746,7.1577837049248,-0.7043158812499843,0.0015296492067322642,0.0011164413498225834
2023-04-10,84.18000030517578,79.73999786376953,-3.3300165661771164,0.1091023582089985,-2.778505473179256,3.2446431665918603,1.1978106369157082,-3.822782015270736,9.95027491323792,-0.011043261408306249,-0.011895899885700834
2023-04-11,85.61000061035156,81.52999877929688,-2.0366261281811333,9.280348142354047,-1.8308883718303477,4.306446210582713,-0.2718992892764369,3.177108084536844,-0.12999271854766725,0.016987411499069127,0.022447967939319913
2023-04-12,87.33000183105469,83.26000213623047,0.7479120587584571,-2.3158657402839955,3.5939443366669046,-4.637135407761583,0.09865608178800223,1.3288737017325314,-6.4320349614283785,0.02009112496718224,0.02121922461469361
2023-04-13,86.08999633789062,82.16000366210938,8.397112328255211,-9.220079748501767,-8.866391356683291,-3.6866303767186803,-6.471761791442276,-0.5648738121825136,0.2613884572687617,-0.014199077833101703,-0.013211607565434269
2023-04-14,86.30999755859375,82.5199966430664,-3.073080112680775,-9.38088418161313,-9.306545915478672,-7.494975378075841,6.254658086093588,-0.08361054702921855,6.280334710398602,0.002555479498914659,0.004381608628421407
2023-04-17,84.76000213623047,80.83000183105469,-3.0609359620754457,-2.24026480106261,-2.1617887411218195,3.110199436922251,0.8352063988203078,4.644758281845752,5.537206537965629,-0.017958469078985018,-0.020479821628224926
2023-04-18,84.7699966430664,80.86000061035156,4.750024962194967,-6.799501270736119,3.9432738427596092,-9.20405745328695,-7.378402765905938,-8.244541717531188,5.77163530216942,0.0001179153679098377,0.00037113421523327084
2023-04-19,83.12000274658203,79.16000366210938,-0.9556411822038573,-9.532958073436282,-6.131293140870349,1.9536467104691813,5.323142031655559,3.363613239158102,4.160475679958235,-0.01946436194201895,-0.021023954185137028
2023-04-20,81.0999984741211,77.29000091552734,-5.507903541200361,5.124272279003536,2.8300896251250336,7.393917697032677,8.648879567547016,7.916242027971574,-4.915643418666235,-0.02430226426507187,-0.023623075544109917
2023-04-21,81.66000366210938,77.87000274658203,-0.9512096773461316,-0.8295398223621859,-4.803437241194011,7.816642965792671,8.946137984739241,-8.844236059602718,7.241681716804628,0.006905119587233832,0.007504228544240599
2023-04-24,82.7300033569336,78.76000213623047,-7.182859592404003,-4.2151045605469095,7.721722176270326,-1.019244792600766,-2.619645351776545,-7.186933215326665,7.868869307525301,0.013103106133225628,0.011429297011133155
2023-04-25,80.7699966430664,77.06999969482422,-6.472260269875534,8.001663660329616,7.91379888533233,-0.8139262357385242,-7.28966252878492,4.3326387340406285,-6.116946067629019,-0.02369160684559457,-0.021457623102689505
2023-04-26,77.69000244140625,74.30000305175781,-0.03264454521040605,-7.677220795989488,-4.054255914373471,-8.460616339839653,0.3679925326613027,-1.2543670351076486,-7.390887268972122,-0.038132899958769007,-0.035941308603020916
2023-04-27,78.37000274658203,74.76000213623047,-1.6214910099090414,9.118376579106386,-5.400124920735189,3.415300508860714,-7.747815413015586,-1.9290275837262332,9.512099371782242,0.008752738882826572,0.006191104516539703
2023-04-28,79.54000091552734,76.77999877929688,8.296918021362,-3.7206656524529436,-1.7739205586753748,6.425188407456911,8.679748370252344,-7.2606673091152825,7.366479273007357,0.01492915819753926,0.027019751007838266
2023-05-01,79.30999755859375,75.66000366210938,-2.7521220176673378,7.768073446173624,-5.189368296397026,-5.106898907905739,-6.32840745289708,0.13540081435576212,7.864722944198935,-0.0028916690254738864,-0.014587068702708761
2023-05-02,75.31999969482422,71.66000366210938,1.6117670055608695,2.058857529589231,3.4476768658340724,-1.5739823673327074,-4.944682800976718,-7.469093776072455,7.727527692487904,-0.05030888900005004,-0.05286809154627636
2023-05-03,72.33000183105469,68.5999984741211,2.6452857583906066,6.53414719482975,6.5212936909657095,6.776786735305407,-1.867269462300591,-0.4675908737891916,0.8337364806745668,-0.0396972633548085,-0.04270171687984825
2023-05-04,72.5,68.55999755859375,-9.738110868233328,9.680263264209287,3.46184261822434,7.542409353245759,-2.3367106288174844,5.272305979233135,2.928034733315993,0.0023503133505013984,-0.0005831037378584147
2023-05-05,75.30000305175781,71.33999633789062,3.270747440334212,-4.2318912436250855,6.487008944986989,-5.136400394715482,5.893257847957781,-4.83471284225673,0.9072570426728337,0.03862073174838354,0.04054840837648799
2023-05-08,77.01000213623047,73.16000366210938,-6.439280662604972,9.22270970815186,-2.0601567558505174,1.0114126908272851,-0.8736635889807527,-0.3842766364054544,-8.975873016193418,0.02270915026785958,0.025511738402656636
2023-05-09,77.44000244140625,73.70999908447266,9.221406349389103,-2.210362101951593,-6.873660585822783,-6.150136987283458,-6.584634799933262,9.840319387936713,4.910061707055453,0.005583694237731862,0.007517706326306994
2023-05-10,76.41000366210938,72.55999755859375,-7.026745444937741,-2.289761905261553,4.7590189479518425,-7.962424717208869,-4.655802090278518,3.7330084670807455,0.10664066671760608,-0.013300603652178444,-0.015601703163243719
2023-05-11,74.9800033569336,70.87000274658203,-1.7075175254595258,-3.192257914909886,-2.7905098971689224,8.22241002783915,0.18226770375044055,6.827135426103972,2.9541814958045958,-0.01871483099908422,-0.023290998744135982
2023-05-12,74.16999816894531,70.04000091552734,-8.293006638427123,0.8281521469517035,3.4254165045826497,6.410150084642183,-7.050921651477302,-1.7030478687890849,0.052796099510706185,-0.010802949476173662,-0.011711609974429105
2023-05-15,75.2300033569336,71.11000061035156,9.937485036918947,-6.917099136430258,-4.587121160364687,5.2006980360634785,2.2331135129202817,5.357218462517107,-0.16377355355088064,0.014291562817269954,0.015276980023382736
2023-05-16,74.91000366210938,70.86000061035156,0.04390020662485128,1.0742297071602245,-8.375407303866547,-9.024673623737192,1.3149461310229178,-9.189816541173563,-6.564217810444664,-0.004253617978799751,-0.0035156799023231544
2023-05-17,76.95999908447266,72.83000183105469,1.9077003464008762,0.8340962482000798,9.851635909755267,6.874575854205148,4.2940463276451535,-7.5417763491551,-4.425725697177021,0.027366110294294366,0.02780131532224872
2023-05-18,75.86000061035156,71.86000061035156,-8.65847045223145,5.2380362520974,-6.875969841388015,-1.2391184818923247,8.754092307587353,-5.938588141598757,-6.822946161120884,-0.014293119636263452,-0.01331870378025335
2023-05-19,75.58000183105469,71.55000305175781,4.999209407983557,6.672999238751711,9.768419879269622,-3.1520975340828077,8.245091222023113,-1.9609615076956093,-6.086674087493151,-0.003690993633589157,-0.004313909768449031
2023-05-22,75.98999786376953,71.98999786376953,-5.801888138088285,-1.1911729937515183,9.545598651328945,0.9295272205075289,8.921512361376628,6.914897566515265,9.459547608406098,0.005424662910584743,0.006149473001328065
2023-05-23,76.83999633789062,72.91000366210938,7.961085788814273,-3.9533350129701255,5.876362078160792,-8.172935145528884,-5.105688059525981,-3.07467898424139,-6.937731084556031,0.011185662561077114,0.01277963363856216
2023-05-24,78.36000061035156,74.33999633789062,-5.897207190359857,-4.813302053658111,3.1884592416399506,5.132930987047978,-7.368693867212908,3.0924238703092577,-4.6145915138958475,0.019781420417785744,0.01961312033953999
2023-05-25,76.26000213623047,71.83000183105469,-6.186245586726669,-6.107523265902561,1.5561410050216935,1.648701537765918,-3.9544659900710304,4.186285896069668,1.8117931547716992,-0.026799367761154436,-0.033763715771890745
2023-05-26,76.94999694824219,72.66999816894531,-9.269006643038102,-8.847048356019503,7.3220309075566945,-6.26819806253665,7.901703455326292,1.7236470817668277,2.203571524732837,0.009047925422020153,0.011694226875648805
2023-05-30,73.54000091552734,69.45999908447266,-0.5586610978000159,-3.1510404233057336,-4.211209567610242,-6.235356004619089,9.441069492469765,-2.855160636597276,-6.920517405123419,-0.04431444012932795,-0.04417227418954872
2023-05-31,72.66000366210938,68.08999633789062,1.2968226652523285,-4.595046157384335,-0.6463757503024592,-6.3150269685465155,7.186499021409521,1.541066834270886,5.874348515704247,-0.011966239359022968,-0.019723621719544338
2023-06-01,74.27999877929688,70.0999984741211,-8.685827211432953,9.328347717328146,2.3877993873300376,-8.85995224896132,-7.7996455774491285,-3.1546881442050756,5.704057358256501,0.0222955551271502,0.02951978622903728
2023-06-02,76.12999725341797,71.73999786376953,5.510552333900211,1.154176525000878,-1.776190482610179,1.7559689874336968,8.948559961195862,-8.322525228959758,-5.253645915922178,0.02490574184872929,0.023395141588396395
2023-06-05,76.70999908447266,72.1500015258789,-0.9342233050394473,-3.054459219389849,-1.45027091819464,6.806963551770163,-1.5328394529842804,9.85607956372029,-4.226673946490791,0.007618571548400288,0.005715133458575661
2023-06-06,76.29000091552734,71.73999786376953,0.4878053865516012,1.6093520198739206,-3.3943066499583114,-9.650035720252228,-9.813794184752926,-7.456350927349781,8.75975730918994,-0.005475142405917843,-0.00568265631931153
2023-06-07,76.94999694824219,72.52999877929688,-1.1847450612354375,-7.21606597308609,1.2846363336907203,-9.019907100574528,-1.1521251850361285,-8.553032323278853,6.513428919589561,0.008651147264313597,0.01101200082313225
2023-06-08,75.95999908447266,71.29000091552734,-1.98473878249348,-1.119125015955941,7.01149056030232,1.4554055337389151,-9.078616606490648,7.57061498414312,3.9559406612504766,-0.012865469824975051,-0.017096344748918968
2023-06-09,74.79000091552734,70.16999816894531,1.1928066261643586,2.524686428421276,-5.969432439873743,6.389913707721046,0.8775584232223501,-3.963306782142098,-8.35533556978799,-0.015402819682030167,-0.015710516653087758
2023-06-12,71.83999633789062,67.12000274658203,-6.89519508138575,-0.2220433641509718,8.68866077506883,-3.465222188627328,-3.2289194512589736,3.0059394814701523,-1.6347183819484847,-0.03944383662956019,-0.04346580450265847
2023-06-13,74.29000091552734,69.41999816894531,-6.3614373900945775,-1.9644239869135145,3.781753074964593,-3.0077120238455564,-0.5313013281190244,-3.419885406755343,1.1860374415365413,0.03410362893273855,0.03426691490235978
2023-06-14,73.19999694824219,68.2699966430664,7.235712420270346,9.876967777993965,6.465464253600604,1.9269299499355181,2.2634072148623403,-2.1709145841105766,-6.251774240324462,-0.014672283670107422,-0.016565853589914914
2023-06-15,75.66999816894531,70.62000274658203,8.922309242672654,7.60629524297854,1.1238138526002324,-4.51574221751706,7.376021916356407,-4.75774055966407,-1.0354683578355086,0.033743187481955816,0.034422238451278675
2023-06-16,76.61000061035156,71.77999877929688,-2.533813674404941,2.4681191631888026,5.590334028481269,-9.467832678446317,3.2380315294385724,-3.139119884139796,2.0205175497737997,0.012422392812902583,0.01642588484281804
2023-06-20,75.9000015258789,70.5,-4.585106537128924,1.3875472236456545,-9.675992053210656,4.704570362031921,-1.3190226304363861,-1.7859919882691386,-3.4524663976920156,-0.009267707594518892,-0.017832248552030583
2023-06-21,77.12000274658203,72.52999877929688,2.8799908647803143,2.413209596491681,6.367608495590705,2.5129982588290627,6.388557073407302,4.408321381846857,5.618896379009744,0.016073797051073146,0.028794308926196832
2023-06-22,74.13999938964844,69.51000213623047,-1.8253165780380716,-5.9737578435513345,-9.19722281829267,1.6151199811131818,8.111642751462643,0.23072388469583593,6.8089916327761095,-0.038641120990697386,-0.04163789733756951
2023-06-23,73.8499984741211,69.16000366210938,-9.492272886793103,-2.097245134713628,7.798267527257249,4.833682579836463,-7.604800671356056,8.871304343139538,-3.5278106113185848,-0.003911531129144219,-0.0050352246204099504
2023-06-26,74.18000030517578,69.37000274658203,-6.876948052676193,-9.210809342182014,9.839254944772865,3.50461675124075,0.6386595510558291,-9.162392123224489,6.7731430898491425,0.004468542151295107,0.0030364238483653327
2023-06-27,72.26000213623047,67.69999694824219,4.3194445769479515,-0.4890792502634671,-4.118650756464444,-5.882360236433577,-4.309760805151117,0.06136645264056284,-7.9284686779397,-0.025882962537698284,-0.024073889753768674
2023-06-28,74.02999877929688,69.55999755859375,3.178478838203027,0.8604916791532631,-5.793628874284127,-2.9503790611329777,-9.058776042461052,1.6844957766343622,6.754581972453128,0.024494832420977053,0.027474160918700807
2023-06-29,74.33999633789062,69.86000061035156,-9.45808014993033,-5.445005277935808,5.307267277160815,-7.4777971664275,3.370933902279706,8.403939721485479,-6.944991366647669,0.004187458647918252,0.004312867485440908
2023-06-30,74.9000015258789,70.63999938964844,-5.560556761341012,9.280576943310276,-4.939473181594936,-7.40285973164238,7.255415549184512,-9.01682952757145,-8.34145694980548,0.007533026843893564,0.011165169946782072
2023-07-03,74.6500015258789,69.79000091552734,-5.378504068238572,8.18909221874484,7.311247663444071,3.523914927130784,-6.7419469104521195,1.4699916987043196,2.835508088820225,-0.0033377836436174757,-0.012032821085296463
2023-07-05,76.6500015258789,71.79000091552734,3.4378548719745687,4.442864709118117,-7.943148156850466,7.172002139649965,6.24827315247801,7.0725985705591405,-0.5612526848941144,0.02679169402704784,0.02865740039781306
2023-07-06,76.5199966430664,71.80000305175781,-9.605789244912717,0.6677325753072516,-7.480896072412834,9.254651677222782,7.067914670738833,-5.161445437615269,8.157812008256656,-0.0016960845430460392,0.00013932492133883478
2023-07-07,78.47000122070312,73.86000061035156,-7.917828360308523,7.3993831929536995,9.583031102012313,2.5669423509888887,8.28680885332967,7.525846970478749,-2.7362160781830163,0.025483594657389697,0.028690772577109502
2023-07-10,77.69000244140625,72.98999786376953,5.998321707463788,-7.386953123530741,3.4767779654000925,-6.317973532780861,-4.694298218278952,-9.619131814514164,-4.2569547312474265,-0.00994008878760011,-0.011779078518719954
2023-07-11,79.4000015258789,74.83000183105469,-6.429106758913328,5.8101958854977,6.937744488579057,-7.886993091021386,8.079061303797786,4.649092582674594,0.014698122883967102,0.022010542292907553,0.025208987822131323
2023-07-12,80.11000061035156,75.75,3.0549221570374936,-7.503583720663034,-3.5134124529696393,6.257019430735156,-3.586744905271355,8.66226442337306,-0.8810762846267739,0.00894205378876789,0.012294509507328577
2023-07-13,81.36000061035156,76.88999938964844,-5.23634437906547,5.8842132509881075,3.5296749904120883,1.5751295271999854,1.046760269110056,3.1439532328012447,-3.111439075656235,0.015603545006570352,0.015049496893048575
2023-07-14,79.87000274658203,75.41999816894531,-8.011172144813097,-4.484648634972861,1.8848365461719432,2.365700420274397,-8.989850583354357,-1.2194151203910408,3.874825973966571,-0.0183136412560444,-0.019118236862686544
2023-07-17,78.5,74.1500015258789,-5.136556180010919,7.541811620363777,2.06300240245894,5.629241775094185,-9.122378232625127,-9.10237967054564,5.191236678278166,-0.01715290721760565,-0.016838990637755513
2023-07-18,79.62999725341797,75.75,4.445338637113183,8.880841876507958,3.6506491907544323,4.065544554649032,4.407464254644058,8.402276266452574,7.059679380602731,0.01439486947029267,0.021577861647955388
2023-07-19,79.45999908447266,75.3499984741211,7.113929362125717,-7.024080611897688,1.5071834625819704,6.689165057121933,-1.1104004404441792,-0.5940755461685043,9.457132094206855,-0.002134850870386229,-0.005280548196421209
2023-07-20,79.63999938964844,75.62999725341797,6.604397291339833,-0.7464878986921306,-1.4187526139466815,-8.875721890802431,-4.874152492615648,-9.42006511328104,-4.666876157349911,0.0022652945790300194,0.0037159759119709257
2023-07-21,81.06999969482422,77.06999969482422,-2.056329407630903,9.619747563253704,-4.481546112389063,4.950412734930097,-6.191730079501796,3.796421426575238,4.321869649799231,0.017955805074524545,0.019040096439262744
2023-07-24,82.73999786376953,78.73999786376953,3.3617027314129224,-0.3318512805370677,5.37162661826404,7.017055146441908,3.399069817184362,-0.3632549284748361,-2.114835290085095,0.020599459420646005,0.021668589276735872
2023-07-25,83.63999938964844,79.62999725341797,-5.900314091683581,7.270950450290904,-5.474551399936276,-4.277299150833713,-9.991969119493202,-7.513093651151785,3.5416394390221626,0.0108774661483646,0.011303015161217678
2023-07-26,82.91999816894531,78.77999877929688,-4.137045394779735,1.7746304426263961,3.8470861230882836,2.8089454798650575,6.117823383937086,-5.7145638137948085,-0.4803661930155929,-0.008608336034878539,-0.010674350162489965
2023-07-27,84.23999786376953,80.08999633789062,7.926716370422394,-2.4934018416079624,-5.333343547013467,-3.7167587232605577,-8.415007877401424,-8.710186390883074,9.875462055358632,0.0159189547029992,0.016628555202999218
2023-07-28,84.98999786376953,80.58000183105469,-9.73996152978528,-4.284328889482596,2.5066033990890784,9.159421329649081,-6.170207701837612,1.485870794171472,4.578042715814998,0.008903134128907197,0.006118185985385605
2023-07-31,85.55999755859375,81.80000305175781,-8.28982938291064,-5.935538178278255,4.941565342580578,-9.331528551289924,-2.2752720940182076,2.4405895850401844,9.049826008686491,0.006706667950949541,0.015140248113433952
2023-08-01,84.91000366210938,81.37000274658203,-5.842274897079454,5.235963827553945,-5.625722221869216,1.5958568766591004,-0.30282520567792837,0.11484596710888795,6.699390989623716,-0.007596936828326184,-0.005256727251021109
2023-08-02,83.19999694824219,79.48999786376953,-9.469355922523606,-2.2691898635394425,-8.801133982773834,-6.669929059009698,-2.900097683721164,6.3420426600523,8.05802022326742,-0.020139048876643306,-0.023104397435840918
2023-08-03,85.13999938964844,81.55000305175781,-6.371291298204054,0.22550924401502215,-7.380525140116518,4.244404103543173,-3.585756700314122,7.220176426160272,6.2883839442935,0.023317337891407774,0.02591527542268568
2023-08-04,86.23999786376953,82.81999969482422,1.6608312193938435,-0.15349039997636105,2.1199393454205087,-6.482194331626758,9.278320241463767,2.312487933662533,-0.8168173924817719,0.012919878811448848,0.015573226186887723
2023-08-07,85.33999633789062,81.94000244140625,-1.5715089881500415,1.5455805846626252,6.988928124514711,-5.292334762032849,2.8315936248678852,-9.744870405851389,-4.9642309330623124,-0.01043601053075871,-0.010625419665063918
2023-08-08,86.16999816894531,82.91999816894531,7.853434221539498,7.311542912491046,-9.100063575291513,-0.1125837790848383,-9.531340892652235,3.9045931149547126,-2.5935964909895564,0.009725824545016692,0.011959918212595122
2023-08-09,87.55000305175781,84.4000015258789,6.3488712347688185,9.614786871668588,4.683025180832924,8.296698999937561,-1.3964818311137357,-1.6400156615929689,-9.59527534720099,0.016014911362848716,0.01784856958050285
2023-08-10,86.4000015258789,82.81999969482422,-3.1636529660424806,-1.8483158285236616,-3.1736270809989575,-5.765712557040583,7.500173994879404,1.3111496645277398,0.4798633492933426,-0.013135368198663011,-0.0187204005034316
2023-08-11,86.80999755859375,83.19000244140625,-4.81153133137415,6.5503784421260605,-0.42943260160955,-7.115199577637929,-3.970876271786641,2.981612040377687,0.10115600540817482,0.004745324368912618,0.004467553102456279
2023-08-14,86.20999908447266,82.51000213623047,-2.4061518366546615,5.2905558930943535,8.577190996911312,5.179536637080613,-8.108873104512234,-2.995267713458465,0.5050092966097637,-0.006911628740873033,-0.008174062810669236
2023-08-15,84.88999938964844,80.98999786376953,1.8058988502961544,1.470579029111466,-3.360569905283091,0.012390646678619888,5.167695431798355,8.341970103435884,9.480624499441276,-0.015311445410535529,-0.018422060757570802
2023-08-16,83.44999694824219,79.37999725341797,-4.638727183542475,9.120942872238661,-0.6932613212102794,8.235702247635427,2.1202766387216254,-7.320502665004376,8.229080069096785,-0.016963157636467607,-0.019879005467560162
2023-08-17,84.12000274658203,80.38999938964844,2.4829781569826803,-5.990509689431944,-9.726351704786378,-7.067708856803154,1.4062501565300778,3.430236145620748,-6.76574443339784,0.00802882951278483,0.012723635313391046
2023-08-18,84.80000305175781,81.25,-1.811766956175191,-7.814715793807572,-8.368025599903232,2.918557860460787,-8.928468807851841,-9.912808400868391,-2.622349568882216,0.008083693330637853,0.010697855664647538
2023-08-21,84.45999908447266,80.72000122070312,1.0409436170396056,7.079239339108444,-4.8281681773043195,-5.342417076963699,-7.190019804089653,8.493022108103617,-1.5208764107347612,-0.004009480601995241,-0.006523061899038507
2023-08-22,84.02999877929688,80.3499984741211,-1.2774694172936663,-1.2170036673250344,-9.442955183578512,-6.864791426967214,2.450987924262275,-7.74991733523817,-2.7893416429670452,-0.005091171084973811,-0.0045837802401709205
2023-08-23,83.20999908447266,78.88999938964844,-4.110684809161647,6.93937708414121,2.627506520965019,3.6685883031454107,-5.843523170823284,-8.102315397048507,5.969919272078261,-0.009758416122055746,-0.018170492995627008
2023-08-24,83.36000061035156,79.05000305175781,8.969066139243132,7.861804103908298,-1.4720328639675486,1.873692398174665,0.08140159496848653,-3.3398473389551153,0.48075339735173905,0.001802686306084711,0.00202818688486861
2023-08-25,84.4800033569336,79.83000183105469,5.272115883195216,-8.750848127618571,0.9629040545604397,5.096549167246625,0.8976337205878693,-2.5286742792183876,1.4419963394325013,0.01343573342588189,0.009867156852431336
2023-08-28,84.41999816894531,80.0999984741211,-7.1977364846709495,7.669295259721213,-6.507056282073409,-3.8107484710763533,-4.329856194581212,-5.713998553542428,7.060271179758509,-0.0007102886553490562,0.003382145019084515
2023-08-29,85.48999786376953,81.16000366210938,7.369359517958255,-1.0336188926115568,-4.081359411267678,-1.0405668723562016,8.968503110829857,1.7024332185424935,6.1185630683071714,0.012674718289887643,0.013233523198265207
2023-08-30,85.86000061035156,81.62999725341797,-0.25137603500972716,0.2086497800846452,3.276489497054502,-1.8905664733916296,6.849282136711501,-1.141718039160729,-7.355769543594006,0.0043280238136353955,0.0057909508391018605
2023-08-31,86.86000061035156,83.62999725341797,7.891044537881829,2.531850221864204,9.306054472607997,9.681789279330285,4.447470152655971,-9.316488219178252,4.278291681672686,0.011646866909984954,0.024500797100250438
2023-09-01,88.55000305175781,85.55000305175781,5.997105118946305,8.527652134601734,-8.991664527955816,-4.155020865212242,-8.440122671811817,-3.606958754893988,-1.2912774219592897,0.019456624793125377,0.02295833865116359
2023-09-05,90.04000091552734,86.69000244140625,-1.4957299106153314,-9.61767811140472,7.807686417105323,-4.1036552330646625,-7.877399613819611,6.20865827146341,-4.107021938749991,0.016826626904785424,0.013325533009726831
2023-09-06,90.5999984741211,87.54000091552734,-9.550613833597652,-0.46313063364365803,1.5376240262241687,-2.9090358234278524,-0.144373082700886,3.794030697237371,-8.999623581956273,0.006219430840733953,0.009805034608178831
2023-09-07,89.91999816894531,86.87000274658203,-4.626452812301078,3.754440848611214,1.2783913351124738,1.2918816258064307,-6.785733016180286,4.49741707159761,-0.2550087930909797,-0.007505522258590469,-0.007653623051613101
2023-09-08,90.6500015258789,87.51000213623047,0.8326842932173388,4.454139153964569,0.005570704155207551,-4.953545114725095,9.56530927058948,3.9623384816704714,-2.891266385509372,0.008118364899897257,0.007367323234873657
2023-09-11,90.63999938964844,87.29000091552734,2.6695643965229454,3.8506486307421603,-8.612118281916333,8.305798807585479,-6.829595319451811,-3.7805395723393342,-4.969739206471983,-0.00011033795986881145,-0.0025140122881112115
2023-09-12,92.05999755859375,88.83999633789062,-4.842246291335954,-7.311297411837563,-8.202462965276787,-4.68628870267473,-0.25064329072051983,-8.006721558464482,3.893434591939151,0.015666352366585423,0.017756849651809015
2023-09-13,91.87999725341797,88.5199966430664,-7.212878518543517,-4.012088232566375,2.0182401131817223,7.916314631203893,-2.7175788631698916,-4.55065631933808,5.389707746311741,-0.001955249945137294,-0.0036019778029610094
2023-09-14,93.69999694824219,90.16000366210938,6.698604735985981,-2.8256894916597304,-3.180828571288834,-7.930498727068307,2.787728429081959,6.635706003703184,-5.104209619411504,0.019808443069544435,0.018526966575200587
2023-09-15,93.93000030517578,90.7699966430664,9.688043614071042,6.088744153590099,8.345361331553612,3.131254047993046,-7.419271822211502,9.609415955661422,-9.011051266413055,0.002454678382333819,0.006765671652400274
2023-09-18,94.43000030517578,91.4800033569336,0.5138036460537165,-4.4248025517089395,-1.8681892528105557,8.139710368764874,-1.3936714391521825,-0.12305970516877274,6.9750540113046995,0.005323112939162211,0.007822041865432006
2023-09-19,94.33999633789062,91.19999694824219,-6.5664142830339305,-5.785900722655937,-7.134370825947178,-6.625011232035409,-4.505899343857127,-9.805992901539156,-9.800805175913933,-0.0009531289526027997,-0.003060848255534987
2023-09-20,93.52999877929688,90.27999877929688,-4.553853469612621,9.148960380761924,4.2943766700407195,9.366539201985098,7.755030493433761,-7.199103757315419,8.74224987842944,-0.008585940110625412,-0.010087699558448793
2023-09-21,93.30000305175781,89.62999725341797,-9.632186469050666,-9.822734297730623,-4.132931571179803,-0.9423327916897666,-9.188285757306097,-3.558388493674684,2.5523974796541182,-0.0024590583827739376,-0.007199839772571659
2023-09-22,93.2699966430664,90.02999877929688,8.285976131209981,9.956417113639564,0.509406147117863,8.914302168820491,8.274549880129186,1.571706971858994,-3.5630672959735943,-0.000321612086923051,0.004462808637023086
2023-09-25,93.29000091552734,89.68000030517578,-7.644978342197177,3.5364259771479123,3.9566557101034014,3.5364008726009395,6.659882771060008,-8.49812708389372,-5.070441808465276,0.00021447703635590898,-0.003887576128697834
2023-09-26,93.95999908447266,90.38999938964844,1.5303295102850711,6.56938598898234,8.005282224041409,-3.968262602528969,-4.048585671183691,8.867145974197634,-9.819886714710496,0.007181886186837794,0.007917028122843117
2023-09-27,96.55000305175781,93.68000030517578,-4.51889558625588,-4.107612073076137,5.843823896033522,-6.233949501657872,5.785813093542094,-2.6983265343119855,-5.290571659782457,0.02756496373479811,0.03639784199295071
2023-09-28,95.37999725341797,91.70999908447266,1.0835600503158673,-9.7136944466588,3.527221357454483,-3.925299075498012,-9.375728793225049,8.251684358496462,-7.245433969657178,-0.012118133209303328,-0.021029047974867265
2023-09-29,95.30999755859375,90.79000091552734,3.028407767037285,4.757390371230601,3.592663647902871,-8.1396518147465,9.337311005867871,5.610436055140436,2.243324414462913,-0.000733903300901062,-0.01003160154977123
2023-10-02,90.70999908447266,88.81999969482422,6.594836074144034,6.682891940013516,8.918492880641729,-7.122640673133405,0.5318988517957877,5.108745450311623,-6.669088228123973,-0.048263546238086374,-0.02169843816320749
2023-10-03,90.91999816894531,89.2300033569336,-5.871574564787936,4.809522639070384,-4.083518050069279,-7.906791193070378,-3.9343794786910946,2.13439159564464,0.5725967507323855,0.0023150599337686817,0.0046161187065763
2023-10-04,85.80999755859375,84.22000122070312,-9.780083426830391,-7.142994253983228,-9.977758116076252,-1.5411291251688457,-2.7483357481064585,2.5356763410368917,1.8023284468894154,-0.0562032634542764,-0.056147057578712634
2023-10-05,84.06999969482422,82.30999755859375,-7.2622873986238545,5.068558445139381,-4.560908812036026,5.911567525151728,-8.671892930790053,2.7600647043249626,-4.03916603306171,-0.020277332633431233,-0.02267874180034868
2023-10-06,84.58000183105469,82.79000091552734,8.0003728369621,5.378455642152819,-5.64217240746512,-7.172328915673196,9.786990280840783,2.5744277405116414,-9.298701019625625,0.006066398692539332,0.0058316531547932815
2023-10-09,88.1500015258789,86.37999725341797,7.477801551250305,3.1708103134010983,3.2366917022799626,-7.393591336553282,-9.214161096986151,1.0745646279672254,-9.254922387716078,0.042208555421353156,0.04336268025354406
2023-10-10,87.6500015258789,85.97000122070312,1.9482620434061655,5.322318655911724,2.6742319953105813,2.868578990346615,3.098142462957181,9.728280369657778,-9.473053356121648,-0.005672149646568148,-0.00474642331270303
2023-10-11,85.81999969482422,83.48999786376953,2.010337208673068,6.918428793554643,1.8692276540944768,-6.056340360638675,-1.1452814458708342,4.645811348513922,4.782493342730925,-0.02087851453732581,-0.028847310942416993
2023-10-12,86.0,82.91000366210938,3.3007334909251096,2.2720822847491675,-9.675131135810926,-8.047799237820168,8.978324363774302,5.538927767850424,-3.639805903714038,0.002097416753855219,-0.006946870481498002
2023-10-13,90.88999938964844,87.69000244140625,-6.492574427531008,-8.227905720606419,4.57556108901295,-6.663028435888448,-5.080005193864096,7.449256301673483,5.926003719353272,0.05686045801916784,0.05765285934345443
2023-10-16,89.6500015258789,86.66000366210938,8.288238918499196,-0.2474438066557827,-3.52939175029017,8.474627917535521,0.641736478760226,-5.687204745483017,-1.3653435231430162,-0.013642841589794896,-0.01174590889064131
2023-10-17,89.9000015258789,86.66000366210938,-1.6245895021585373,-8.447013306567898,3.3011197801326215,6.429425055523815,-0.35287582834494025,-8.323916818098784,-0.9400379834007229,0.0027886223730608783,0.0
2023-10-18,91.5,88.31999969482422,-2.337229435010051,-1.8491393793513833,1.1315685700430667,-2.9187087528981177,4.057328881002027,-0.3421112680280274,0.2576520501914743,0.01779753556133712,0.019155273050613264
2023-10-19,92.37999725341797,89.37000274658203,0.37835410565675076,-1.8578702174874469,-3.1453814914418565,3.116415346547857,-8.63979536095159,0.2816139123854633,4.260629127502078,0.0096174563215079,0.01188862155101833
2023-10-20,92.16000366210938,88.75,-9.0606806644989,-8.679803117195169,-7.308474657917845,0.7455134733607611,-6.124217399532903,6.583635598998356,-4.529942683405858,-0.0023813985478382538,-0.006937481565711834
2023-10-23,89.83000183105469,85.48999786376953,-6.674332624878412,-3.023589320610414,-8.11162204679038,3.5424852696512783,-5.708703598143003,-1.1243284143532861,-7.568253009329462,-0.0252821369191486,-0.03673241843639963
2023-10-24,88.06999969482422,83.73999786376953,4.760672328527409,-7.780038024173703,6.6303666622444695,3.6534230492551867,4.763015096833794,1.4170605108862553,1.121146703829229,-0.019592587112939652,-0.020470230947819967
2023-10-25,90.12999725341797,85.38999938964844,-8.344026641497472,6.164704200184442,8.36795084163116,2.5746803011998587,-6.2172260734651985,0.541418770269166,-3.4604475351452146,0.02339045720145294,0.01970386395952839
2023-10-26,87.93000030517578,83.20999908447266,2.0630421893277635,8.953760519289414,2.9957609352859915,-4.677972629253828,1.4698352778195343,-9.235944324852179,-1.1501737266392524,-0.024409153614600387,-0.025529925292868128
2023-10-27,90.4800033569336,85.54000091552734,-5.093017806373581,-8.553670494841228,-7.9313177027903325,-9.219871584743638,-5.695123589980926,2.3042979319382795,2.938934166746108,0.029000375786507382,0.028001464447672042
2023-10-30,87.44999694824219,82.30999755859375,-2.214087719160469,9.10230414583403,-1.959455662235186,-0.8886643601978239,7.232499001679567,6.560865715485043,-0.11748517717458817,-0.033488133247943974,-0.037760151068075065
2023-10-31,87.41000366210938,81.0199966430664,-4.226125264586003,0.4515319867349028,4.578784002103145,7.8194776938140755,8.843709089792771,-6.8499890384839235,2.4055763420168574,-0.0004573274731671795,-0.01567246936933797
2023-11-01,84.62999725341797,80.44000244140625,-2.8865456707010173,-4.0086864409225225,5.5964176802013625,1.3899451703715187,0.36985949884480895,1.886634678531916,0.8840000422725574,-0.031804213387723324,-0.0071586549702701285
2023-11-02,86.8499984741211,82.45999908447266,4.380918103684909,-8.46275849447673,-7.635627554178228,6.647820834038157,-2.953822315816435,1.8722108889282865,4.795927438721982,0.02623184795877398,0.025111842140206342
2023-11-03,84.88999938964844,80.51000213623047,-4.057565687536499,0.012485361408355544,-9.999385623092351,9.832486859224563,-5.318844499650018,-6.716300718872825,4.1187323542323995,-0.0225676352205888,-0.023647792504152165
2023-11-06,85.18000030517578,80.81999969482422,1.3280928059379438,5.890310889814973,4.2427409176121,-6.727675917234475,-9.004379969539125,-7.53072852538528,0.6837978361723849,0.0034161964614491946,0.0038504229334039852
2023-11-07,81.61000061035156,77.37000274658203,-0.4789919560180067,4.141729545333963,-2.868076480275887,3.8355527828396454,-4.629998476050092,9.601038859529694,3.5780604171941377,-0.04191124303867011,-0.042687416001848
2023-11-08,79.54000091552734,75.33000183105469,3.273423307252962,-8.995479770720525,-4.910373367634795,3.4858714740004935,3.0847155989063584,-2.125616606939249,7.471192045452256,-0.025364534730338617,-0.026366819737737024
2023-11-09,80.01000213623047,75.73999786376953,8.73659478649516,-8.54196329264193,-9.742050604209492,9.599108947165568,0.6723386261842172,-5.451565425529415,-1.3545742442366286,0.005908991894559845,0.005442665906664423
2023-11-10,81.43000030517578,77.16999816894531,4.651441944205006,-1.9425343473472587,0.8059881352299936,9.712014679056008,8.880825565618547,-6.573509110912501,-1.744738545024127,0.017747758168129124,0.01888038480998988
2023-11-13,82.5199966430664,78.26000213623047,-5.701192428184864,-4.0941901190411345,7.023014708519636,3.7335722344825903,-2.0744547501659882,3.352034271664701,5.284912417047602,0.013385685052261342,0.014124711586734229
2023-11-14,82.47000122070312,78.26000213623047,-9.376337298774306,-5.352313538879043,9.152632925451758,-5.127704160356115,3.87726684656789,2.1889059465455762,1.6510767408398799,-0.0006058582694753456,0.0
2023-11-15,81.18000030517578,76.66000366210938,-4.754719114003498,-4.379910021825728,1.3148990122657835,5.971116762611981,-0.21354505049757222,2.871042459748349,-8.57986439554823,-0.015642062524954925,-0.020444651551834947
2023-11-16,77.41999816894531,72.9000015258789,1.901558614005097,6.069654865937693,0.2892265547978834,-7.859417315779238,0.2515243184842326,-8.239879449770955,7.842240313821627,-0.04631685294525356,-0.049047768805272285
2023-11-17,80.61000061035156,75.88999938964844,-8.971483730314993,8.58456107263708,-8.298872290215177,5.613986083432573,-4.64451370791765,7.870691669968739,-9.384337955247197,0.04120385581054986,0.04101505900117308
2023-11-20,82.31999969482422,77.5999984741211,-0.07267505597527268,-1.8979461094486716,0.9774560308519948,8.20392248289393,-0.9009844631600057,-2.214672063819034,4.967927124194862,0.0212132374584435,0.022532601109836126
2023-11-21,82.44999694824219,77.7699966430664,1.9368569783377847,8.122220042649943,-2.400418420692107,-2.343332104631295,-0.5843000597458552,-3.732611871392841,5.175882854086257,0.0015791697509706104,0.0021906980964954137
2023-11-22,81.95999908447266,77.0999984741211,-3.315122183660783,-3.5700859750423604,2.142705617671538,2.6127058996616093,4.132850434978678,-0.7527710550452156,9.06222170563861,-0.005942970065567432,-0.008615124056393308
2023-11-24,80.58000183105469,75.54000091552734,-7.868034937324564,-5.479420043680006,-5.1940175309926655,-1.244698900237431,-3.4135744503499144,7.271540062782918,1.9371372156898197,-0.009708748787777721,-0.020233431770006693
2023-11-27,79.9800033569336,74.86000061035156,-8.497244365283825,2.8095208435168786,-8.10069449543247,-3.792582217837599,-9.155990628374031,8.585219503957841,-1.4431885874589412,-0.007445997275838501,-0.009001857253565504
2023-11-28,81.68000030517578,76.41000366210938,4.563775124072066,9.57962230349618,-3.7016311082220854,5.242592409006493,-0.07409748998720644,-3.9309356710078758,-3.387340902809159,0.02125527477981537,0.02070535718835509
2023-11-29,83.0999984741211,77.86000061035156,-0.09017367587603076,2.0698619208675737,-8.067103314244955,8.723531283330104,0.8892266429833722,7.278716149199095,-8.19362879401854,0.017384894265914053,0.018976532898155263
2023-11-30,82.83000183105469,75.95999908447266,3.7680479285547204,-2.8437183177290226,-6.462060983520321,8.815017184689221,-6.631188977361695,5.630462590661342,1.2530823934261832,-0.003249057136270439,-0.02440279361655051
2023-12-01,78.87999725341797,74.06999969482422,-1.3034532279250755,2.9563489198105675,9.746723171590919,-6.504374302501324,5.209292125521333,8.616153446895236,-0.41918548650772713,-0.047688089947087065,-0.024881508852397816
2023-12-04,78.02999877929688,73.04000091552734,-5.071959335217864,-7.541586430692249,-1.117928861867627,7.49487299313132,9.698582168829834,-5.084993756282243,-7.908910836979515,-0.010775843099871119,-0.013905748393959416
2023-12-05,77.19999694824219,72.31999969482422,6.382046353483993,7.773181605307972,0.637435330100331,4.748628828542444,8.915494340169218,1.5391830024195823,2.249790141941668,-0.010636958144806585,-0.009857628856492329
2023-12-06,74.30000305175781,69.37999725341797,5.988317579379585,0.06167901559672728,7.472370574744307,-4.943251986194214,-6.057879223526957,-4.509108305191107,4.759062405058769,-0.03756468926324752,-0.04065268879718564
2023-12-07,74.05000305175781,69.33999633789062,3.893929417088536,-1.0130051592071592,9.911378009813756,-8.65430774156971,7.507264798015214,6.481889809687484,5.345566021072965,-0.003364737412269614,-0.0005765482431663305
2023-12-08,75.83999633789062,71.2300033569336,-4.5570972554007465,1.7172957690703843,1.654288986893631,-4.640054662312441,4.0898727282336935,-9.893516188578715,8.107463765248546,0.024172764515373313,0.027257097185772183
2023-12-11,76.02999877929688,71.31999969482422,1.804613337381742,2.495677255788049,6.249476420883433,8.244164735630513,-0.9230687238617676,1.2963832577279213,-1.8105851622244558,0.002505306574116073,0.0012634610929280754
2023-12-12,73.23999786376953,68.61000061035156,-2.7805220611994645,-8.56448387546974,-3.4611795132664946,2.6635734979154453,0.8122198864945815,-3.21593137456164,9.06145537244274,-0.03669605366726725,-0.03799774391571298
2023-12-13,74.26000213623047,69.47000122070312,-8.168358533467316,3.6523444244680476,-3.885120851054178,4.421093217957438,6.992003499649162,-3.546325858443595,7.308588101653722,0.013926874688857893,0.012534624729646282
2023-12-14,76.61000061035156,71.58000183105469,8.346271509244858,-5.161366393689408,-1.9459255801087956,-4.856952977818083,-0.3973012072325375,2.898126477298339,-4.06996857952122,0.03164554816211829,0.030372831053337546
2023-12-15,76.55000305175781,71.43000030517578,-7.263627381620772,4.279052650131796,3.450145253472982,4.387763111496405,-2.535852617897463,7.029688986279879,-6.81433925301083,-0.0007831556992005106,-0.002095578681779675
2023-12-18,77.94999694824219,72.47000122070312,9.004747076416049,6.450695887683935,3.6438337851019753,-9.437569874441525,-0.13505013948028477,2.183907827866525,-1.292212077439732,0.018288619734447176,0.014559721560745809
2023-12-19,79.2300033569336,73.44000244140625,-1.0798845408408848,6.0791701510504055,-3.695211307010984,-2.493573084539724,1.5825960807009825,7.063459572934448,-1.962025840880667,0.01642086541121124,0.013384865521790745
2023-12-20,79.69999694824219,74.22000122070312,-6.297341423227607,1.0500193481577824,-7.335801517267426,2.535066970846625,-6.218446924433023,-4.708057762379401,1.5143861066240856,0.005932015289602521,0.010620898057828843
2023-12-21,79.38999938964844,73.88999938964844,0.8380189475671624,0.4033978462150234,2.6479251293101704,-7.0780686891735956,8.018154605339813,0.39003709529962194,1.6677246465549604,-0.0038895554637858876,-0.004446265502925373
2023-12-22,79.06999969482422,73.55999755859375,7.458916717528165,-7.142480773211766,-7.433482756224709,6.460071488938695,3.483738976592276,-0.9892692186584799,4.999739687599504,-0.0040307305363948,-0.004466123071871553
2023-12-26,81.06999969482422,75.56999969482422,4.644497728191224,5.506923008062712,1.569850164586601,-5.299374023761628,2.665378346749778,-9.767102009938075,0.197798964112204,0.025294043350438056,0.027324662900232166
2023-12-27,79.6500015258789,74.11000061035156,6.131222957228996,-4.571812391065713,3.86844256112618,3.045622256368926,-8.010075476387238,1.136242862814802,-7.903547181184689,-0.0175157046292177,-0.019319823876784437
2023-12-28,78.38999938964844,71.7699966430664,3.1756673342143475,-0.06609154364106828,4.012229927889033,-1.8960571484934068,2.0834787634518364,3.2304864829234976,7.165826711062124,-0.015819235556713496,-0.0315747395495003
2023-12-29,77.04000091552734,71.6500015258789,3.8455312903570498,-4.314518141449666,5.069442213191934,1.9208719095529432,-7.580786755230154,1.8382880883814003,-3.804708336296258,-0.01722156505462813,-0.0016719398467338609
2024-01-02,75.88999938964844,70.37999725341797,6.983913031306386,-7.323432740006137,7.457188431313291,-7.850988947421838,-8.426046496092019,4.72559797566843,9.42594920613184,-0.014927330116984994,-0.01772511158987533
2024-01-03,78.25,72.69999694824219,-5.006639822816281,2.591153937834731,-0.0008201607042312986,-9.661744001567854,0.5462179128478653,1.4267905690615414,-7.642797826404597,0.031097649615654976,0.03296390715206443
2024-01-04,77.58999633789062,72.19000244140625,-0.21150072713719048,-8.913359303541924,4.604983790591424,8.191288547606025,-1.9442893190701014,-8.664994902984862,9.165023444650064,-0.0084345515924521,-0.007015055409136051
2024-01-05,78.76000213623047,73.80999755859375,-5.5758111636079555,4.972904682524,2.3834547073167336,-4.607399824656344,1.7762054031244645,-7.671089518305772,-8.17976386234966,0.01507933823381924,0.022440712874367774
2024-01-08,76.12000274658203,70.7699966430664,9.753360159932939,-3.6482640947776668,-6.267201204046349,6.393540055609183,-8.215556638855228,1.9294915508790478,-5.37927724105881,-0.03351954441395333,-0.041186844818875024
2024-01-09,77.58999633789062,72.23999786376953,8.881186793732265,-9.997306139910293,-9.486207102611836,9.987006009444002,-1.380338743054832,-4.500416160527196,-9.068401158269168,0.019311528353493035,0.020771531587279624
2024-01-10,76.80000305175781,71.37000274658203,-9.211463772629882,0.22258278474459559,-4.309172286461324,-5.771374840021776,-6.504265699096841,-8.407097419304684,4.102262932779899,-0.01018163839952424,-0.012043122133366335
2024-01-11,77.41000366210938,72.0199966430664,4.111503450313769,-9.062961829447937,-1.1393258732476124,-4.6965851763328885,9.742001718482332,-1.4079451310290647,7.005974731435835,0.007942715965004066,0.009107382254031071
2024-01-12,78.29000091552734,72.68000030517578,8.504966348313317,-4.47660884358201,2.3421188885731254,3.2571957526933133,1.2230042487034876,1.0864519616731076,-1.3185783636803912,0.011368004286101296,0.009164172353136602
2024-01-16,78.29000091552734,72.4000015258789,-6.388493097453329,4.139529749114324,6.999186610064108,9.308972692012425,3.7487372188173467,-3.4250802330078685,8.570441500848595,0.0,-0.0038524873159216932
2024-01-17,77.87999725341797,72.55999755859375,1.3589046110525889,-8.746207567562683,-6.075085665876687,8.316286963814878,-3.491634386347844,4.408674044515559,1.8059814351119918,-0.005236986298566504,0.0022098899080500445
2024-01-18,79.0999984741211,74.08000183105469,8.309765951760838,6.786769847120048,-7.489004202030458,0.05751040131169738,-8.105221704413117,2.875412162024894,2.6001427089304645,0.015665142061231707,0.02094824040248211
2024-01-19,78.55999755859375,73.41000366210938,-9.321080428284024,-9.923601546828337,9.26959894948655,5.902205650534494,9.517417255670733,-3.343632778166561,6.908384034015398,-0.0068268132230623335,-0.009044251517073332
2024-01-22,80.05999755859375,75.19000244140625,3.9484053449367984,-5.063522615961955,-7.839108812471858,-7.285082938001979,-4.2748192923363355,5.0974505781712125,-4.063995898963222,0.019093686947752708,0.02424735990328819
2024-01-23,79.55000305175781,74.37000274658203,-4.053019852548985,4.818081123041429,-0.4301785978562158,9.548763684080246,-1.5238362965285148,2.9739008506607085,-2.9146855734474837,-0.006370153914415089,-0.01090570113311573
2024-01-24,80.04000091552734,75.08999633789062,8.487923907530607,-3.6745970054138644,1.711274575866037,9.28706468071973,2.9972784340515,2.748907574358041,8.119038383892885,0.006159620929878873,0.009681236583545472
2024-01-25,82.43000030517578,77.36000061035156,9.421164903307357,-7.96215223867973,0.8274884181487643,-6.725420842416581,-9.506054046277775,1.0685540157413609,8.019269920775276,0.029860061997885268,0.030230448570623958
2024-01-26,83.55000305175781,78.01000213623047,8.885329782268677,-2.795321623991443,-8.279356859341135,-4.011537503937868,6.205182610345737,-9.772206638228944,9.529655524017418,0.013587319452086799,0.008402294735658566
2024-01-29,82.4000015258789,76.77999877929688,-0.5157156668507241,-4.592134272309489,-8.859461719927612,-7.996900049864662,0.7315638005724061,3.9301436695377827,8.036766328833423,-0.01376423080638911,-0.01576725193245876
2024-01-30,82.87000274658203,77.81999969482422,7.240853019786268,6.854238043211097,-7.8903314507792865,-4.565648022036406,-4.435656258623557,-2.4791641778168705,-7.452559279332782,0.005703898203879509,0.013545206200338944
2024-01-31,81.70999908447266,75.8499984741211,6.890987970701406,-3.733041648297137,1.7117536774522506,6.319115788304131,-8.767840294150615,8.852194203173113,6.474485722739747,-0.013997871650332727,-0.025314844878290943
2024-02-01,78.69999694824219,73.81999969482422,-3.6179905351348873,5.778649435520144,0.8868977526864228,-2.43368785669481,-6.750031690511172,6.359695421544107,-1.8032304378081179,-0.03683762293423476,-0.02676333315932078
2024-02-02,77.33000183105469,72.27999877929688,6.578309483013548,7.8374428962146965,-5.325184159265115,-8.232060657064832,7.9006771770687365,1.7538893906262452,9.816027118918758,-0.0174078166494529,-0.020861567622511346
2024-02-05,77.98999786376953,72.77999877929688,-9.259847305690148,-1.3236516084694099,2.755482836911831,-3.155489504421909,3.72048447871782,-4.956360363614611,-0.5543807134239778,0.008534799134710447,0.0069175430055929965
2024-02-06,78.58999633789062,73.30999755859375,1.92539756964106,8.19886287708784,6.4013500411129876,9.627666684825602,-5.001965567262204,-5.925652134446668,1.0767216500444121,0.007693274657721627,0.007282203739850113
2024-02-07,79.20999908447266,73.86000061035156,-5.3998232542459395,-2.453638920736143,-9.168420803068125,2.593671905184058,-8.68798470109941,-3.1923032464490175,0.5954983051359708,0.00788907972353603,0.007502429001149835
2024-02-08,81.62999725341797,76.22000122070312,-7.588662284454424,9.281568329802163,-0.037401129039151826,-1.6767810718768459,3.8123062477327263,-0.46864112839962857,-3.565259402834444,0.03055167525459157,0.031952350268743546
2024-02-09,82.19000244140625,76.83999633789062,-8.460935967415818,-8.21420950948854,3.7862082420538066,-6.6692297300545995,1.4481545193553025,-4.078689799221058,-8.499558222141637,0.006860286742994326,0.008134283747808446
2024-02-12,82.0,76.91999816894531,3.925775517562794,3.7403853300648553,-4.953761458606259,9.723535945673895,-1.909609510835299,0.29858990784965656,7.91302460803837,-0.0023117463896135115,0.0010411482934342686
2024-02-13,82.7699966430664,77.87000274658203,-3.2025007246386767,-0.12371919086142569,-3.8445818941370185,6.416980185262574,-2.727771016198723,-6.692591489736282,6.053516250525735,0.009390202964224548,0.012350553825419386
2024-02-14,81.5999984741211,76.63999938964844,4.4953354305752296,-2.247023890887059,2.2727580597876766,-4.370453950981612,-5.663714481417834,9.554256256509998,-7.209464388806614,-0.014135534812098172,-0.015795599249386005
2024-02-15,82.86000061035156,78.02999877929688,-8.692873184021153,2.6542375749720186,7.958705868874738,-8.59862608557621,3.3922251307503526,-7.841508900700123,5.535365427001457,0.015441202938625942,0.018136735395592574
2024-02-16,83.47000122070312,79.19000244140625,-3.6941932433877938,4.077141832686625,6.198488406057987,-8.86748885244884,9.41336055587741,8.63888279308744,2.5169333210122,0.007361822421654063,0.014866124314449669
2024-02-20,82.33999633789062,78.18000030517578,0.7898258475067443,-9.91273460699382,1.6626043819916703,-7.5924370098893235,-6.485695083263483,8.271560228053897,-1.817124241647555,-0.01353785631109139,-0.01275416220599035
2024-02-21,83.02999877929688,77.91000366210938,5.814463296779271,-6.660938225056025,4.604434355144985,1.6153716722884326,1.9423324003100682,0.5072096363899607,-4.919577018088745,0.00837991829116369,-0.003453525735641727
2024-02-22,83.66999816894531,78.61000061035156,-3.6249499413586017,4.260921012686374,-2.7035505958440265,8.575268424109847,-1.5162988850804755,4.498205436721687,7.1945756700446495,0.007708050091023377,0.008984686373241901
2024-02-23,81.62000274658203,76.48999786376953,2.517827528740181,3.327708271564129,2.819310561975154,-0.06513143988031089,-1.066225565106702,-1.2790340405482432,4.003765185881061,-0.024500961721356296,-0.02696861379114235
2024-02-26,82.52999877929688,77.58000183105469,7.719554964723741,9.320950102573544,-0.676368177448861,6.8589096491239445,-4.917054397443712,2.6006915508487634,0.9547981893827373,0.011149179148403743,0.014250281052778702
2024-02-27,83.6500015258789,78.87000274658203,2.317263763646091,5.22075580501566,-6.201277270848782,-1.082267602803844,6.50269751322838,-3.1884812515776257,2.1913706779692816,0.013570856211656546,0.016628008315036746
2024-02-28,83.68000030517578,78.54000091552734,-5.340810504927324,9.01545415462676,4.034765477545143,4.171670915356504,-0.2948879170551777,-3.9768196042910926,-8.17867635835638,0.0003586225791949449,-0.0041841234888125856
2024-02-29,83.62000274658203,78.26000213623047,-9.51198436886924,4.050810030696139,1.1292927469764393,4.637454745730016,0.868117043965281,1.5645957233902745,-0.521604781776162,-0.0007169880302932974,-0.003565046804596128
2024-03-01,83.55000305175781,79.97000122070312,7.401977478018598,-4.0389558272111366,-2.827568360928172,-6.520725881933227,-3.9047817440534853,-0.03740651632039338,-6.12599414428596,-0.0008371166290960241,0.02185023048550372
2024-03-04,82.80000305175781,78.73999786376953,-9.574611782992257,-7.892701554982871,8.226783801572616,-2.7756788204837646,-6.3638306866610055,1.5907273829996207,-5.8323264198234925,-0.008976660354343635,-0.01538080953055132
2024-03-05,82.04000091552734,78.1500015258789,7.49403345368399,5.636477266898712,-9.581317643465335,2.7460431307604782,-8.281792235943591,-4.266788374259541,3.226079245737335,-0.009178769422935829,-0.007492968680433476
2024-03-06,82.95999908447266,79.12999725341797,0.5787426805442397,2.8829844295183182,-3.6845369750100794,-8.586067836312676,4.282382818498318,-2.6608433636600948,8.225123036685762,0.011214019486574411,0.012539932289246991
2024-03-07,82.95999908447266,78.93000030517578,8.781353970257925,-9.036279752134075,-8.862372044447069,-2.7691962447408685,-6.075314366242887,-8.322040787421814,-1.924867790433069,0.0,-0.002527447936105487
2024-03-08,82.08000183105469,78.01000213623047,5.975664715473307,-2.798990681980433,5.330546324432543,0.6959893256238487,3.801507083775954,-8.954472554555885,-5.845014539756193,-0.010607488706960155,-0.011655874387282661
2024-03-11,82.20999908447266,77.93000030517578,9.958682210666751,9.135996309685723,4.042149082275852,9.924489860892773,-2.1924710790609225,-4.930857406539674,2.974938744733084,0.0015837871651798174,-0.0010255329940253022
2024-03-12,81.91999816894531,77.55999755859375,-2.985763690965797,0.0080229142040249,-3.3729556252736597,-0.5093287475511854,-1.684503980206971,-8.515062813389084,7.423740927006357,-0.0035275625685065037,-0.0047478858608122065
2024-03-13,84.02999877929688,79.72000122070312,5.343765778622538,-1.3454172796059076,3.5132580441414607,6.321135142286472,-0.6164500781445668,-7.924505827305186,4.966376022449817,0.025756843963790965,0.027849455003883472
2024-03-14,85.41999816894531,81.26000213623047,-1.9613817278151569,-0.84600789681412,-2.0812554760810027,-1.3586542986676449,-2.6458298374491367,6.258568107878741,7.375144610731745,0.01654170427039081,0.019317622829230663
2024-03-15,85.33999633789062,81.04000091552734,-0.40248759392182265,-5.822345519896725,5.125075828448686,5.927814452394177,-7.987600455548199,-9.222526059666214,0.7310934202159878,-0.0009365702735846249,-0.002707374045281208
2024-03-18,86.88999938964844,82.72000122070312,2.5501092643674017,-2.6258565827040954,-0.916326745265879,1.908296032402168,-3.8073637999430847,3.178855878694854,5.037524887383817,0.018162680082863147,0.02073050698662926
2024-03-19,87.37999725341797,83.47000122070312,7.4735422837267755,-2.603734880256468,-1.7544054433666894,7.731908830047967,3.274687213878769,-4.54884502369199,-7.198708812821271,0.0056392895294219425,0.009066731007401074
2024-03-20,85.94999694824219,81.68000030517578,9.681669383985902,-8.952899596250552,8.694598309766018,-1.7811489529978015,3.3156880293774194,7.430913614162527,-3.0345076927361703,-0.016365304991124208,-0.021444841132737036
2024-03-21,85.77999877929688,81.06999969482422,5.365468277290365,5.351352570358365,-4.982418002185995,2.0860883964295773,-4.275513855200113,-0.30015430845000957,-2.2090167103695517,-0.001977872890998267,-0.007468175906861663
2024-03-22,85.43000030517578,80.62999725341797,-1.6446643566533243,-1.66991136192242,-7.591053200068691,2.600373612376547,-0.7979474688462407,-3.888470813443485,0.22591492492069065,-0.0040801874458124,-0.005427438547706553
2024-03-25,86.75,81.94999694824219,-1.5728599544585968,6.443597736328467,1.690862265189164,-1.6523411639905348,-6.1310554397612504,0.3527787137886911,8.581527205136474,0.015451243007244209,0.01637107453539266
2024-03-26,86.25,81.62000274658203,4.751646031777829,7.006960022397909,9.386436245683576,-7.11375912625037,-5.7925583694032845,-2.360839619094623,7.485931204443485,-0.0057636887608069065,-0.004026775032933472
2024-03-27,86.08999633789062,81.3499984741211,-5.224457084633953,-5.760118906026839,-2.443215725456267,-8.128811861753288,-9.539058231867852,1.2860212933966046,-7.309490154216309,-0.0018551149230072728,-0.003308064976415892
2024-03-28,87.4800033569336,83.16999816894531,-7.790517737372107,3.1470696434025704,-8.75926472742437,-9.666568988007338,7.9349309981548934,-7.709342633473035,-6.544206962350736,0.016145976050311317,0.022372461327128335
2024-04-01,87.41999816894531,83.70999908447266,-2.9075568471844697,-0.5543639167403658,-3.2138946538086515,7.470685284904292,-5.785866698501875,9.939810056251023,-2.8471890082217737,-0.0006859303347697132,0.006492736893301654
2024-04-02,88.91999816894531,85.1500015258789,-4.255220166918365,7.6031347584297,0.11863308639116887,-5.270501755226109,-5.449322461270734,-1.4888824460656487,-4.185122682186522,0.017158545314782003,0.017202275201952055
2024-04-03,89.3499984741211,85.43000030517578,-4.073837590880198,-5.685186416470918,-6.761539867355726,-5.769865014364639,-4.407971347097364,-3.0353872058526266,2.2954190631252462,0.004835810998992551,0.0032883003438559655
2024-04-04,90.6500015258789,86.58999633789062,-5.327844979001801,3.556264006200884,3.1620443611298406,4.72070800852131,-7.4518385660914195,4.2041969663252985,8.055520955290898,0.014549558746040026,0.013578321767190316
2024-04-05,91.16999816894531,86.91000366210938,-9.158136207272761,2.155042445054452,9.95498778020401,-3.599677738252165,2.785257663627256,-2.7220118700933504,9.245830833451734,0.005736311465123878,0.003695661597790334
2024-04-08,90.37999725341797,86.43000030517578,-9.642521305331723,-4.093970448563344,-0.9652104803711232,0.12089384823673122,-8.497140936448268,6.665486100575151,3.07205905070453,-0.00866514128982876,-0.005522993173487367
2024-04-09,89.41999816894531,85.2300033569336,9.75444779472063,-7.267981926976548,-2.9054288653957467,-6.749778694050875,-7.315951473472994,-0.9145855127914952,6.763184028021733,-0.01062180917953448,-0.01388403267389926
2024-04-10,90.4800033569336,86.20999908447266,-1.4445373252827522,3.0327952095455313,-1.9859166633106682,9.194914429239386,2.895134531801858,4.391168265308698,0.5040440046159418,0.01185422958727389,0.011498248139624634
2024-04-11,89.73999786376953,85.0199966430664,-2.313467056806367,4.771949162646614,-7.697076432095978,7.031628000344746,-3.206787590371145,-7.850935671162269,-5.833461062799206,-0.008178663414111775,-0.013803531539772207
2024-04-12,90.44999694824219,85.66000366210938,3.5929456538613973,-3.6874531247330005,7.665472028524476,7.275792459300064,4.1589565340237815,6.922383711102235,0.4937682418695477,0.007911735027567923,0.007527723409939346
2024-04-15,90.0999984741211,85.41000366210938,-5.634922242698717,2.8966520804462768,-1.703486889572961,-1.8645250285598962,1.148494893402841,4.714359735562198,1.1016520287530227,-0.003869524443669947,-0.0029185149347662476
2024-04-16,90.0199966430664,85.36000061035156,8.999223679004508,-2.0973818477699346,-2.2545117715031733,5.247224274143456,-4.879576538769738,-5.765664430760687,4.849151284271132,-0.0008879226682525498,-0.0005854472498986185
2024-04-17,87.29000091552734,82.69000244140625,5.726900288311041,4.264137665652354,3.1938054586094857,-7.122476892204396,3.0165590097865618,-7.094279805084267,-5.602340205853018,-0.030326547759867428,-0.03127926604796116
2024-04-18,87.11000061035156,82.7300033569336,-8.21177995375481,-6.015694502118938,-1.1593315813775291,-9.827619948164394,-7.6745263941423865,-3.674153025487512,-2.6337923582653655,-0.002062095352135196,0.00048374548731788813
2024-04-19,87.29000091552734,83.13999938964844,-1.6483844843014328,7.804300052723487,2.9646693761569214,-9.600541348439437,0.7282076616006083,9.521411720638085,-2.7194506157086735,0.0020663563760139336,0.004955832419659689
2024-04-22,87.0,82.8499984741211,7.582366151243292,-4.251808070688405,-8.77107419738425,1.732034748091209,-1.2570378990993074,-4.863368508658827,9.188791914823298,-0.003322269589709159,-0.003488103411791066
2024-04-23,88.41999816894531,83.36000061035156,8.894640445828205,-2.644280244876942,6.274466874444549,-0.8921018950411845,-4.642528343651184,-0.8774558210673344,-1.1211007934656223,0.01632181803385424,0.00615572897553851
2024-04-24,88.0199966430664,82.80999755859375,-0.6519697750026054,-8.838160958393004,8.810079057588052,0.3603069781703958,2.0800999547900023,-9.399595485653274,5.10187934596293,-0.004523880730178509,-0.006597925236693336
2024-04-25,89.01000213623047,83.56999969482422,2.2682277842141545,-7.769755753574472,2.9753077231877185,-9.850737191655611,7.42667184680565,-2.055449408675349,5.016227627488782,0.011247506599877166,0.009177661618607225
2024-04-26,89.5,83.8499984741211,-6.659321078158495,0.3172380542465625,9.091318577176214,-1.5462676068514867,9.978093995261535,1.4264003086620551,-4.689116303935172,0.005504975306253712,0.00335047002895017
2024-04-29,88.4000015258789,82.62999725341797,9.823372522739533,-4.64814646544057,-6.9713537126007346,4.361363224017216,2.1552553748684904,9.062492250159302,1.437393787434642,-0.01229048574436975,-0.014549806116927466
2024-04-30,87.86000061035156,81.93000030517578,-5.3665659723311325,6.709604514843889,-0.45167621039292527,-1.1461259606512826,-1.9058825134165964,0.3347208988012884,7.886057866372962,-0.00610860753627096,-0.008471462804184426
2024-05-01,83.44000244140625,79.0,8.854635482702513,-9.706132226900923,2.0361346789089456,4.644384126244445,-5.4958579956759674,6.382146523553757,-0.4960456108610103,-0.0503072858893715,-0.035762239646796146
2024-05-02,83.66999816894531,78.94999694824219,2.992932979847369,-2.4181190265612766,1.6347329484237338,-5.339620712063304,-4.858078212097765,0.9425528513780108,8.902350146850921,0.002756420431561768,-0.0006329500222508333
2024-05-03,82.95999908447266,78.11000061035156,2.154735897577183,-3.2530890646181465,-1.9707644182191348,6.2628400896345084,-0.4109004370046865,-9.184299731289638,-5.710835413516769,-0.008485706944071358,-0.01063959937124892
2024-05-06,83.33000183105469,78.4800033569336,0.25377022033017127,-9.61344738164798,-3.2383118126747723,1.7686248090690455,-2.6544459743858155,-3.6998344962045193,-8.516817884519385,0.004460013870121626,0.004736944612608207
2024-05-07,83.16000366210938,78.37999725341797,-5.386603765644827,-7.512632019989796,-7.4635195489916235,-5.784738011401876,8.276290452498884,1.5109901566220643,7.829077462894986,-0.00204005958490161,-0.0012742877069052971
2024-05-08,83.58000183105469,78.98999786376953,-6.469439359889835,-1.7271465016272955,-2.1651509887544362,-5.265590482923342,-2.6340906468858094,9.011879318622487,6.953623959244332,0.005050482809642709,0.007782605661228903
2024-05-09,83.87999725341797,79.26000213623047,-5.590275818596493,-0.14270831105106652,-6.746783697890297,2.5606092913907403,-2.5311081770912907,7.182607195024666,9.851797518676896,0.003589320600514867,0.0034182083778075967
2024-05-10,82.79000091552734,78.26000213623047,-6.271234757114909,-1.9142050549026184,4.687313529844367,6.5987918642488665,-2.3293097513204604,-5.432887716423047,3.5878697622485216,-0.012994711177654605,-0.01261670417673244
2024-05-13,83.36000061035156,79.12000274658203,5.591689471335066,0.6187535682418766,-5.8233812901082,-1.6874443594168973,6.732404207353163,-5.59780339961673,8.73375853334299,0.006884885717126643,0.010989018488071656
2024-05-14,82.37999725341797,78.0199966430664,-2.997494816665398,1.9026334981136301,-8.828693894309323,-4.833991417448155,3.015766416938037,-5.976540657721985,6.538980501682218,-0.01175627818807734,-0.013903008914684878
2024-05-15,82.75,78.62999725341797,-8.843146468732073,-9.801523577443287,1.0473227563446859,7.340232138212009,2.2833770063778545,8.449977926050064,6.888526662401738,0.0044914148933972164,0.007818516234270767
2024-05-16,83.2699966430664,79.2300033569336,9.382052602816227,-0.7180968109299215,1.9045946543880312,3.3853658350166977,-3.3171395523227565,7.053323062034412,1.382831409085366,0.006283947348234564,0.00763075320455453
2024-05-17,83.9800033569336,80.05999755859375,7.675717699268514,9.269984817751766,7.438261225610109,-1.0382902543384702,6.358083536648788,5.497668645058976,-2.3527080416657835,0.008526561096316554,0.01047575623493291
2024-05-20,83.70999908447266,79.80000305175781,8.55504566390426,0.3806456025909739,1.5396322483536373,-0.2419960944139632,-9.232722772885978,-2.145297715515449,8.691161450865636,-0.0032151019488931842,-0.0032474958126954556
2024-05-21,82.87999725341797,79.26000213623047,9.898156452928706,3.5508453491790632,-3.0903829255310855,-5.914870641272072,7.415943446762263,0.0876140859753356,-1.3576564876821102,-0.009915205353390633,-0.0067669285072220475
2024-05-22,81.9000015258789,77.56999969482422,-6.522095015610255,-3.7627228416623364,6.060237630526409,2.5360526012968787,0.2549979958785915,-0.713365104096944,0.7763873449933811,-0.011824273166208932,-0.021322260861178277
2024-05-23,81.36000061035156,76.87000274658203,-2.075159621946825,5.479827563055251,0.8055778637484217,-2.825149789142227,-2.034995302731744,-4.932037848812547,-1.0777138574962457,-0.006593417649164657,-0.009024067951477588
2024-05-24,82.12000274658203,77.72000122070312,5.164769514081826,5.458429637522302,-8.414394307376165,9.912903533486986,-0.05665438564628644,0.10056092297533858,1.2963662792039425,0.009341225793129793,0.01105760951932444
2024-05-28,84.22000122070312,79.83000183105469,3.9204123610758437,0.42592095308277855,1.317011206264933,-0.3963296947622439,3.348310610676622,-9.39006904294491,-0.5898984201534567,0.025572313734591345,0.027148746490105458
2024-05-29,83.5999984741211,79.2300033569336,-6.922081873202899,9.52027646558427,8.160370908433247,-0.2822878762077359,-9.744691469642053,-7.363792530050817,-9.040648828410482,-0.007361704317211726,-0.007515952152811867
2024-05-30,81.86000061035156,77.91000366210938,6.316662499812356,-7.488995704746932,-2.073747490035589,1.3170357482134385,7.431037129164956,7.731791923378928,7.640963720153973,-0.02081337195607913,-0.016660351368124715
2024-05-31,81.62000274658203,76.98999786376953,-5.511188563266787,-9.661046702208381,-4.073483962003999,8.335120062374934,-1.0652094937721444,5.033595340628466,-1.1121236216846047,-0.002931808721965523,-0.011808570852208544
2024-06-03,78.36000061035156,74.22000122070312,-5.523647703547539,5.403164235141919,-7.130610859639599,6.0163619971950055,-3.1406696059984363,-1.5426318188182577,1.778872970146974,-0.03994121571341147,-0.035978655928368686
2024-06-04,77.5199966430664,73.25,0.739488457868271,6.143110747297651,-6.971089561292853,-0.9773986040431719,-7.235088687318858,0.34300724567754415,-7.21624394484026,-0.010719805522489856,-0.013069269802606143
2024-06-05,78.41000366210938,74.06999969482422,1.8587986968340626,-7.595855417588475,-1.3445703131636222,4.373985319455919,-1.210692512831157,-2.6000222808004514,-9.932243040347217,0.011480999194839026,0.011194535082924562
