Date,Country,Sentiment
2024-07-26,China,1.131944683442573
2024-02-18,USA,-0.78198932463696835
2025-10-14,Canada,0.39894084777256456
2023-02-15,USA,-0.95442792697901957
2023-02-18,UAE,1.5882662241432894
2021-06-25,UAE,0.489955637339918
2025-12-15,UAE,1.6336976141096959
2023-07-25,USA,-0.7248102687071678
2020-10-07,Saudi Arabia,-0.0825258889857313
2026-03-19,Canada,0.14236476056024083
2023-08-30,Saudi Arabia,0.39718042395782122
2020-02-15,USA,-1.3642445898027136
2020-07-19,Canada,-1.8977609602443533
2025-04-07,China,0.38290423335664003
2021-02-10,Saudi Arabia,-1.2278532787887018
2022-10-13,USA,-1.1578586667529109
2020-12-08,Canada,-0.35604142736634581
2022-11-13,Russia,-2.0750527075863348
2023-04-11,Russia,-1.9673494484765826
2023-04-15,Iraq,-2.0465618644955113
2023-06-29,Russia,-2.1723581607289875
2021-03-21,Russia,-1.7144339322891637
2024-03-10,Iraq,-1.2779498310841342
2022-02-15,Russia,-1.7823819739289493
2022-02-17,Russia,-1.9768135888590068
2024-11-16,USA,-0.58046642145563188
2026-01-11,Iraq,-2.0406953638379974
2026-01-18,Russia,-2.2140011688940051
2021-02-07,Iraq,-2.5180508042251817
2021-02-07,UAE,0.032224911187238442
2022-06-18,USA,-1.0454178340632376
2020-11-11,USA,-0.98383406535460127
2021-09-27,Iraq,-2.0180564513675772
2025-04-14,China,1.1776127184233018
2021-01-11,Russia,-1.4483600259328098
2025-01-05,China,0.53306999979256808
2021-06-21,USA,-0.928644303317274
2023-05-16,Russia,-1.902258867781524
2025-08-25,UAE,0.57982239531892765
2023-11-26,USA,-1.0073800567292397
2022-06-07,UAE,-0.51362172929404237
2021-10-05,Iraq,-2.4580681183950475
2026-03-09,Russia,-2.0679605722452972
2023-10-06,China,0.6820506651331828
2021-07-30,UAE,-2.1563925470481617
2022-04-23,China,0.10216697596122502
2025-07-02,Saudi Arabia,1.027114034637608
2025-04-25,China,1.301239877307597
2026-03-31,Russia,-2.3141424495045277
2023-08-05,Saudi Arabia,-0.28597873398787449
2023-03-05,Canada,0.19503104061269458
2024-07-23,Canada,-0.77201763968741577
2025-01-22,Canada,-0.34478084080742116
2023-03-12,Canada,-0.20520356054341327
2025-12-30,Iraq,-2.0357466893686795
2023-05-14,China,1.1394718638436947
2022-06-09,UAE,1.4167797650632732
2022-03-22,Saudi Arabia,-0.28835103280283236
2026-02-16,UAE,1.1019752919257226
2024-12-24,Russia,-1.8005427648158212
2020-08-24,Saudi Arabia,-0.090792204567945442
2024-12-28,USA,-1.0835802523777651
2024-01-11,China,1.1515639328049654
2024-03-30,China,1.6757138457607081
2023-09-21,UAE,1.84573186459179
2025-07-31,Saudi Arabia,0.23225280581165381
2022-02-02,China,0.50930207793841142
2025-07-14,Iraq,-1.2464487430011575
2026-03-15,China,0.79854151223370884
2020-04-11,UAE,-1.4648134885460622
2020-01-22,China,-0.85263784026460754
2024-11-26,China,1.2636277499295976
2023-01-16,Iraq,-0.71855707560348292
2022-12-20,UAE,1.9932626266605371
2023-08-13,USA,-1.2365244236467596
2025-09-07,UAE,0.29395702678085223
2026-01-30,UAE,2.1921045289449119
2021-11-16,Canada,-0.22793255075977464
2020-05-27,USA,-1.4335110674084734
2024-01-30,China,1.1913174810938509
2022-08-01,USA,-1.02899036011109
2023-11-14,Russia,-1.9134840254897663
2025-10-03,Saudi Arabia,0.66914799994409191
2020-03-27,Iraq,-3.16428902506204
2023-09-11,USA,-0.71332613692965663
2020-03-20,Russia,-1.7258337957156591
2020-01-07,UAE,-0.032551799125174342
2022-07-24,Russia,-2.24692115689109
2022-11-25,UAE,2.5007199172709158
2023-07-06,China,0.7817895972169836
2020-03-10,USA,-1.4881605269470792
2025-07-28,UAE,0.50888247443546475
2021-11-22,China,0.50883889940218752
2021-04-22,Iraq,-2.386893589493011
2025-04-12,Saudi Arabia,0.44038446443895113
2025-10-06,Iraq,-1.2161156098743127
2025-12-29,China,1.1653117456536579
2024-02-07,UAE,1.9627188417908736
2020-06-16,Russia,-1.6640777981267278
2020-08-23,Russia,-1.7620769462973878
2023-10-20,China,1.4379662717767419
2024-12-30,Canada,-0.56496475975539462
2022-11-27,USA,-0.72263060510191179
2024-08-20,China,1.1863628131701698
2026-03-09,China,1.3614628590461477
2024-12-02,Canada,-0.13924357373920204
2022-09-21,Saudi Arabia,0.81519767579180247
2022-02-15,China,0.83429917355258443
2020-10-18,Russia,-2.9597023942542151
2022-03-28,China,0.017742613860509
2024-11-01,Iraq,-2.311738712192756
2025-04-09,Canada,-0.2325285963173728
2022-11-15,Russia,-2.2914589671954819
2025-08-05,USA,-1.1187380279587671
2020-06-07,USA,-2.5663657373960742
2025-03-02,Canada,-0.0034246650790855618
2020-10-28,Russia,-1.7121583305494459
2020-09-03,UAE,-0.067726739394981084
2023-09-02,Russia,-1.4798679087482911
2023-06-19,Saudi Arabia,0.8635704242251574
2024-02-21,Iraq,-2.6370726204282722
2020-02-17,UAE,0.82530626055920386
2020-11-04,China,0.44494180708379444
2022-03-09,Russia,-2.666098758006199
2025-08-26,China,0.90103038442775174
2021-01-23,USA,-1.2427466704110515
2023-07-30,China,0.79148734991417424
2020-05-11,Canada,-0.612506042869915
2026-02-24,China,1.420143130092852
2024-06-13,UAE,0.19839892175486246
2021-03-17,USA,-1.2632915363564206
2022-05-10,USA,-1.0236002268892401
2021-06-05,Canada,-0.86321781942985987
2021-01-07,UAE,0.839196063006145
2022-11-05,Canada,-0.42986276673210677
2020-01-28,Iraq,-2.7820991022253634
2020-10-16,Saudi Arabia,-0.27507617430439169
2024-11-14,Iraq,-0.954714851150606
2025-10-21,China,1.1075260002159359
2022-01-10,USA,-0.89231935562154174
2022-12-28,Russia,-1.6855538519277256
2024-09-29,UAE,1.1498505086705022
2026-01-24,China,1.2497685066893651
2023-05-02,Russia,-1.8719812002659022
2021-04-05,UAE,0.38882458592149011
2023-11-21,Russia,-1.7929696782192546
2022-01-03,Iraq,-3.2320850358729096
2026-02-20,Russia,-1.8288614025907068
2021-12-08,Canada,-0.30090794310156188
2022-02-22,USA,-1.3449253137331192
2022-09-28,China,0.89805231254194018
2026-01-03,Iraq,-1.9639143153270879
2025-07-04,Saudi Arabia,0.39028422602061097
2021-09-29,USA,-1.0726628724482612
2024-11-03,USA,-0.76821002193303
2023-08-12,Iraq,-1.9986200053862748
2025-12-26,UAE,0.87468405830521379
2025-08-10,Saudi Arabia,0.49633206703012939
2023-04-14,Russia,-2.0659529890262807
2021-01-04,Iraq,-4.4456329909275354
2021-12-17,China,0.57781179343473643
2021-03-28,USA,-1.7291466240163218
2024-05-27,China,1.3302481664106656
2023-08-01,Saudi Arabia,0.29489528470652593
2023-03-07,Canada,-0.24705056827532759
2022-06-18,Canada,-0.22510042524804541
2023-02-11,Iraq,-1.2474876668118489
2024-06-22,China,0.93817909834449309
2021-10-27,Canada,0.13396750656721565
2023-07-20,Iraq,-3.4726809390994196
2025-03-14,China,1.054734864122006
2020-10-03,USA,-1.5229883586191286
2020-12-18,USA,-0.97606537106372959
2025-11-27,UAE,1.8941181790014436
2023-10-06,USA,-0.82058822999456993
2023-06-06,China,1.0428991403785364
2023-05-26,Iraq,-1.3600442141944
2020-02-19,Saudi Arabia,-0.5596608989395031
2020-02-15,UAE,0.60303781892338326
2021-07-15,UAE,0.76300043002702322
2021-06-11,Russia,-0.98766938391681147
2021-04-02,China,0.27409123483484793
2023-11-24,China,0.79719739449950977
2022-05-31,Russia,-2.3286683574105158
2024-04-09,UAE,2.2463440896278817
2023-05-08,USA,-0.981848607079309
2020-01-19,UAE,1.4251007057526097
2021-03-21,China,0.15374837049179649
2021-08-26,Saudi Arabia,0.19658971658080288
2023-02-05,USA,-1.1860982610536817
2023-08-26,Iraq,-1.5120160257146895
2020-06-21,Russia,-1.4117175527427652
2026-01-07,UAE,1.1789164077440513
2021-10-31,Iraq,-2.7837428529681092
2024-02-26,Saudi Arabia,0.43615699201891994
2021-07-09,Canada,-0.31360918757064365
2022-04-06,Canada,-0.13829409085376049
2020-09-21,Saudi Arabia,-0.17366003133591812
2020-05-21,Canada,-0.78894202006788461
2023-02-28,UAE,1.8116030551660216
2024-06-10,UAE,1.7738375730144276
2024-01-10,China,0.98116678493611664
2023-09-11,Russia,-1.4182540055797224
2022-11-22,China,0.2500715846565964
2022-10-30,Russia,-2.5633164555960088
2023-05-27,Russia,-2.2262575097969006
2022-12-29,Saudi Arabia,0.29608350321629423
2020-07-05,Russia,-1.7840876744254321
2021-11-14,USA,-1.2648984988612344
2022-03-05,Canada,-0.10162755596106807
2023-07-10,Canada,0.037167475233922706
2020-03-02,USA,-0.94575586989667881
2022-12-11,USA,-1.0899814170987849
2025-06-12,USA,-1.2514143076087831
2022-08-16,Saudi Arabia,0.800535899720319
2025-12-15,Russia,-1.7898496828545167
2022-06-02,UAE,1.8578433832581369
2021-09-12,Iraq,-2.7046769586864539
2023-07-27,Saudi Arabia,0.05495920826326546
2021-12-01,Saudi Arabia,-0.37043663095348067
2024-12-29,USA,-1.1375395458387885
2020-10-04,Saudi Arabia,-0.66950234324343483
2024-08-24,USA,-0.89959562990423136
2024-08-05,China,1.1278723135868454
2023-12-19,USA,-1.0337291124694945
2025-11-12,USA,-0.6825906708249847
2025-09-26,China,1.435618872347747
2023-04-08,UAE,0.86558679872318267
2026-01-06,Iraq,-1.1802774164028771
2025-10-24,China,1.4193000953538486
2025-08-31,Saudi Arabia,0.49122365055786044
2026-04-19,USA,-1.6690507157808518
2022-03-04,Iraq,-2.0565834876654447
2020-07-28,Iraq,-2.9936153240813281
2025-03-09,China,1.5169665319270287
2023-04-18,USA,-1.1166179940712491
2021-06-06,USA,-1.0977861242309954
2020-03-18,Russia,-1.8502756562018092
2025-11-26,Saudi Arabia,1.4068050798604448
2024-08-07,Canada,-0.37959073601101417
2023-04-09,Russia,-2.1196214237202322
2020-06-18,Russia,-1.7070094368862814
2024-07-30,Canada,-0.41347678399871984
2026-01-18,Canada,0.15641850577920974
2020-05-02,Iraq,-2.7521072942221423
2021-04-21,Iraq,-1.9174956621078572
2025-10-25,Iraq,-1.056247710942434
2022-06-15,UAE,1.3902894969513295
2021-07-17,Iraq,-3.4373099089162031
2025-08-31,Canada,0.11976143974539802
2023-11-18,Saudi Arabia,-0.83042500382754292
2020-05-21,Saudi Arabia,-1.1701190502962973
2020-05-12,Russia,-2.2743457575104773
2025-06-01,Iraq,-0.3227288597574437
2025-03-15,China,0.76557214442209343
2020-06-10,UAE,0.34193633748133456
2020-09-10,USA,-1.373300214034707
2024-05-11,USA,-0.79384559700085688
2020-09-03,China,0.1393829857296576
2026-04-01,Iraq,-3.1631903051006458
2022-12-28,Saudi Arabia,0.640992749365278
2022-04-05,Canada,0.11177394226999779
2021-07-13,USA,-1.1111618573242523
2022-10-24,China,1.2276904547387404
2022-10-23,UAE,1.4382746869457339
2022-09-05,Saudi Arabia,-0.78539926946919048
2020-02-07,Iraq,-3.8602876052712785
2022-01-24,Saudi Arabia,-1.706614142931526
2024-07-19,Canada,-0.46178758434252332
2022-08-16,USA,-0.992987943536641
2021-10-07,Russia,-1.3130015883021644
2021-11-28,Russia,-1.3775938654498288
2020-04-01,China,-1.1690875032037962
2023-09-07,Iraq,-0.77226894841180582
2025-02-02,China,1.2354229635136638
2020-11-16,Russia,-1.4684475266256873
2022-10-04,Iraq,-1.603738132198977
2021-07-08,Iraq,-3.211501378073006
2022-10-18,UAE,1.7746707045035055
2022-10-24,USA,-1.1076809737624642
2022-06-23,USA,-1.0265275351286343
2025-11-30,China,0.89778502635629454
2025-12-01,Saudi Arabia,1.3843450178143091
2023-01-28,Canada,-0.51617243345270369
2022-07-20,USA,-0.835587256696962
2024-06-01,Canada,-0.982574866226045
2024-08-20,USA,-0.75462003365523345
2025-02-22,China,1.1805226298160894
2020-09-02,USA,-1.3022255768454414
2022-07-02,Russia,-2.4078333202627564
2022-02-17,Iraq,-1.7080469415146879
2025-04-25,Canada,-0.073603398523653829
2025-04-17,China,1.0917294347616802
2026-01-16,China,1.2674031435350761
2024-02-27,Saudi Arabia,0.582475208837289
2022-04-09,Iraq,-2.8808241388998415
2020-05-29,USA,-2.0013787176275275
2022-12-02,Russia,-1.7700460115289844
2026-02-12,Canada,-0.69310250348475477
2024-10-25,USA,-0.98446138717350384
2025-05-22,Saudi Arabia,1.1143937043369903
2022-11-21,Saudi Arabia,0.49626125416762645
2020-01-03,USA,-2.0225192291228913
2024-06-09,USA,-0.66755216669169037
2024-03-11,Canada,-0.23665703533207016
2023-01-03,Saudi Arabia,1.1124489108250197
2026-03-24,Russia,-2.5578555056219781
2025-07-07,UAE,1.1777363942588581
2020-02-24,Saudi Arabia,-1.6485295445195978
2025-08-31,UAE,1.9787473547654229
2024-04-18,Iraq,-2.5743750448467324
2021-06-28,China,0.7654115099909734
2024-09-07,China,0.95266720447259812
2023-07-29,China,1.1816900732664701
2020-08-23,UAE,-2.3238047605670422
2023-04-25,UAE,0.80266627729034823
2021-07-29,USA,-0.85017166237207609
2025-02-12,USA,-0.70217831849940771
2024-03-14,Canada,-0.31088435103473627
2023-09-07,China,0.93123528708698833
2023-12-30,Canada,-0.61867553401554121
2021-08-02,Iraq,-2.5237558728032679
2021-09-19,Russia,-0.8481261109892686
2020-11-17,Russia,-1.4254899017146128
2025-04-10,China,0.56150481962239651
2025-04-01,USA,-1.0370727733192007
2020-11-03,China,0.438855446276801
2023-08-13,Russia,-2.8944008725075565
2025-10-19,Canada,0.479649563612217
2026-04-18,UAE,-0.24750746783890185
2021-10-19,UAE,2.0852895970254068
2025-08-19,Canada,-0.47551997435545723
2022-07-19,Canada,-0.17587582872278967
2025-07-31,China,0.99887195269992346
2026-03-03,China,1.4399374092707036
2024-05-24,Saudi Arabia,0.77893554759829375
2020-04-17,USA,-1.4892835204043724
2023-12-21,USA,-0.95014596247362682
2023-03-25,Canada,-0.16559566371373666
2022-07-09,USA,-1.2754984656456247
2023-06-13,Canada,-0.35365004474102874
2021-04-21,USA,-1.4845932400472226
2023-08-03,Canada,-0.065528659371538844
2022-06-10,UAE,0.43221383675627462
2022-01-11,UAE,0.87096650053293734
2021-07-17,USA,-1.5902626928932615
2024-04-11,Canada,-0.24944071228605993
2022-06-06,Iraq,-3.1965683743772306
2021-08-11,Canada,-0.66195601076627408
2024-10-12,USA,-1.191272329336174
2024-08-29,UAE,0.63932232740204542
2022-09-13,USA,-0.76903584563320049
2025-07-22,Russia,-2.355342267455335
2021-02-26,Iraq,-3.8817365053957378
2022-02-02,USA,-0.95304057762683547
2025-02-17,Russia,-1.7619015149633095
2023-09-06,Iraq,-1.1996769165887777
2024-02-21,USA,-1.0962565166729794
2026-01-15,USA,-1.1233179884833806
2024-05-01,Russia,-2.3233727544944776
2022-08-08,Iraq,-2.5739466771957167
2025-12-27,Saudi Arabia,0.17928070342027874
2025-06-14,China,1.1387781215837662
2020-05-10,USA,-1.8062006750196784
2023-05-15,UAE,1.4931994479150719
2024-10-28,Saudi Arabia,1.1216116487329579
2024-01-17,Iraq,-4.0673952628385193
2026-03-10,Saudi Arabia,-2.2867207153710889
2025-02-10,Russia,-1.950459179752617
2022-02-19,UAE,1.9941410597829035
2026-03-22,UAE,-1.5276520893625192
2025-07-06,Saudi Arabia,0.76666023491032076
2024-05-04,USA,-0.845442340279775
2023-03-06,China,1.4036459021104528
2021-09-24,Russia,-1.4915397447755485
2024-09-23,UAE,0.528313832516604
2020-11-09,Russia,-1.8212832729847197
2025-01-25,China,0.99717183843549417
2024-09-30,UAE,0.28718060010137236
2021-01-19,China,-0.19173270406019866
2025-12-29,Canada,-0.031194263690489069
2023-02-23,Iraq,-2.0093346334624171
2022-02-24,Iraq,-1.664691491914966
2023-01-21,Iraq,-1.7302802668338091
2022-07-02,Iraq,-2.6974375437045244
2020-02-22,Iraq,-3.140443480000267
2024-02-29,USA,-0.8014040474887606
2020-11-01,Saudi Arabia,-1.2573508428399645
2022-10-22,USA,-1.222043549754614
2022-06-29,Canada,-0.085950225830861954
2023-11-15,China,1.1821102959524716
2025-01-18,Canada,-0.12728895706437246
2026-02-12,China,1.282558538727423
2023-04-11,China,-0.611485665403585
2024-06-16,Canada,0.13823380393630216
2024-10-16,Saudi Arabia,0.77940047880869823
2021-12-17,Russia,-1.1522611023587386
2021-08-22,Russia,-1.1333356708696769
2025-07-27,Russia,-2.1353344334070008
2024-05-22,Russia,-1.9329063427849755
2023-01-09,USA,-1.1057568121804089
2023-01-09,Canada,-0.75147891623644858
2025-01-30,Iraq,-4.7095844127812159
2022-06-25,Iraq,-2.3583459844077272
2023-03-14,Russia,-2.08456642991953
2023-03-14,Saudi Arabia,1.3303049279700974
2024-06-20,Iraq,-2.7800936746894482
2022-01-06,Russia,-2.286294603840878
2023-05-08,Russia,-2.2796641375582234
2024-06-14,UAE,1.0353646094831341
2024-03-19,Iraq,-1.569449338415364
2021-10-01,Iraq,-2.7399029845019722
2022-05-17,China,0.28955899849804811
2020-04-15,Russia,-1.9708333739233339
2023-08-28,Saudi Arabia,0.95477652857720441
2023-12-20,UAE,1.1785174572436019
2020-04-01,Saudi Arabia,-2.0975874831573318
2021-05-16,Saudi Arabia,-2.84962734808944
2022-02-17,UAE,2.0674334970542896
2022-09-01,Iraq,-2.972764830388789
2024-07-11,USA,-0.68877628252327006
2024-07-10,Saudi Arabia,0.58447574780527756
2025-08-31,USA,-1.2960229683475588
2020-03-08,USA,-1.2758196034604283
2023-07-19,UAE,1.8256596959608384
2024-04-06,China,0.93586850928105081
2025-03-13,Canada,-0.32176259684072017
2025-08-12,UAE,1.0806023133286855
2020-03-24,China,-1.4807700572130367
2020-03-22,Russia,-1.9722632528279751
2023-02-08,China,0.98616000066037313
2026-03-08,China,1.6423880457611153
2022-04-15,Russia,-2.7916569578278931
2020-10-31,China,0.3500619770408
2026-03-20,Russia,-2.1087517430038174
2025-02-04,Iraq,-1.2612013442877184
2025-07-03,USA,-1.190573122152923
2020-12-30,USA,-1.1258514648576414
2022-10-09,UAE,2.3059882297837655
2022-12-28,Iraq,-3.1007022740477743
2026-04-05,Russia,-2.6479898233145072
2023-03-11,China,1.2693011173832229
2022-06-28,Canada,-0.065020469999896219
2021-10-10,Russia,-2.2685046255405248
2021-09-02,China,0.72580646187662445
2025-08-22,USA,-1.09687354253799
2022-02-22,Saudi Arabia,0.44854334498055781
2022-02-24,Russia,-3.127218436009763
2020-12-18,Saudi Arabia,-0.033189024907988057
2024-03-04,Saudi Arabia,0.286915450164967
2022-02-04,UAE,1.3505073151315796
2024-08-12,USA,-0.5941536626599967
2023-05-24,Saudi Arabia,0.38070026782548716
2024-02-16,Saudi Arabia,0.55425964392917626
2023-12-05,Canada,-0.5319199034126898
2023-11-23,Canada,-0.50489501407013759
2024-04-09,China,1.348051023756369
2020-11-24,USA,-0.63102244069234681
2021-09-14,UAE,1.5398490962394311
2023-07-22,USA,-0.79548010173412464
2024-10-05,Russia,-2.0376736254077779
2021-03-16,Saudi Arabia,-0.68097959539333663
2021-08-16,USA,-1.3526146576418348
2023-07-07,Iraq,-1.6058757004667334
2021-01-09,Saudi Arabia,-0.27274480348727126
2020-08-17,USA,-1.3780005759650269
2022-06-30,Canada,-0.14674626447900643
2025-11-06,UAE,1.5056392410648758
2022-04-21,Russia,-2.3415383666872898
2024-07-31,UAE,0.076299195707872011
2025-02-05,USA,-0.893575501446466
2022-07-11,Canada,-0.39092433465455612
2023-06-11,Iraq,-1.5455227916918886
2020-10-13,USA,-1.168526686156929
2023-01-13,Iraq,-1.9235423883080087
2023-03-02,USA,-1.0132377277701197
2025-10-29,Russia,-2.0508610367593221
2024-01-29,Russia,-2.1573319868462528
2024-01-22,UAE,2.0112583396405381
2024-08-30,Saudi Arabia,0.69059630285531648
2021-01-01,Russia,-1.0341310843314211
2024-01-04,UAE,1.6114306157265808
2020-09-19,Saudi Arabia,-0.98309215295909591
2020-10-21,China,0.21574715936103409
2023-04-04,Canada,-0.57141039563134455
2024-07-31,Iraq,-3.501184592569917
2023-03-09,China,1.3512697662978925
2021-12-26,Canada,-0.14170696902071528
2020-08-07,USA,-1.5255132330559349
2025-01-12,UAE,2.0884243851381625
2021-04-05,China,-0.23031632410148112
2023-05-06,USA,-0.55587123730760546
2021-05-26,Russia,-1.6744648245488674
2020-01-11,Iraq,-4.4386670630431508
2023-04-13,Saudi Arabia,0.44338521804156006
2024-01-15,Canada,-0.55779902134423
2023-09-22,Iraq,-1.3283855324721119
2025-11-29,Saudi Arabia,0.92785275906738307
2025-11-03,Iraq,-0.6458641022811229
2022-09-29,Canada,0.085170418209124826
2020-01-25,Canada,-0.685153784351912
2025-09-15,China,1.2534545846751417
2025-10-23,Russia,-2.5002151065844123
2026-04-09,China,1.065620541816179
2021-10-19,Russia,-1.3943202099667158
2025-03-26,China,1.2347472612494015
2025-12-15,China,0.80541727065597324
2026-02-11,Russia,-1.9756187160358205
2024-10-21,Saudi Arabia,1.5068662348344752
2024-10-05,Saudi Arabia,0.63766309030539747
2023-11-03,Saudi Arabia,-0.16324914709641142
2020-12-17,Canada,-0.34186445059108467
2021-03-23,Iraq,-1.5480540398351552
2024-06-07,Saudi Arabia,0.41100403837602195
2023-07-03,Saudi Arabia,-0.34872390208633075
2026-03-04,USA,-1.5090958312913931
2022-02-09,China,0.64130693679135431
2025-02-08,Canada,0.1990811908264514
2022-12-21,Russia,-1.2315232536126721
2026-01-25,China,1.30197833613842
2023-08-15,Canada,-0.42114326833507454
2024-04-05,USA,-0.96406679035377374
2022-08-11,Saudi Arabia,0.29101300992485712
2024-12-20,Russia,-2.0493214675834648
2024-06-10,Russia,-1.5502372718558968
2024-08-17,Iraq,-1.4409576593865931
2023-07-01,Iraq,-3.3192868681113863
2020-08-11,USA,-1.3727417335737224
2023-04-21,Canada,-0.55809567822143868
2021-03-09,UAE,0.80795089113708884
2022-08-30,China,0.424791603701839
2022-01-21,USA,-1.2306213587694879
2024-02-16,USA,-1.0544334883090023
2020-07-01,Russia,-1.2425161549979935
2023-12-09,Russia,-1.8659096763657752
2020-02-08,Russia,-1.4606771822361448
2020-03-07,China,-1.9847774247475134
2021-04-08,Canada,-0.53858065266495814
2021-01-24,Iraq,-3.3364056814859531
2021-01-28,Saudi Arabia,0.21396084495547157
2023-11-21,China,1.2776291169995093
2026-02-19,Saudi Arabia,0.98702430298532517
2023-04-19,Canada,-0.38673521566176022
2022-05-12,USA,-0.95667147190043178
2020-12-15,Saudi Arabia,-0.78111873992017555
2021-07-20,UAE,0.03864492239634236
2023-10-05,Russia,-2.0359849335239164
2023-03-23,Canada,-0.43987599678197686
2023-08-23,China,1.0049033753869652
2024-08-10,China,1.4055956914002172
2021-05-10,Iraq,-3.3601846620808726
2023-06-22,Canada,-0.27275666262800369
2020-12-30,Canada,-0.43832106770894036
2022-12-21,UAE,1.397374375932622
2025-09-16,Canada,0.057395266513578777
2020-04-30,UAE,-0.34049624601781958
2021-02-16,Canada,-0.54230331131305332
2024-11-08,USA,-0.44536923816897278
2021-11-10,China,0.43650387103955252
2022-05-26,Russia,-2.1395021181771749
2020-08-09,USA,-1.8181999584978914
2023-05-15,Iraq,-0.70583447766909713
2023-04-11,Saudi Arabia,0.4563982254420173
2023-04-10,Russia,-1.9894275965198396
2021-12-04,Iraq,-2.419653801423157
2021-12-11,Canada,-0.47583481387739512
2024-01-02,UAE,1.4249637847600614
2024-03-11,Saudi Arabia,0.843359929352931
2020-11-19,Iraq,-2.5866346642058069
2022-10-05,Canada,-0.029877710684892745
2022-10-18,Saudi Arabia,0.93027137114645
2021-07-15,Iraq,-2.2072573911573716
2022-06-23,Canada,-0.14422453163532822
2020-05-24,Saudi Arabia,-1.1028119115383821
2021-03-17,Saudi Arabia,-0.25039937774137405
2022-11-29,Iraq,-1.8937506709067373
2021-01-04,USA,-1.3526842895995637
2021-08-29,China,0.76752413351182547
2023-06-05,China,1.2006750424199752
2023-06-09,UAE,1.4881971211760869
2021-11-22,USA,-0.944095501390556
2023-09-01,USA,-0.89201317968045468
2022-07-15,Canada,-0.52481693692247289
2021-09-19,UAE,1.3227965723890189
2023-12-11,UAE,0.51304848151347127
2020-11-08,USA,-0.18918296132337975
2025-12-22,USA,-0.77040725207739547
2023-07-26,Saudi Arabia,0.3914395400892382
2021-04-10,Iraq,-1.222600918631463
2021-04-16,Iraq,-2.1695155180033772
2022-09-14,Russia,-1.9781718110856943
2023-06-04,China,0.38853263534909044
2023-12-31,UAE,1.2849568574630512
2026-01-03,Saudi Arabia,-0.61093597089812934
2022-02-16,Saudi Arabia,0.19722006500408193
2020-02-23,China,-2.1509790552777743
2022-08-30,Saudi Arabia,0.1583648246588765
2020-02-10,USA,-0.079739232604753241
2024-07-12,Iraq,-1.3781442732794631
2021-03-30,Russia,-1.5623102168419838
2021-01-18,Saudi Arabia,-0.68742343780997428
2025-01-17,Canada,-0.21575268492113947
2024-09-20,USA,-1.0515891303950475
2025-08-23,USA,-1.3999602237447932
2024-04-23,Canada,-0.052737583287017213
2022-12-02,Canada,-0.053165161483121982
2021-04-06,UAE,0.70506453610912634
2022-08-13,Canada,-0.68162596430370781
2020-11-23,China,0.055278902778425926
2024-10-29,Russia,-1.8923093237698274
2022-01-02,China,0.1740321169694769
2024-06-11,UAE,1.6873863956241011
2023-09-21,Canada,-1.3226048740328948
2020-08-16,Iraq,-3.1475222104556595
2021-05-16,Iraq,-2.2803272726723649
2024-03-02,UAE,-0.48341579499899823
2025-09-24,UAE,1.4094004571668139
2020-11-17,UAE,1.4433826846779616
2023-05-29,Saudi Arabia,0.083006427586087381
2024-02-21,Russia,-2.4084798089139676
2024-05-01,USA,-1.2476470443761483
2023-08-03,Saudi Arabia,0.36269362007923583
2023-03-03,UAE,1.5685572883665606
2026-04-01,Canada,-0.077952491196688817
2020-08-08,China,-0.22461418060744792
2025-01-13,Iraq,-1.1705624387239943
2024-02-08,Canada,-0.48173378520161747
2023-02-12,Canada,-0.71432328596823291
2020-10-08,Iraq,-2.8965572411455058
2021-01-07,USA,-2.4496644810947128
2025-11-23,Russia,-1.5775076088205731
2025-11-24,Saudi Arabia,1.0023641787949509
2020-01-31,Russia,-1.8927073822374687
2020-01-20,Iraq,-4.1920963771742219
2022-02-08,UAE,1.7349511128639274
2022-07-05,China,0.56343233971643414
2022-07-14,Iraq,-2.2114048545415641
2024-05-06,Russia,-1.9152038111721845
2021-09-26,UAE,1.8267548727839371
2026-04-14,Canada,0.042590507457198848
2021-11-14,Canada,-0.24794578560805972
2023-07-18,China,0.8720842267504586
2023-02-28,USA,-0.94674513854698139
2025-03-17,China,1.1799448938544881
2024-10-22,Saudi Arabia,0.87749992133994326
2023-02-25,China,1.2358501697773507
2022-05-04,USA,-0.897396924266726
2021-01-02,UAE,0.39794956672027043
2021-08-25,UAE,1.2371447874995178
2023-02-05,China,0.96809529829514573
2024-08-26,Saudi Arabia,0.91501666741815135
2021-07-27,Iraq,-3.2201882398362582
2020-10-24,USA,-1.4405740901106423
2025-09-30,USA,-0.92493397222201912
2024-12-06,Saudi Arabia,1.08738347960358
2024-03-13,China,0.92684670335994
2020-09-01,Saudi Arabia,-0.74560913911403393
2021-08-07,Saudi Arabia,0.086649443914486549
2020-02-18,USA,-1.3035047658402408
2024-09-25,Saudi Arabia,1.4006949914502123
2024-02-11,Iraq,-1.8150689541962606
2025-12-31,UAE,1.7262030836954345
2020-02-09,Iraq,-2.314387386570858
2024-04-15,China,1.232920043073789
2021-06-18,Saudi Arabia,-0.090928725004263189
2020-03-01,Iraq,-2.6613735907495442
2024-10-23,Saudi Arabia,0.35683207284843221
2021-01-01,Canada,-0.61410075035964229
2024-12-11,USA,-0.790846969582686
2024-03-27,Iraq,-1.2910079695541805
2020-05-30,Saudi Arabia,-0.929849311874455
2020-10-25,Russia,-2.2232370315515637
2024-03-16,Saudi Arabia,0.83326185201848713
2024-05-19,China,1.515945694416555
2020-10-11,Russia,-2.7170114350500367
2025-04-21,Iraq,-1.4961332041978934
2025-09-13,Saudi Arabia,0.63533732304747959
2025-09-18,Saudi Arabia,1.394301057439433
2022-06-13,Russia,-2.3080272073115569
2025-03-25,UAE,1.552880816923818
2024-07-08,Canada,-0.12749137668882932
2025-08-25,Iraq,-1.355299113882189
2024-04-08,UAE,1.331303007981079
2021-06-30,Saudi Arabia,0.27829214635678862
2026-02-28,Canada,-0.085324637323857908
2024-06-14,USA,-0.69344314059595946
2023-09-25,Saudi Arabia,1.0829224311170682
2021-03-27,Saudi Arabia,-0.026077141442835246
2021-08-27,Iraq,-2.920035674750614
2025-11-14,China,0.82384089298254315
2020-09-02,UAE,0.389282941154493
2023-04-08,Saudi Arabia,0.058213647824594657
2022-09-27,Canada,-0.044181908352209906
2023-04-02,UAE,1.1767900867938319
2025-11-08,China,1.6962364296133507
2020-11-15,Saudi Arabia,-0.22272854260088598
2022-03-27,Saudi Arabia,-0.77503941500940188
2022-10-22,Iraq,-0.77631924932462815
2024-09-18,Iraq,-2.6362876758913361
2024-04-08,USA,-0.55480432925095691
2024-09-04,Canada,-0.21817832098165579
2021-12-09,China,0.3798054688160572
2020-10-02,Saudi Arabia,-1.2862448552710259
2024-08-05,Saudi Arabia,0.9911692316078301
2025-11-15,Iraq,-0.880909490136507
2024-05-28,Canada,-0.33518370455429292
2023-10-04,Russia,-1.8303038009371806
2023-06-06,Iraq,-0.63036272169514818
2020-09-10,China,0.41272061877343469
2022-08-24,Canada,0.11641956887849346
2024-07-23,Saudi Arabia,0.80338265716629753
2021-09-28,UAE,2.0680838015051859
2023-12-11,Iraq,-2.2680664351062112
2021-07-10,Canada,-0.35567237548182828
2024-10-26,China,1.3611603962918617
2023-05-05,Iraq,-2.3380857083846056
2020-03-23,Russia,-2.0798112192608031
2022-11-26,Canada,-0.51678083195181979
2021-06-05,UAE,0.44600468225379414
2021-08-23,China,0.43106085815157019
2024-03-09,Iraq,-0.7907048395590246
2022-04-24,Canada,-0.25744302247752732
2023-06-18,China,1.113804239053207
2024-05-09,Canada,-0.29309450865285497
2022-06-29,UAE,2.1742230192140877
2025-10-07,Saudi Arabia,1.081937791614791
2020-05-20,Iraq,-2.3439091522820288
2021-01-25,USA,-1.0384270791096104
2021-04-17,USA,-1.6310703049997992
2023-04-16,China,-0.46843251414121762
2023-10-21,Saudi Arabia,-0.19464967410198086
2022-07-29,Saudi Arabia,0.44089723058549651
2023-06-28,USA,-0.76160433154719587
2025-05-15,Canada,1.0143095280231529
2024-12-15,UAE,0.50991478780990485
2020-08-19,USA,-1.169644100656074
2024-03-15,Russia,-2.2181391059702613
2020-10-27,China,0.090597508362385448
2022-08-23,Russia,-2.2191100720209538
2020-02-12,Iraq,-2.0208289578979812
2020-04-24,USA,-1.411448566584838
2024-04-19,Canada,-0.11376203506186244
2025-10-15,Russia,-1.6898764377155635
2022-11-14,Iraq,-4.1122109834345659
2020-01-15,Canada,-0.32670664834692981
2024-03-21,Canada,0.027848522137557966
2025-02-20,Iraq,-0.50318239857366109
2025-02-16,UAE,1.5228436014487807
2023-03-22,Saudi Arabia,0.570489989457324
2023-06-23,Saudi Arabia,0.45485409818476474
2026-03-21,China,1.2173216264587488
2023-06-14,Iraq,-0.86058629559535027
2022-04-06,USA,-1.1950710347941169
2023-12-09,Saudi Arabia,0.25842865931790865
2022-03-10,Canada,0.096022748650767292
2025-12-13,Russia,-2.1591379845205858
2023-07-25,China,0.796819998401334
2021-09-15,USA,-1.0751066860136589
2021-12-02,USA,-1.015386191714208
2020-01-15,USA,-1.2401205267198059
2020-01-14,UAE,0.632310941302766
2021-12-15,UAE,1.7861130107171039
2020-08-11,Iraq,-3.9310866350376226
2021-12-23,Iraq,-1.7767317291055271
2021-12-21,UAE,1.5376578309472242
2021-10-08,Russia,-0.64044679615244271
2025-02-12,UAE,1.1773856780551502
2023-03-08,Russia,-1.8488617453018426
2021-07-08,China,0.45705693000293957
2025-04-03,Saudi Arabia,-0.10265481539427579
2023-03-16,UAE,2.0255730220344672
2024-04-27,UAE,0.66480980005138468
2024-02-12,UAE,0.30928247573488
2022-01-29,China,0.78941584367660622
2020-02-09,USA,-0.936529868927505
2021-11-14,Iraq,-3.0083583454996092
2026-02-09,USA,-0.46413042904186863
2025-08-11,Canada,-0.56545409296053151
2022-07-24,USA,-1.1045148254280395
2021-08-19,Canada,-0.43474258310633734
2025-05-15,Saudi Arabia,0.72450309712699279
2020-08-18,China,0.17043702025319238
2025-11-22,Canada,0.2410129675658606
2025-02-21,USA,-0.97141710276103654
2022-09-22,Iraq,-2.8108610983424009
2025-02-05,Saudi Arabia,0.71757600646775588
2022-12-24,Russia,-2.3079670964617889
2025-04-13,Canada,0.31902620705248935
2025-10-26,USA,-0.78253250577986944
2023-08-17,UAE,1.4507596477800526
2024-11-04,Canada,-0.59142695852843463
2025-12-30,Canada,-0.016828634200397347
2022-11-15,UAE,1.8569353046181756
2020-01-18,Iraq,-3.3029633083243288
2023-09-11,Iraq,-1.4159097232417412
2024-08-31,Iraq,-2.4628257036044552
2023-09-21,Russia,-2.1584296152985938
2024-01-08,Saudi Arabia,-1.0479711988018199
2023-07-01,UAE,1.8614410021054726
2020-10-30,USA,-1.3441153487417592
2022-09-21,Canada,-0.35217439749771562
2020-05-03,China,-1.0028236266126753
2020-02-14,USA,-1.1000205877057005
2021-09-26,USA,-1.2098342769158965
2024-02-18,Russia,-2.8274153116195526
2022-08-02,USA,-1.553033088287276
2021-10-12,Canada,-0.12635559562526882
2020-02-27,China,-1.6740816981101052
2020-11-23,Saudi Arabia,0.067627162668636068
2021-10-29,China,0.42980271385151653
2021-03-18,UAE,0.74209307978129979
2023-09-23,USA,-0.677885612170263
2021-10-01,Saudi Arabia,0.18554277696683477
2025-02-20,Russia,-1.7754783355662433
2024-12-05,UAE,2.0885842617334989
2024-05-13,Saudi Arabia,0.6844126912339864
2024-05-12,Canada,-0.98052639194232138
2020-11-15,USA,-1.1488373855587808
2024-07-24,USA,-0.75488191844707464
2022-01-20,Canada,-0.30169666449644733
2026-04-05,USA,-1.4811948859038935
2023-11-19,Russia,-2.4977925991269663
2022-05-23,Canada,-1.2003890908371533
2022-01-09,Saudi Arabia,0.23827538484639288
2024-08-04,Iraq,-2.9919213654403656
2021-05-23,Iraq,-2.367509309811084
2020-10-16,Canada,-0.65442784610317839
2020-04-30,Saudi Arabia,-1.101138717570056
2022-09-02,China,0.78705527988516677
2022-04-07,Russia,-2.6699190300429136
2020-05-26,USA,-1.2742374563631245
2025-08-30,Iraq,-2.0037657720667084
2024-04-21,UAE,0.4720657900977277
2020-03-03,USA,-1.1817787230524834
2023-11-28,Saudi Arabia,1.361163046447349
2023-07-27,UAE,1.5909984975844631
2023-09-18,UAE,1.9398589632939551
2020-06-14,USA,-2.1725434519464448
2023-11-08,UAE,1.2385037701241568
2022-11-24,Saudi Arabia,-0.0826339379983408
2025-11-18,UAE,2.1006481622270656
2023-01-07,Iraq,-1.4863201074685808
2024-03-01,Canada,-0.14766390961198883
2021-04-26,USA,-0.44689045957467516
2022-01-20,Russia,-1.6403690041907697
2021-01-15,Russia,-1.356446562751578
2023-02-19,Iraq,-1.3584634680422809
2024-02-03,Canada,-0.5009832418184581
2020-07-28,Russia,-1.4174396821928739
2020-02-29,China,-2.0703160014567303
2025-05-23,UAE,1.6674911223123932
2022-07-23,UAE,0.65676271744582737
2024-12-30,Iraq,-1.9192677452180287
2021-03-19,China,0.30892924988590237
2025-05-19,UAE,1.730052166672746
2023-07-07,China,0.79491273587542088
2024-05-23,Saudi Arabia,1.0952384071673962
2023-12-27,Saudi Arabia,0.720709813469641
2025-02-02,Saudi Arabia,0.74485998720484681
2022-06-19,USA,-0.73288739307384665
2022-01-12,Iraq,-2.3733388601881766
2020-08-04,Russia,-1.7104669245490174
2024-02-08,Saudi Arabia,0.7239245316567221
2021-09-02,Russia,-1.0472197416825413
2025-08-26,Saudi Arabia,0.27208118127214048
2025-10-02,USA,-0.84795860345424223
2024-10-27,Russia,-2.1758954727004833
2026-04-30,UAE,0.57734098966976988
2022-12-14,USA,-0.7440505100624053
2024-01-19,Russia,-2.1000295784737255
2021-08-13,Iraq,-2.6371060387105789
2021-06-06,UAE,0.74936766405063571
2024-03-06,USA,-0.51489976225853529
2021-02-26,USA,-1.140094891937514
2023-01-11,Canada,-0.47169014839784745
2023-06-09,Iraq,-1.7151591680007048
2024-05-11,China,1.7395010752777897
2020-02-20,USA,-1.2593800715533436
2020-05-05,Canada,-0.80540493217377573
2021-07-01,Russia,-1.3516176445317643
2023-03-01,Canada,-0.084447971105471184
2025-04-10,Russia,-1.9192239648601768
2024-07-11,China,1.2611483239761581
2024-09-30,China,1.7484990127881637
2020-12-08,China,0.26384660399911347
2022-03-05,China,1.2278710365138079
2025-01-06,Russia,-2.2437378783024067
2024-06-24,China,1.434667595179655
2023-12-29,China,1.3235960937204323
2022-04-29,Iraq,-1.8882705427604873
2024-05-10,UAE,1.3720396645543549
2022-02-06,Saudi Arabia,0.87485967618737381
2021-08-05,Russia,-1.4788165510677547
2025-10-25,Canada,-0.031387588467272784
2021-07-12,USA,-1.3469085170575037
2021-11-11,Iraq,-1.9996404328662234
2025-06-03,Russia,-2.2201916537037176
2020-05-14,Iraq,-2.59332730803532
2022-06-08,Iraq,-1.8902491725484278
2021-04-15,Saudi Arabia,-0.88621508786273762
2020-01-13,Saudi Arabia,-0.37392850306092495
2024-08-26,Russia,-3.2415722923553569
2021-02-21,Russia,-1.6760104827621825
2025-11-15,China,1.1197077773863084
2024-12-09,UAE,1.8762028885364439
2020-04-05,USA,-1.9150068909791989
2020-04-04,USA,-1.6978715605109023
2022-06-19,Russia,-2.096671001493811
2022-10-23,USA,-1.263191607761069
2025-01-11,UAE,1.4795537878709866
2020-03-04,Canada,-0.89266180182368959
2024-02-05,Iraq,-3.538855608563797
2025-06-02,UAE,1.5233726419903637
2022-08-14,Iraq,-2.712077196435589
2026-02-17,UAE,1.1166193800739936
2020-11-20,China,0.52799606157395851
2023-07-22,Russia,-3.1343673985524809
2025-12-01,Iraq,-0.90593215992227483
2024-12-30,China,1.0959574636740883
2022-05-11,Iraq,-2.6253925633722144
2023-04-24,UAE,0.76594904501603911
2021-01-06,Russia,-1.1633889179857428
2024-06-01,UAE,0.84897649183999269
2023-07-05,Canada,-0.764632370272285
2020-09-03,Russia,-2.0369946809834514
2020-04-01,Canada,-0.98983520672722491
2026-01-29,Iraq,-1.4750411966806616
2021-02-17,Russia,-1.5425258304913085
2022-04-09,China,-0.3087357954039221
2025-01-15,Iraq,-1.7125567418283503
2024-09-21,China,1.4113557584571312
2022-03-13,Canada,-0.11283626177498796
2023-09-14,Saudi Arabia,-0.13759835059757702
2024-10-16,Iraq,-1.388643975128697
2021-11-25,UAE,1.9119298907352673
2021-02-01,USA,-1.031771076430426
2021-02-05,China,0.15335392221093863
2021-07-06,USA,-1.0727059032123663
2021-09-25,UAE,1.6555151113527162
2025-09-11,USA,-1.5236249723362747
2023-07-11,Iraq,-1.5875653080907819
2023-02-28,China,1.0332451087789278
2020-06-16,Saudi Arabia,-1.5763937553680929
2021-03-16,UAE,0.25085316053537593
2024-01-04,Russia,-2.3254755898671551
2020-04-09,Canada,-1.2834707551399842
2021-02-01,UAE,0.57887712716735729
2022-06-13,Canada,-0.50774985773707249
2022-08-08,Saudi Arabia,0.23458499134993968
2024-09-19,China,1.2179507254473074
2021-01-23,Russia,-3.5839120453934932
2021-04-12,China,0.365302067230401
2020-01-08,China,0.62237300650662919
2020-12-15,Iraq,-1.7588415014806074
2023-07-05,USA,-0.99651328090858315
2021-10-03,UAE,-0.0972943424527555
2021-12-23,Saudi Arabia,-0.70129867512613342
2023-01-10,Canada,-0.59596859596241281
2021-02-22,Canada,-0.60499529035579769
2020-01-22,USA,-1.5374224890416757
2023-01-24,Canada,-0.49971827802267577
2022-12-25,China,-0.049771187459066925
2020-07-10,USA,-1.4408529176935867
2023-08-19,USA,-1.1946711808418853
2024-02-17,Iraq,-1.367686575255513
2021-01-17,Russia,-2.7228552189286725
2021-06-18,Iraq,-2.3264002765658849
2023-04-30,USA,-0.92497386112338331
2020-05-16,Canada,-1.2611508631926234
2020-05-17,Saudi Arabia,-1.7872912496223488
2024-09-03,Russia,-2.5274780456141648
2020-10-09,Saudi Arabia,-0.77094132399501258
2025-05-26,Russia,-2.4110187861259615
2023-10-27,Iraq,-2.9732893967517637
2022-01-30,Saudi Arabia,-0.17723978909049837
2026-03-11,Russia,-2.1901985643160806
2024-11-28,USA,-0.70952330960632581
2025-11-09,China,1.5196295380996461
2026-03-31,Iraq,-3.0234444981013051
2025-09-13,Canada,-0.23389878387306334
2024-02-26,China,1.4715838896241697
2020-09-29,UAE,0.38295295640674804
2025-04-05,Russia,-2.86606688412549
2022-10-18,Iraq,-1.1148325389354503
2022-12-31,China,0.38340585159805629
2025-08-30,USA,-1.2348232203879936
2026-04-17,China,1.2967222967426655
2021-01-19,Iraq,-1.5995597712983334
2022-12-03,China,0.15083909684361518
2020-05-13,USA,-1.5497066033944802
2021-06-20,China,0.27255992560069958
2025-08-28,UAE,2.0512674309392396
2020-02-28,USA,-1.5191399072615424
2023-07-23,Canada,-0.70775607349406355
2022-05-12,Russia,-2.1479619632097959
2020-03-13,Saudi Arabia,-2.2337878823175523
2024-03-21,UAE,1.7199335060364678
2020-03-19,Saudi Arabia,-2.3040927403973122
2021-12-20,Saudi Arabia,0.48102870428237288
2024-05-25,Iraq,-0.73147331201894916
2021-05-01,Canada,-0.66748476359002384
2022-02-03,Canada,-0.43322150391412878
2024-11-18,UAE,2.2780420430034392
2020-11-13,UAE,0.75504510563465066
2026-01-20,Russia,-1.6758942816369735
2024-09-29,Russia,-2.3129452747455113
2020-09-20,Canada,-1.024632028627332
2023-07-14,USA,-0.9663453065421217
2025-01-07,Saudi Arabia,-0.0023862696685863771
2024-04-24,China,1.0722416675628468
2022-03-18,Saudi Arabia,-0.17567921194041658
2023-07-20,USA,-0.56860372486457877
2023-02-26,Canada,-0.032074060612928008
2024-06-10,Saudi Arabia,0.70404782424623424
2021-08-18,Iraq,-2.750582837369433
2020-08-29,Saudi Arabia,-0.64905911429362928
2022-05-01,USA,-0.97420960062619644
2023-09-21,Saudi Arabia,1.1095373967667668
2020-10-31,Saudi Arabia,-2.2915078555160777
2026-03-10,Canada,-0.30510634792845442
2021-05-16,UAE,-0.56947597282923135
2025-02-05,Russia,-2.0977897804340064
2020-07-20,Saudi Arabia,-0.57814979432924063
2021-07-08,USA,-1.4359643623255862
2021-07-11,USA,-1.1913268529216727
2022-09-06,USA,-0.84196623566334516
2021-06-13,USA,-0.97358553389061575
2020-12-03,Canada,-0.44610884931233319
2023-07-12,USA,-0.72390178888157541
2020-05-21,China,-0.24436856431737816
2024-06-26,Russia,-2.1309352594092972
2026-02-15,UAE,1.2163885585979326
2022-01-01,Iraq,-2.2655066587538513
2024-10-29,Canada,-0.31379779204944341
2024-10-24,Saudi Arabia,0.28156687429351318
2021-12-17,Iraq,-3.0053190015983282
2023-10-07,UAE,0.64884650937225885
2026-03-15,Canada,-0.37664127490824029
2021-11-28,Saudi Arabia,-0.21746480060577608
2020-09-02,Russia,-2.064344335493288
2025-11-09,UAE,2.1820184034628869
2025-04-28,Saudi Arabia,0.035719834114519233
2023-03-05,USA,-1.0222297987910269
2022-08-31,Saudi Arabia,0.073813856051447108
2023-05-30,Saudi Arabia,0.45367645290146419
2020-02-11,Iraq,-3.6504387356928412
2024-02-19,China,1.2866879172328298
2022-08-19,Iraq,-3.900520658299957
2022-01-07,UAE,1.1301296609792413
2026-02-16,Saudi Arabia,1.1039846126896145
2023-04-13,Canada,-0.11729640335366974
2020-10-02,Canada,-0.50135842567685851
2024-01-02,Saudi Arabia,0.52525143671404617
2025-11-20,China,1.3410558592594317
2023-10-08,UAE,1.1200752348235852
2025-02-21,UAE,1.4796205790866117
2021-07-20,USA,-1.0476185012766426
2023-01-01,UAE,1.9645224004559516
2024-11-26,Iraq,-1.1390050570287922
2021-11-04,Canada,0.0056459443129131181
2025-04-01,Canada,0.035129761303980732
2020-05-25,USA,-1.4630904960394908
2024-04-01,Iraq,-2.6689110566265035
2024-06-26,Saudi Arabia,0.53430587599862334
2024-10-28,China,1.4714802257904551
2024-06-29,Saudi Arabia,-0.55974425503118685
2020-11-22,Russia,-1.6807258456167526
2025-12-06,China,1.241437841914627
2022-02-27,UAE,1.484293836509786
2020-01-09,UAE,0.79250860319378991
2025-08-04,China,0.74076993133280056
2022-05-13,Russia,-2.3054653444030331
2020-12-19,USA,-1.2089271906559014
2023-04-20,Saudi Arabia,-1.3980233481578956
2023-04-20,China,0.95414610657793
2025-02-27,China,0.94182826686692644
2024-05-24,China,0.87325600031364792
2021-05-10,USA,-1.1790108100946342
2020-09-04,Saudi Arabia,-0.43368633464765866
2026-03-23,Russia,-2.1365396851911149
2023-06-17,USA,-0.91185420083893831
2024-08-01,USA,-1.0627875077130369
2020-05-08,Russia,-1.4790730816857163
2022-10-05,Iraq,-2.3068726064189411
2021-09-22,Russia,-1.4251715664261093
2021-04-25,Russia,-1.4554423446992029
2025-09-05,Russia,-1.1634565129216294
2020-09-28,Canada,-0.042676640972855291
2024-09-23,Saudi Arabia,2.3192588291692782
2021-02-10,USA,-1.2489246970014343
2020-07-09,USA,-1.4204130847398453
2021-06-11,Iraq,-1.9376138872244546
2025-06-11,USA,-1.3418174447678763
2024-07-04,Canada,-0.088892108383612889
2021-09-05,Russia,-1.3610401479717082
2021-09-09,Canada,-0.36836662999095887
2024-06-28,China,1.5239896895397109
2023-02-21,Russia,-1.8369165439384596
2022-07-17,China,0.47491523766603455
2022-07-21,China,0.66909971148966663
2024-03-08,China,1.4157789622891881
2021-07-20,China,0.21096245232652419
2020-10-20,China,0.25483441186274891
2025-09-28,USA,-1.3967921983859701
2025-09-23,Russia,-2.4832220109652083
2024-11-01,UAE,1.1501084800432024
2022-06-24,Canada,-0.12103990840602191
2025-03-28,Iraq,-1.3677204990138629
2022-07-24,Saudi Arabia,-0.38944801693336334
2021-03-18,Saudi Arabia,-0.15366472435757325
2021-12-20,UAE,1.7563464258149459
2022-04-17,China,-0.24385464040759955
2021-07-25,China,-0.20971089317468566
2022-02-01,China,0.59571672449333779
2020-04-13,UAE,-0.570163549000814
2025-11-10,Iraq,-0.56251591928934175
2026-03-12,Saudi Arabia,-1.9899748597644984
2022-03-29,Saudi Arabia,0.20664679932267371
2022-01-12,Canada,-0.75805043192767263
2021-12-26,Saudi Arabia,-0.27407799926105381
2024-02-09,USA,-0.70505011554280828
2021-12-05,Iraq,-3.1478810377958597
2023-09-13,USA,-0.63775437846466487
2021-03-18,Iraq,-1.8940181501274285
2022-11-27,China,-1.0300662520673121
2023-02-01,UAE,2.0205311341554415
2025-11-13,USA,-0.92155995642486954
2020-04-04,China,-2.111062524852489
2020-12-31,UAE,-0.021239868353842492
2025-09-17,Canada,-0.0016626716364929457
2025-04-15,Russia,-2.1539125499085352
2020-05-03,Iraq,-2.8057114949113582
2025-01-30,Canada,-0.13102601591948124
2022-10-24,Russia,-2.1934350907907159
2021-12-28,Russia,-1.3754399878384473
2021-01-16,China,-0.42537452907052364
2023-09-17,Canada,-1.0239943070823461
2020-01-06,Canada,-0.36623767910929172
2024-12-28,Iraq,-1.9404422238755388
2020-03-28,Canada,-1.3290738389272418
2022-11-30,China,-0.052189602173454343
2021-05-09,China,0.21324455286135258
2020-10-25,Iraq,-3.4311018358176106
2025-07-06,China,0.669538971664348
2024-11-30,UAE,1.6866019034242363
2023-08-06,UAE,1.0802506314556601
2021-09-27,USA,-0.93189491067134911
2025-04-07,Saudi Arabia,0.31815627944741515
2026-01-25,Saudi Arabia,0.58791852180079729
2024-07-14,China,1.3768680992159716
2022-05-26,Iraq,-1.8303394563136379
2025-10-15,China,0.88666859767575
2021-06-14,USA,-0.83546516877680754
2020-08-03,UAE,0.38546448183037818
2021-06-23,Russia,-1.7207458900517068
2022-03-17,China,0.25258258594332561
2024-06-28,Saudi Arabia,0.5820190267843055
2020-11-24,UAE,0.95019220916005265
2026-02-21,Saudi Arabia,1.0668289534289479
2025-03-01,Saudi Arabia,0.77709945444275086
2021-01-06,China,-0.481342938184098
2023-10-09,USA,-1.058800931594823
2026-03-15,Saudi Arabia,-1.5013339499234108
2025-07-15,Iraq,-2.1319228967817319
2020-06-25,UAE,-0.1479662793180081
2025-09-13,Russia,-2.1279818466876663
2021-11-08,China,0.63322429850704187
2022-09-06,China,0.46000352025344254
2024-02-18,Saudi Arabia,1.3884026058606251
2024-09-16,China,0.64453844532917792
2022-03-07,Russia,-2.7526474126379212
2025-03-30,Saudi Arabia,2.4137957524036322
2025-01-09,Saudi Arabia,0.77317832102114
2021-09-09,USA,-1.0621462812992715
2021-04-12,Iraq,-1.3495276563984588
2024-12-21,UAE,1.4600067355457287
2023-10-29,Canada,-0.43526705635575458
2024-06-19,Iraq,-1.3441088694513685
2020-01-02,Russia,-1.0766810966176905
2020-08-16,UAE,-0.329709962044158
2024-03-28,UAE,1.6106769392606588
2025-07-14,USA,-0.73093708601005991
2023-08-24,Iraq,-0.93388302455092509
2023-01-01,China,0.85435039800350621
2025-04-17,Canada,-0.1604487843355632
2025-09-16,Saudi Arabia,1.1673947477504081
2022-08-27,Iraq,-2.6939228290735193
2021-07-15,Canada,-0.39686458167901717
2023-03-13,Canada,0.093877884170231921
2023-12-05,USA,-0.89974644027092965
2026-04-15,Saudi Arabia,-0.36030989609434139
2024-09-11,Canada,-0.1625260905479258
2020-12-06,USA,-1.2229436897071311
2021-06-18,USA,-0.80899673123149562
2023-05-11,UAE,1.9536722436908116
2025-10-04,China,1.246284495568206
2022-07-25,UAE,1.2491655057870028
2023-01-27,UAE,-0.60536202603111833
2022-09-14,USA,-0.96017100090492791
2022-02-04,Canada,-0.85205592890997628
2026-03-17,Canada,-0.46686851246107436
2023-10-18,Canada,-0.61851595040041152
2026-01-07,Russia,-1.6964374211173376
2025-07-09,Iraq,-1.053965978145603
2025-04-18,Russia,-1.7798609179468765
2023-08-04,Saudi Arabia,0.2294901198916689
2025-10-30,Russia,-2.1596727770434323
2026-04-02,Russia,-2.1526390628129608
2021-11-11,China,0.4795589003620796
2022-06-23,Russia,-1.9068317777642658
2024-01-23,Russia,-2.2261711081047375
2024-09-09,UAE,1.185413891486353
2021-08-09,USA,-1.164514272391592
2022-05-07,Saudi Arabia,-0.58774091029583331
2020-12-14,Russia,-1.447194204892247
2021-06-03,Saudi Arabia,0.043815492724632504
2021-08-28,Russia,-1.3743951636054457
2023-02-02,Iraq,-1.7666382279136867
2026-03-02,Iraq,-3.4130895074997496
2024-08-03,Iraq,-2.2680901033951395
2023-06-23,China,0.740175055911106
2020-05-04,Iraq,-2.4634576254724379
2022-06-19,Iraq,-2.7062877315739478
2022-01-16,USA,-1.7349146283162662
2022-01-12,Russia,-1.6007445784092966
2025-01-24,China,1.2125740239669183
2022-10-11,USA,-0.98602087344060252
2020-04-27,Iraq,-2.6105091949368995
2026-04-25,China,1.889011949304765
2023-05-03,UAE,1.6783839590180172
2021-04-13,Saudi Arabia,0.13843973742740626
2023-05-04,USA,-0.96565192478363082
2022-12-15,China,0.419720501727196
2020-08-22,China,0.37852386730453669
2021-03-14,Saudi Arabia,-0.78626876456231343
2020-12-17,China,0.31378119812982763
2025-02-27,Russia,-1.6009273526914851
2024-08-04,UAE,0.36283125142595379
2020-01-24,Saudi Arabia,-1.7965890676582559
2023-09-01,Canada,-0.5042366806156352
2021-05-18,China,0.33879669258071243
2023-10-16,Saudi Arabia,-0.70209281689257441
2020-10-19,USA,-1.0421753639594222
2023-05-26,China,1.0589539739147822
2020-05-08,Iraq,-1.8369758214943581
2023-03-04,Iraq,-1.5164140355655296
2020-09-30,USA,-1.3809333743842251
2022-06-15,Russia,-1.8072919852148659
2022-01-12,Saudi Arabia,0.58971249656518765
2024-09-15,Iraq,-1.8701273683043993
2020-03-05,UAE,-0.37384596781421997
2021-04-06,Canada,-0.70892201574433544
2021-04-06,Iraq,-2.2912403916941417
2020-11-25,USA,-0.89756396893200041
2021-03-29,UAE,0.44009094845667612
2025-11-01,Russia,-2.0647474215513584
2022-04-21,Iraq,-3.0010890675946569
2025-09-25,Russia,-1.9584374518114449
2022-06-11,Iraq,-2.0251819704786334
2024-07-16,Iraq,-1.5589954778823463
2022-05-22,Russia,-2.3269094289564771
2020-12-02,Iraq,-2.2786040255076219
2025-03-28,Russia,-1.7521735231041062
2025-10-03,Iraq,-1.4051965303180531
2020-10-09,China,0.23830885544985328
2026-02-23,USA,-1.2339345757132212
2023-09-09,Iraq,-1.0675530099995232
2023-11-06,Iraq,-3.1875432888998234
2021-12-14,Saudi Arabia,0.78299544513785091
2023-01-10,China,0.370325210757899
2026-03-21,Russia,-2.5226970795406487
2020-09-27,Canada,-0.80476585775272791
2025-06-05,Iraq,-1.369136491011564
2022-03-22,China,-0.1189709494150525
2020-02-27,UAE,0.59293684404330715
2024-08-31,China,1.0987178309965326
2020-03-22,UAE,-1.8048835998214372
2021-01-06,UAE,0.76414434805064
2022-10-27,Russia,-2.0544419173635919
2024-08-15,Iraq,-1.5452043137189688
2022-02-07,Iraq,-1.5375604631605628
2026-03-22,USA,-1.6228337114086184
2021-10-31,Russia,-1.4069780207904885
2025-04-09,Russia,-1.9658361510108433
2020-11-30,Saudi Arabia,-0.73089584445323108
2021-01-25,Canada,-0.84884660769891074
2022-06-07,Saudi Arabia,-0.10358845574960397
2021-10-25,Russia,-1.4019709849014912
2024-10-09,China,1.2760213932878826
2021-03-23,Saudi Arabia,-0.59990869073978781
2020-03-17,Russia,-1.8002466305651634
2021-10-08,Canada,-0.085027746247199679
2023-10-03,Iraq,-2.6223454938277095
2022-11-07,Russia,-2.0910847732935265
2025-04-28,USA,-1.0010322865167578
2022-10-07,USA,-1.301386776879252
2026-04-03,USA,-1.2383705644283109
2023-05-31,Russia,-2.126922065064722
2021-06-13,Canada,-0.78945350292037986
2022-12-03,Iraq,-1.0223299273885325
2023-02-13,China,1.1934926610231638
2022-06-08,UAE,0.93277633506672164
2021-04-13,China,0.16843179184081572
2021-12-06,China,0.31450827287298777
2021-12-09,Iraq,-2.4841250274518072
2021-03-10,USA,-0.92694394538308378
2020-10-04,China,0.21945964856544564
2021-01-03,USA,-1.7183329456320362
2020-01-02,Iraq,-3.5485948828470262
2026-01-03,China,1.1107028865629478
2025-10-24,Saudi Arabia,1.0909787034138636
2021-09-28,Iraq,-1.7703458259949443
2024-09-13,USA,-1.0971842842973223
2021-04-01,Iraq,-1.8860817666720184
2024-12-24,Iraq,-0.58131883487138614
2025-05-24,UAE,0.41144642552876615
2020-06-10,USA,-1.7074676739914714
2020-06-09,UAE,-0.05208353655924744
2021-08-11,Iraq,-3.6310512602546519
2025-12-03,Russia,-1.4584524059295829
2023-09-23,Iraq,-1.2652874770750373
2024-12-18,China,1.4382637608601681
2021-03-26,Iraq,-2.3551295190446528
2024-06-01,Russia,-2.0236259698319832
2020-10-13,Russia,-2.1274537484292453
2022-10-07,China,0.6441802892716193
2020-05-04,Russia,-2.0838149562027373
2023-03-06,USA,-0.94207996930780258
2021-02-01,Russia,-1.8536199729733767
2024-11-20,Saudi Arabia,1.1146133699892165
2021-07-19,Russia,-1.4917099468103221
2025-12-25,Russia,-1.5286765827712119
2024-04-13,Russia,-2.5316902929507537
2026-02-07,USA,-0.81288903986672933
2026-04-25,UAE,-2.2805098633712619
2025-12-09,UAE,1.9001760065425408
2023-11-05,Iraq,-2.391297516981457
2025-05-16,USA,-0.92544333821674707
2021-12-18,UAE,1.7364028786760459
2020-01-05,UAE,0.18564614045948405
2021-03-21,UAE,1.0208991368135987
2023-02-03,Iraq,-1.1767582537414729
2020-03-17,Saudi Arabia,-2.3725518564186552
2025-05-02,USA,-0.79647325674181568
2023-10-12,USA,-0.93006424654271758
2020-07-12,UAE,-0.55385328392882371
2023-01-27,USA,-1.0032207553310315
2022-11-24,China,0.40121227128464571
2023-04-25,Iraq,-1.3986075675297891
2021-03-24,China,0.076639259664858114
2020-03-12,China,-1.7003568502732818
2021-10-07,UAE,1.1046802901740929
2024-08-12,Canada,-0.41296004384755336
2022-11-04,Iraq,-0.91222398865782017
2020-06-24,Iraq,-2.2633798196978709
2021-08-01,UAE,-1.9960697043490285
2021-02-06,China,-0.28226308191095961
2024-02-14,UAE,1.7844430830598406
2024-09-13,China,1.2419392435059395
2024-09-15,Russia,-2.2022008836595179
2022-03-02,UAE,2.2151621978539433
2024-09-19,Saudi Arabia,1.5405971215042296
2024-02-02,Canada,-0.3832411149769534
2022-03-10,China,0.94794118230532043
2023-09-30,Canada,-0.32837582047685332
2021-09-01,UAE,1.5915324060382887
2023-05-17,UAE,1.1918661968603532
2025-08-05,Russia,-2.356452919581745
2023-09-19,UAE,1.6645960200182415
2024-12-28,UAE,0.82759601186222853
2021-03-20,USA,-1.6027898115609793
2025-07-28,China,0.72531440883067222
2024-01-07,Iraq,-2.2184516839239028
2020-11-18,Russia,-1.4547372345915623
2026-01-19,USA,-0.68414790505392442
2022-06-15,Iraq,-3.4128002486103663
2024-09-25,Russia,-2.0283073814597783
2024-04-15,Saudi Arabia,-0.86619718972779747
2026-04-19,Iraq,-1.9423175653556395
2022-03-06,Canada,-0.14138144268819003
2023-11-19,China,1.4705320650955327
2022-03-09,Saudi Arabia,0.39418845933021995
2021-08-31,China,0.45655530859364551
2023-07-26,Canada,-0.47550627853622152
2022-03-20,Saudi Arabia,-1.8396596274880161
2023-10-08,Canada,-0.64573148779256362
2020-04-13,China,-0.89341174671896484
2025-09-26,Saudi Arabia,1.1494257160395707
2025-02-02,Russia,-2.7754682541588056
2023-06-17,Iraq,-1.0199497176892736
2020-11-17,Canada,-0.45190594783100313
2024-07-28,Russia,-2.1501386344237488
2022-01-23,USA,-1.3587292298529119
2023-05-30,UAE,2.3278344249865275
2021-11-16,Russia,-1.9098254121258946
2024-02-07,Canada,-0.38492699683311438
2021-10-21,UAE,1.6912910627550317
2023-05-05,UAE,1.965901092333679
2020-06-13,China,-0.68086191038957289
2020-12-10,Saudi Arabia,-0.075104209288467463
2022-05-10,Canada,0.04921377671687955
2021-10-03,Canada,-0.2302940852014915
2024-08-09,Canada,-0.42977047315239192
2025-02-14,USA,-0.71843934506323259
2026-03-15,Iraq,-3.3982028223988636
2021-11-20,Saudi Arabia,-0.1550013904106996
2025-07-18,Saudi Arabia,0.68943921049325507
2022-11-08,Canada,-0.21236936383371885
2024-07-23,China,1.2706000373853872
2024-11-20,USA,-0.72715112357939071
2026-04-02,Canada,0.4664388437896444
2025-09-05,Iraq,-1.9530660266405226
2021-08-30,USA,-1.9654086537126949
2021-10-16,USA,-1.2570942876477045
2021-04-09,Saudi Arabia,-0.6396514841216332
2023-11-28,Iraq,-2.3017469619803426
2023-11-22,Canada,-0.53289137525582742
2023-09-13,China,1.0126243315496244
2023-04-28,Canada,-0.081153134112557465
2026-03-01,Saudi Arabia,-3.2469477605151744
2025-02-26,USA,-0.43809476371143552
2025-05-08,Russia,-0.68142598821709488
2022-10-25,UAE,1.8100281186387175
2023-04-01,Russia,-2.2374630556395112
2024-07-30,Saudi Arabia,1.1709010251567578
2026-01-12,Canada,-0.34653265967257085
2023-03-17,Iraq,-1.9045118995432979
2022-08-03,China,0.046783931759864519
2022-03-03,China,0.87633364214134135
2021-12-31,Canada,-0.52729887376010076
2025-06-02,China,0.824088782716669
2026-02-15,Canada,0.24935858720430462
2025-03-16,UAE,0.636622208218582
2026-02-18,Iraq,-2.4432204507875546
2021-04-14,UAE,0.58128123709989332
2022-12-14,Canada,0.23011840667591704
2020-08-29,Russia,-1.71363499531445
2023-09-29,Canada,-0.3803772536347057
2021-01-09,China,-0.66570616451805764
2024-10-02,Iraq,-2.3964798316550775
2024-03-29,China,1.4739729198282097
2025-02-22,Saudi Arabia,0.77043081408228675
2020-06-27,USA,-1.6635558710468321
2022-07-12,Russia,-2.1840910462122438
2020-06-18,Saudi Arabia,-0.813129178054762
2023-10-10,Canada,-0.25274952193966971
2023-12-01,Russia,-1.8617669683552496
2024-07-21,China,1.3238639073929586
2020-02-15,Russia,-1.616113224051299
2021-09-27,Saudi Arabia,0.33479940379499562
2021-09-26,Saudi Arabia,0.7753519285686048
2020-11-06,Iraq,-2.8464706693523483
2022-09-08,Iraq,-1.1943947900028353
2021-12-30,Canada,-0.76522797722086955
2023-02-17,Russia,-1.8981844911914465
2020-05-14,UAE,-1.13857846388239
2020-07-29,Saudi Arabia,-0.63341652161515061
2023-05-09,Russia,-1.7411790789130366
2024-10-14,Canada,-0.85817849707931326
2021-12-18,Russia,-1.0951011909689727
2026-03-02,USA,-1.6880719931177479
2024-12-08,Russia,-2.6712927072082908
2023-01-02,China,0.22091981589940857
2024-05-13,Iraq,-1.3326940538664558
2021-05-22,UAE,1.076817165991323
2020-07-18,UAE,-0.4961362871809204
2024-02-24,China,1.3790835340692509
2022-12-28,China,0.1066738817109711
2020-04-29,Canada,-0.901634191174885
2020-09-22,China,0.077913023524268793
2022-06-28,USA,-1.4678586522120214
2021-11-13,Iraq,-2.7509823719909532
2021-06-17,Iraq,-1.7972321847604642
2025-12-12,UAE,1.4710187054583215
2024-12-31,Saudi Arabia,0.49268533372705775
2025-01-01,USA,-1.4531446143785736
2021-09-12,China,0.070965590551526944
2023-06-28,UAE,1.7691561152328226
2023-06-29,China,1.1990509916639938
2020-12-18,Iraq,-1.8168373858774813
2024-12-04,Iraq,-1.8221626869779439
2024-05-28,Saudi Arabia,1.1319849459005744
2025-07-14,Canada,-0.32579815874886914
2022-07-01,Saudi Arabia,0.18769586578137834
2023-06-03,UAE,0.77518823228714973
2026-01-12,Saudi Arabia,1.0008366515620077
2020-02-20,Iraq,-2.6247439262151029
2024-11-23,Russia,-2.1469633122557812
2021-06-21,China,0.441389037293383
2026-02-16,Russia,-2.2010103148817914
2025-05-29,Iraq,0.55401587215547532
2025-05-27,China,1.1039426007262478
2020-03-23,Canada,-1.2659808051178774
2021-08-16,UAE,0.8805858918145083
2023-11-09,Iraq,-3.2108305300848619
2021-12-17,Saudi Arabia,0.80051362986799346
2025-11-19,Russia,-2.1042416454725958
2023-12-17,Canada,-1.0661693313593572
2022-07-06,China,0.62056342552336208
2023-05-29,China,1.0304636677364587
2026-01-22,USA,-0.73395704072062684
2025-04-09,Iraq,-1.411640081777948
2020-04-22,Iraq,-3.2819804065370763
2025-08-30,China,1.5688026705292302
2022-05-27,China,0.51252876767732558
2025-01-05,Canada,-0.72247641405653851
2024-07-06,China,1.4048778375115991
2024-02-09,Canada,-0.34459009305536359
2021-06-26,UAE,1.1291185672309927
2025-05-29,China,1.3307408439085129
2025-12-08,Canada,0.36425496019423115
2023-01-30,China,0.97474488869306186
2020-01-02,Canada,-0.3483081330218446
2024-08-09,Russia,-2.7640922858834163
2023-12-23,USA,-1.1149116580822136
2021-11-30,Iraq,-3.2799037666063855
2023-01-19,Canada,0.069434137957786718
2025-01-20,China,1.1856037372891486
2025-08-31,Iraq,-1.9269769822453793
2023-12-02,Saudi Arabia,0.15561942871848475
2020-08-09,China,0.26019293835023788
2025-03-31,UAE,0.10602977428556264
2023-07-20,UAE,1.991339805609432
2025-03-14,Saudi Arabia,0.58679379430900969
2021-10-04,Saudi Arabia,-0.2857990625217568
2022-09-15,Canada,0.16020434455646129
2024-06-09,Canada,-0.22488889495591627
2022-07-08,UAE,1.6164287657951122
2025-10-23,USA,-1.1057337622844168
2021-07-06,China,0.34873638978901367
2024-04-30,USA,-0.96178867418858016
2022-01-29,Iraq,-2.8791558799729633
2020-07-08,UAE,0.46406979958986666
2022-05-24,UAE,0.86787536600825366
2022-03-04,UAE,1.8196394906106244
2023-02-15,Canada,-0.4281732439724002
2025-03-24,USA,-0.91948447313257864
2020-05-16,Russia,-1.9519642057905437
2025-01-03,Iraq,-1.6123726883451732
2022-08-13,China,0.23773697143157985
2026-02-12,Russia,-2.2015409448533116
2025-11-22,UAE,0.23318511040359596
2023-04-03,USA,-0.917647531538671
2025-02-08,Saudi Arabia,-0.11250577866024156
2026-01-23,Canada,-0.50107080763717415
2024-09-24,USA,-0.9319186222257998
2025-01-22,Saudi Arabia,0.91010243786929013
2021-06-15,Iraq,-2.4313578113657557
2020-08-01,Saudi Arabia,-0.41278883712222036
2021-06-22,Canada,-0.4031156959905709
2024-09-07,Canada,-0.51395037530645293
2022-11-16,UAE,0.92155973729823193
2025-05-21,Canada,-0.16869771917627374
2025-12-02,USA,-0.90229454300925316
2025-03-03,China,1.5747505474656924
2022-07-20,Iraq,-3.7535183732840078
2022-11-28,Canada,-0.21791445827796166
2024-12-16,Saudi Arabia,1.0639011372708826
2023-07-02,UAE,-0.44621127255293253
2025-02-15,China,1.3597034705972775
2023-04-06,China,-0.25180421742944487
2022-07-08,USA,-1.1429501537504316
2023-03-05,Iraq,-0.68223309179213854
2022-01-17,USA,-1.290767180403495
2024-09-12,UAE,0.77325984627121369
2021-01-12,USA,-1.5429439978606383
2023-09-30,Russia,-1.8268682982442237
2021-01-23,Canada,-0.97741656986591274
2022-06-05,China,0.36773031127047306
2025-12-05,USA,-0.49187598384201403
2022-07-29,USA,-1.1260146968985194
2023-06-24,Russia,-3.6677368108410953
2022-09-11,Russia,-1.9516293197933399
2020-09-16,Saudi Arabia,-0.13794700056754422
2022-04-24,USA,-1.0884767385187235
2020-02-19,UAE,1.0220910078972685
2024-07-28,Saudi Arabia,0.76724156057981929
2025-09-07,Russia,-2.9411073079458974
2022-09-07,Russia,-1.8615678303935081
2024-04-02,China,1.1912641955576355
2020-02-28,Saudi Arabia,-2.2352738462007369
2022-01-04,Canada,-0.6436982538017274
2022-06-01,Saudi Arabia,0.28908440623045656
2021-10-29,Russia,-1.5682363008684475
2021-04-13,Russia,-1.601530551999113
2021-09-10,UAE,0.84528529411115672
2022-05-06,UAE,1.0725562586673569
2022-11-21,Iraq,-3.6568893133689766
2023-09-20,USA,-0.79993649143553736
2022-11-20,China,0.48361516518429626
2020-06-30,UAE,0.096844431787050489
2022-04-10,Saudi Arabia,0.073972991244678793
2023-03-29,Russia,-1.8234067253460255
2023-10-12,UAE,1.43017978994369
2026-03-27,Iraq,-2.9116861582314053
2023-08-30,Canada,-0.4757211382071162
2023-03-04,USA,-1.1375851836694488
2021-04-20,China,0.68855906062112315
2023-08-03,UAE,1.1818434753690417
2020-11-12,Canada,-0.62645872426411131
2023-08-12,Canada,-0.26584389481809423
2022-05-27,Canada,-0.52414514880925522
2020-12-05,China,-0.017989655788713286
2025-03-24,Canada,-0.30666020392483573
2024-02-06,Iraq,-2.2383802868280753
2022-08-21,Canada,-0.20600670158797837
2022-12-13,China,0.11299976167447397
2025-12-07,UAE,1.4706146182915083
2023-09-29,Iraq,-2.3431348283088957
2024-05-29,China,1.1590164604301363
2023-08-20,USA,-1.2136120521878824
2024-08-15,Russia,-2.4062753071714393
2023-01-19,China,0.993008932973605
2023-03-02,Iraq,-1.3797427646375893
2021-11-12,Saudi Arabia,-0.0790962859989208
2022-08-04,Russia,-2.420947651257745
2024-02-01,Saudi Arabia,0.55284202428813034
2024-02-01,UAE,2.19642332102847
2020-03-04,USA,-1.0030681965948951
2024-07-06,Saudi Arabia,1.2360278429513307
2021-01-22,Canada,-0.53612711909617417
2024-06-20,USA,-0.6546929171062178
2023-02-25,USA,-1.2799253408714213
2020-08-17,China,0.23959925083774253
2021-10-03,China,-0.12189461903913698
2020-03-14,Russia,-1.6723669903273573
2023-12-18,Russia,-1.7822320886748524
2025-07-16,Saudi Arabia,0.65842963446126868
2023-04-05,China,-0.098743591680200152
2026-03-28,Saudi Arabia,-2.2406475079930162
2025-01-31,China,1.067377809227525
2022-01-21,China,0.61899461875848338
2025-01-29,UAE,2.1808344678938263
2024-06-30,Russia,-2.239986966728543
2025-06-11,Russia,-1.9903058878348656
2022-03-17,Canada,0.24884061393277265
2022-11-19,Iraq,-1.6053362128644244
2021-05-30,USA,-1.3792521343133943
2022-11-02,Canada,-0.16162855247919464
2022-11-01,Iraq,-1.446975181498122
2025-07-04,Russia,-2.4015125814794893
2020-05-05,Iraq,-3.1465696158975724
2022-06-18,Saudi Arabia,0.38769802266258274
2020-11-07,Canada,-0.37651593567730773
2025-04-09,Saudi Arabia,1.1595189381589472
2023-11-10,Iraq,-2.355436823285503
2025-03-30,USA,-0.86175644275263164
2024-01-14,Russia,-2.2442600279192204
2021-03-15,UAE,0.62344816657912
2020-01-04,Russia,-1.0757544523958908
2024-03-15,China,1.0901175985109559
2025-11-05,China,1.2318672092860541
2024-05-04,Canada,-1.0208782719626415
2022-08-23,USA,-1.1596081326680268
2022-06-11,Canada,-0.77678401619254889
2023-08-19,China,1.0086590959025652
2022-11-17,Russia,-2.3318188771025
2023-01-30,Russia,-2.3188554128653562
2020-03-27,USA,-1.6783584706449375
2021-05-31,Canada,-0.44878634005743007
2024-10-15,Iraq,-1.4186563040264233
2021-08-27,USA,-1.8930637232554837
2021-10-07,China,0.0035566802848581679
2021-10-09,Canada,-0.38977385918853913
2023-08-20,UAE,0.9778878089482379
2026-03-16,USA,-0.816134309434947
2025-09-26,Iraq,-1.0520644446386556
2022-11-01,UAE,2.001567045550976
2022-11-08,UAE,1.708678660066435
2026-01-16,Canada,0.076961060001345838
2025-01-23,Iraq,-1.7786745192772035
2022-10-13,Iraq,-1.9771849869697937
2020-11-08,Iraq,-1.3853048431439721
2022-05-21,Iraq,-2.4333832063190619
2025-01-09,USA,-1.2453352212180682
2025-03-29,Iraq,-0.810020519490508
2024-06-13,China,0.94011519846326685
2022-07-22,UAE,1.6651026539767608
2020-03-13,Canada,-1.3819895499636325
2021-10-02,UAE,0.022032229912494934
2023-10-08,Russia,-2.3588255347668929
2022-02-04,USA,-1.1669425325582063
2024-05-30,UAE,0.63152797335692434
2021-05-15,Canada,-0.94867957609512221
2022-11-01,China,0.93586161331219775
2022-10-01,USA,-1.5476936563550978
2024-04-12,Saudi Arabia,-0.6892950676967653
2021-10-16,Iraq,-2.088536977190524
2022-05-29,Russia,-2.1554251910234088
2020-11-21,Russia,-1.6750213955813051
2021-09-15,Iraq,-2.5645100092670163
2021-08-09,China,-0.25567916075829655
2021-05-26,China,0.13013527111073248
2021-08-15,Russia,-1.7861836351990006
2022-02-23,Saudi Arabia,0.71626867139839812
2023-07-07,UAE,1.0896440096979916
2026-03-03,Russia,-2.0152459040432147
2025-11-22,China,1.4973435844931862
2021-07-24,Canada,-0.66889024403871822
2025-05-06,USA,-0.73953375036780888
2026-03-13,China,1.1731096548270925
2022-09-29,Iraq,-4.1223839044292818
2020-12-30,Saudi Arabia,-2.447424118552525
2025-09-21,UAE,0.12954303003721249
2023-08-07,China,0.71087965452609581
2021-07-19,Iraq,-5.2406308243937
2022-05-23,Russia,-2.73977667062176
2021-10-11,China,0.093941211015386744
2021-01-27,Canada,-0.71224458303035176
2023-05-15,Saudi Arabia,-0.16946337738795703
2025-05-30,China,1.3737603628514556
2021-10-26,China,0.48263908930792659
2022-12-18,Canada,0.057739081402243583
2025-08-17,Russia,-2.1562743336274361
2024-12-20,Saudi Arabia,-1.3373906208891984
2023-04-28,Iraq,-0.80026253001364855
2025-07-21,Russia,-2.4493090758648903
2021-07-27,Saudi Arabia,-0.2169819818782224
2022-02-01,UAE,1.3575567296884941
2023-03-22,Iraq,-2.00668126744877
2025-02-18,UAE,1.6393995130946608
2020-01-22,UAE,0.61862562739841265
2023-04-05,USA,-1.2893201850631795
2023-04-06,UAE,1.9538626015838916
2025-09-27,Canada,-0.18332733703269707
2023-06-19,Canada,-0.15072610127763486
2024-11-20,Iraq,-1.7559738616085119
2024-02-05,Saudi Arabia,0.664004556759867
2026-02-04,USA,-0.75618645325179179
2023-11-21,Saudi Arabia,-0.26039393064126265
2022-02-20,Saudi Arabia,0.39731138635488283
2025-03-01,China,1.4571351424494883
2025-05-19,Russia,-1.5332309196302825
2021-06-03,China,0.2274337370234798
2021-05-10,Canada,-0.70411795615939676
2021-05-18,Canada,-0.31033123520522043
2026-01-17,Saudi Arabia,1.0942708122396356
2020-07-08,China,-0.17801924878856484
2025-06-10,Russia,-2.4099591621801295
2022-03-15,Canada,0.048527744217521082
2021-03-11,Russia,-1.314245947534977
2024-01-16,China,1.1581914728044373
2023-11-01,Russia,-1.994557032496185
2022-09-18,Saudi Arabia,0.7036977759719113
2020-06-21,Saudi Arabia,-1.3701099295299306
2026-03-29,Iraq,-3.2977492650195765
2022-08-24,China,0.43369194363320096
2024-04-25,Saudi Arabia,0.91038078150024015
2025-01-21,China,1.2181947455231754
2025-12-26,Canada,-0.62908952414152142
2020-08-07,Canada,-1.3035881627910113
2022-08-02,Canada,-0.26286836046300233
2020-03-05,Saudi Arabia,-1.586159311077096
2026-02-25,Saudi Arabia,0.66599662073451293
2024-01-10,Saudi Arabia,0.10453409952454409
2022-07-27,Iraq,-2.9960913074083644
2022-07-28,Saudi Arabia,0.44747448165220821
2021-08-19,Saudi Arabia,0.018682039615093796
2023-07-04,China,0.69190344892693934
2025-07-25,Saudi Arabia,0.577420630835503
2025-02-14,Iraq,-1.2241565501224567
2025-07-11,Saudi Arabia,0.19673997074002592
2020-10-29,Canada,-0.39798376662328749
2022-02-16,USA,-1.0488025533307126
2023-06-13,Saudi Arabia,0.47340733736600882
2022-08-26,Iraq,-2.3530491059985157
2025-04-13,Iraq,-1.1596118979652972
2025-01-20,USA,-0.28683169502350447
2024-04-29,USA,-0.8242194787977033
2022-06-26,USA,-1.2852680084591253
2023-05-01,USA,-0.65206677948328129
2023-02-14,Canada,-0.32902282491733531
2024-07-04,USA,-0.62929831569856642
2021-09-05,China,0.49723646169670638
2021-12-09,Canada,-0.32991603515937951
2024-06-19,Canada,-0.19168908101094884
2022-04-17,UAE,2.2790690397897135
2025-11-14,Canada,0.18146575345611826
2023-06-01,Russia,-1.8390431251423833
2025-02-01,UAE,2.0574409227768387
2024-11-03,Saudi Arabia,0.856337607821921
2022-09-06,Canada,-2.013334820114836
2024-07-02,Saudi Arabia,0.82055816275383608
2023-02-24,USA,-1.2261478462910769
2020-12-29,USA,-1.2148997295572574
2025-05-11,USA,-0.53014655543803924
2024-08-16,Saudi Arabia,0.51276757117820426
2023-04-23,China,1.1065604968241982
2024-03-22,UAE,1.84848818125079
2025-02-26,Saudi Arabia,1.2654326166161789
2024-08-07,UAE,1.229798728594877
2024-03-24,Russia,-5.0598140017546358
2021-02-24,Iraq,-3.4273467104802458
2021-07-24,USA,-1.3512023347419071
2024-03-14,China,1.2554359637753656
2021-11-27,Saudi Arabia,-0.20029242185338264
2020-04-02,USA,-1.6933537950230202
2021-04-24,Russia,-1.333492516906378
2021-07-14,Saudi Arabia,0.3540156909073548
2020-07-07,Iraq,-2.7307043852323685
2022-08-03,Iraq,-2.9631753493826394
2020-05-12,Saudi Arabia,-1.6377065179123738
2020-05-18,UAE,-0.31338848513564654
2024-10-21,China,1.5517208241943663
2025-03-19,Saudi Arabia,0.16926854055331061
2021-12-01,UAE,3.2878669077764968
2023-09-13,Saudi Arabia,0.55027074188158887
2021-06-06,Canada,-1.1486499611457088
2021-01-08,China,-0.22209676987606494
2022-10-26,Russia,-2.0284459598499849
2023-06-06,Canada,-0.45052887877843589
2025-11-01,USA,-0.88505813144080692
2023-06-17,Canada,0.25710029824607061
2025-10-23,UAE,1.5875492301468508
2021-02-15,UAE,-0.089749390589905054
2026-04-13,UAE,0.43644601873095423
2022-01-25,Canada,-0.28917056670000074
2022-08-09,Saudi Arabia,0.37992291110170179
2024-07-06,Russia,-1.7388604465806123
2020-03-07,Iraq,-2.4195084037551959
2023-04-15,China,-0.18851913631321268
2020-03-18,Saudi Arabia,-2.592671838476253
2020-03-16,China,-1.6741070751829759
2022-10-31,Russia,-2.1886573641097473
2020-04-13,Russia,-2.1523622051914812
2026-03-12,Iraq,-3.8000346125969187
2025-09-29,Saudi Arabia,1.4405255180560586
2026-01-20,Canada,-0.036080966834514484
2024-09-25,China,1.4906915295723391
2022-12-05,UAE,2.3690227996982691
2022-08-15,Iraq,-2.3748505603215673
2022-03-12,Russia,-3.0382838028948274
2024-06-15,Canada,-0.42744425928996027
2023-02-09,China,1.2073145666258673
2024-01-05,UAE,1.3249393945166728
2020-09-13,Russia,-2.0383802422960122
2020-04-10,Canada,-1.2161348520739683
2025-07-09,UAE,1.7383610471410702
2023-05-25,China,0.86297563921371256
2022-10-06,Canada,-0.036341305342757715
2020-02-19,Russia,-1.7802694826250314
2025-10-22,Iraq,-1.2108496372835835
2024-07-28,China,0.849841215772323
2021-07-06,Canada,-0.27640203398092184
2021-11-11,USA,-0.82552980006109555
2020-07-08,Canada,-0.93213886954855
2021-12-25,Canada,-0.27509606745550019
2024-09-21,Saudi Arabia,1.5312592249914709
2021-10-16,China,0.33894418821867617
2025-08-27,UAE,1.6704925787525029
2021-06-20,Russia,-1.32008300325154
2023-05-17,Russia,-1.7259078230600726
2025-12-11,Iraq,-0.90535195762461518
2024-06-20,China,1.1557129826646921
2022-12-17,USA,-1.2303120361333597
2021-12-04,Russia,-1.1387920049417455
2020-03-26,Russia,-2.122250040104416
2024-01-13,UAE,0.64124759960410727
2020-06-04,Canada,-0.87158529095268178
2020-10-03,UAE,0.03266147349328475
2023-07-06,Iraq,-1.6023157201946834
2023-02-07,UAE,0.96083371447489507
2021-01-11,Saudi Arabia,-0.22229083926125326
2021-12-29,Russia,-1.3405455516069746
2020-08-08,Canada,-1.0281056050199509
2022-12-05,Saudi Arabia,0.72366672198457149
2023-02-10,Iraq,-1.7851144648573014
2022-03-15,Iraq,-2.6962345837536295
2025-08-11,Russia,-2.1086118207445876
2021-12-03,Canada,-0.45190098572499371
2022-05-06,Saudi Arabia,-0.57021038923580214
2025-11-28,Iraq,-0.85874804413050554
2024-08-04,China,1.7376366872213902
2021-07-21,Saudi Arabia,-0.30688205904486826
2021-02-25,USA,-1.0580625397175587
2024-12-05,Saudi Arabia,-0.52365209067231067
2020-04-14,Canada,-1.2120641099495386
2022-11-06,USA,-0.898851485122512
2023-03-06,Saudi Arabia,0.74480152481265
2021-04-28,USA,-0.96013376739924872
2022-04-07,China,0.0900191041631047
2026-04-07,China,1.1940950000788906
2023-08-18,Iraq,-2.9241840356970679
2021-07-17,China,0.24797304844089371
2025-03-30,Canada,0.068001554524391772
2023-02-14,Russia,-1.692711121688611
2023-05-12,Russia,-1.952993666359178
2023-07-30,UAE,1.2075471810179519
2025-08-19,Iraq,-2.8026255459884459
2023-11-25,Iraq,-3.2415693587949708
2021-10-23,Saudi Arabia,0.65290376935116712
2023-02-21,Saudi Arabia,1.0054463749429972
2026-02-23,China,1.0538527742776844
2022-05-09,Saudi Arabia,1.0473746300900115
2020-03-23,Saudi Arabia,-2.7384773479255204
2024-12-19,China,1.4015511032473844
2023-01-11,Russia,-1.6986938333099664
2020-08-31,China,0.28529707948988453
2026-03-27,Russia,-1.9026084994937438
2025-09-24,Canada,0.043172776126246523
2020-11-13,China,-0.016755435332088568
2023-12-15,China,1.0685639443009625
2024-04-30,China,1.376004660481956
2022-06-22,China,0.42012270865486417
2020-07-08,Saudi Arabia,-0.798027406149519
2020-08-07,UAE,-3.5100914468553293
2025-01-19,USA,-0.758926908282834
2025-03-29,Saudi Arabia,1.4204541783605904
2024-06-13,Russia,-1.6749004971655193
2020-08-23,Canada,-1.1621353549053315
2021-06-04,UAE,0.02556992553235915
2021-11-26,Canada,-0.50706432046025585
2022-09-27,USA,-1.1653154834979513
2026-01-02,USA,-1.2302679094690252
2023-09-04,China,0.94684528891137743
2023-01-16,Canada,-0.0839438404094198
2020-07-14,USA,-1.6466671737634844
2023-08-07,Russia,-2.3753470201746674
2025-10-27,USA,-0.59030538830595669
2022-01-22,Saudi Arabia,-2.4294783021082091
2023-08-10,Russia,-2.406265987279705
2022-01-29,USA,-1.3239605149203009
2024-09-05,Canada,-0.021456495163482567
2023-10-21,Russia,-2.0968752481947766
2022-07-19,Saudi Arabia,-0.16665378421111973
2025-12-01,China,1.0378243570555152
2024-03-28,USA,-0.9483798255526108
2023-03-25,Saudi Arabia,0.30831619814671446
2022-02-06,Russia,-1.4232347140094865
2023-08-01,Canada,-0.28516415923385163
2020-07-17,Canada,-0.69826087515899848
2021-11-08,Iraq,-3.4225503406868283
2021-11-07,Russia,-1.6755504695956223
2023-08-14,Saudi Arabia,0.43879434441178
2022-01-26,Saudi Arabia,0.22319752795259826
2025-12-27,Russia,-2.1208550851927366
2022-08-03,USA,-1.2678752559261235
2020-11-28,Russia,-1.8635242692836029
2026-04-21,UAE,0.11060176121641765
2020-05-19,USA,-1.1414492921617019
2023-05-04,UAE,2.5841838122302634
2024-10-24,UAE,1.5986016172072495
2023-11-03,Canada,-0.29642847523272203
2021-07-22,Saudi Arabia,-0.44096319150461827
2021-02-28,Canada,-1.129070881619993
2024-05-27,Iraq,-1.2848655085450984
2020-11-16,UAE,1.0178348908940076
2025-09-12,UAE,-0.046972514015654138
2025-09-14,UAE,-0.13623038563798456
2024-02-27,Canada,-0.56795402398553529
2023-03-18,China,1.1271483889376315
2023-03-17,Russia,-2.353782792778834
2021-10-19,Saudi Arabia,0.62606449784377238
2022-03-24,Iraq,-1.7829271220504066
2026-02-24,Canada,-0.24700240004128637
2025-05-31,Iraq,-0.0067246327838296621
2022-11-11,USA,-0.71101897362409772
2025-08-02,Saudi Arabia,-0.54545420893930763
2024-12-19,Iraq,-1.5382008940408094
2023-03-24,Iraq,-3.1804047794064818
2024-07-31,Canada,-0.37950012604395211
2026-04-09,Russia,-1.9403128854879927
2023-03-12,UAE,1.1043103034659083
2025-10-16,Iraq,-2.8927365641913396
2022-01-24,UAE,0.37320962329781276
2025-08-21,Saudi Arabia,0.86195850940263441
2021-01-27,Russia,-1.794828574158077
2024-06-23,Iraq,-2.2492454254255136
2026-02-18,China,1.0404949999975264
2025-05-23,Canada,-0.40420320956817457
2023-10-23,Iraq,-2.8090175752511382
2025-05-14,China,1.0383361191334823
2020-03-14,UAE,-0.73805996052671918
2024-08-15,Saudi Arabia,1.2478368930868826
2020-01-24,Iraq,-3.6405345818998733
2024-11-14,USA,-0.563998620982206
2020-11-08,China,0.571815175142765
2025-09-07,Iraq,-2.4236318651896687
2025-09-01,China,1.2135581592967466
2026-04-16,UAE,1.2474139739297396
2024-04-03,China,0.74458091891799838
2025-08-22,Russia,-1.5240478576776475
2022-03-17,Russia,-2.5737451823465811
2022-07-18,UAE,1.1000502321261181
2024-03-31,Canada,-0.14906235035531462
2023-09-23,Russia,-2.2519516074120323
2021-01-03,Saudi Arabia,-0.97997401061576073
2024-05-25,Saudi Arabia,1.1745679090197212
2022-10-29,Saudi Arabia,0.2808192334614415
2023-08-22,Iraq,-1.4271913240060492
2022-09-24,Canada,-1.7159217534156646
2023-06-11,China,1.0840790971205709
2025-07-04,Iraq,-2.7904445670987394
2024-11-30,USA,-0.70513774227470927
2023-08-02,Russia,-2.3510558141096172
2021-02-04,UAE,-0.02542121517996291
2024-11-05,UAE,1.2270095391689924
2020-04-22,USA,-1.4727590988513708
2025-10-13,China,0.86876422525878561
2020-08-07,China,-0.10009664546042965
2021-12-31,UAE,0.893619729710368
2022-12-12,Iraq,-1.4791921025176016
2021-01-27,Iraq,-1.9983526687513646
2025-12-16,Canada,0.23061640717918194
2020-07-27,Saudi Arabia,-0.36595085951949147
2021-08-15,Canada,-0.76823360867663038
2021-10-02,China,0.11934404865659967
2024-05-10,Russia,-2.1948848129422651
2020-11-17,USA,-0.866868239418339
2022-12-25,Iraq,-3.2058071006713038
2021-09-25,Saudi Arabia,-0.23544142592699127
2020-09-26,USA,-1.5108163903103549
2020-03-03,Russia,-1.7057451853887962
2023-11-25,China,0.984522526239487
2024-10-09,Russia,-1.9407642576792872
2024-06-13,Saudi Arabia,0.82080485471079556
2020-12-13,Iraq,-3.1057648753293678
2020-12-14,Saudi Arabia,-1.5091193742732711
2023-04-24,Iraq,-1.090316896676476
2020-09-14,China,0.191462828690051
2022-06-30,Iraq,-3.4247562377416485
2023-10-18,China,0.85927815186463441
2026-03-21,Saudi Arabia,-2.8052012054638786
2022-02-19,USA,-1.6871252630859792
2022-07-14,Saudi Arabia,-0.91368706722955118
2023-01-15,China,0.98576675614311471
2025-04-18,Canada,-0.29736261690507793
2024-05-03,Russia,-2.15917565213665
2021-11-04,Saudi Arabia,-0.43447441128029274
2024-07-09,Russia,-2.2424289373345694
2022-09-09,China,1.0874032397021163
2026-04-10,Russia,-1.8989278797511382
2024-04-04,Canada,-0.30776110956096375
2021-01-25,China,-0.43231179864853592
2024-06-26,Canada,0.026671843665602445
2020-05-17,Russia,-1.8389620927634085
2022-01-07,Canada,-0.77029928139881032
2021-05-25,Canada,-0.29252188030805104
2024-10-12,Canada,-0.41661141813843872
2023-09-08,Canada,-0.29338623675786424
2025-03-05,Saudi Arabia,1.2407527035653121
2023-07-05,UAE,1.2829202866628344
2023-12-28,USA,-1.074812255184362
2022-02-19,Iraq,-1.3844646500777793
2023-06-15,Canada,-0.3341299601985932
2023-12-10,Saudi Arabia,0.47618074027004337
2022-01-10,Russia,-2.0005397158400751
2024-09-23,Canada,-0.026130089428328188
2024-09-23,Iraq,-2.6583287059922132
2020-04-27,China,-0.5892151699325241
2020-04-21,Russia,-2.1454872289229336
2024-04-14,UAE,-0.657223211342955
2025-06-11,Saudi Arabia,0.94854038910240812
2020-08-04,Canada,-0.51775099041988271
2024-04-24,USA,-0.858031103650723
2024-04-03,Canada,-0.36549799564240554
2020-07-24,Russia,-1.4276706205785339
2020-12-23,Canada,-0.57393890693808314
2026-02-22,USA,-1.0822140703272063
2023-04-25,Russia,-1.9332806858146607
2022-05-18,China,0.38015144777809184
2023-03-22,China,0.76792455838906792
2020-10-17,UAE,-1.6493644985323164
2025-09-21,Saudi Arabia,1.0988417712750296
2022-06-27,Iraq,-2.7775225756088169
2021-11-16,UAE,2.0835439748039128
2024-01-31,Russia,-2.2402493828359873
2025-10-13,UAE,2.056621807480604
2025-01-08,Russia,-2.1826505160452454
2024-02-03,UAE,2.2670605090197773
2024-06-22,USA,-0.96066164001387222
2022-02-23,Canada,-0.21487552132521545
2021-06-05,China,-0.38276406573832306
2023-09-27,UAE,2.0770487469314025
2020-09-17,USA,-1.349256447376288
2024-05-29,Iraq,-1.0294574048499681
2024-11-29,UAE,1.8043653076022232
2026-03-24,UAE,-0.32980617184350108
2020-02-13,Iraq,-3.0996613389833265
2023-08-15,USA,-1.3923477573791707
2025-12-30,Russia,-2.0112701144810217
2025-01-15,Saudi Arabia,1.0617891607540706
2022-12-06,Russia,-1.9889242485225045
2020-03-05,China,-1.5151474637739617
2025-01-08,USA,-1.098361513159632
2020-05-15,Canada,-0.80058481529726866
2022-12-18,Russia,-1.8267640597326691
2025-03-13,Russia,-1.9037124300167161
2023-07-27,Iraq,-2.4909247376953991
2024-12-14,China,1.3758666221645657
2024-08-06,China,1.1772510890506249
2025-05-03,USA,-0.89286422034066648
2021-05-09,UAE,0.1108411748253403
2023-01-05,Canada,-0.30354938270802451
2022-02-06,China,1.1541834215678803
2022-02-15,Canada,-1.0561390553127832
2022-08-30,Canada,-0.21065968399511809
2025-04-11,Saudi Arabia,0.68633449862046214
2026-01-29,Canada,-0.10224149864816759
2020-04-26,UAE,-0.56853895215687278
2022-05-25,Russia,-2.1694051799689826
2026-04-20,Saudi Arabia,0.89792982785022057
2021-01-21,Iraq,-7.5752749940653672
2024-10-19,UAE,0.79674864123450062
2024-09-07,Russia,-2.1135834455293239
2023-02-20,USA,-0.84582900694609608
2021-03-22,USA,-1.2447096241248539
2021-03-23,UAE,0.77226325776574967
2020-04-06,China,-1.4120521855520829
2021-09-19,Iraq,-2.3411090217748356
2020-02-26,Saudi Arabia,0.028884973894709103
2023-11-30,Saudi Arabia,0.58410370615814888
2022-03-31,Saudi Arabia,0.32320946764733466
2026-04-02,UAE,-1.1079047284155659
2024-07-05,UAE,0.22993860351793111
2025-12-15,USA,-1.2467967622005389
2020-07-29,China,-0.0021782330497528164
2025-08-14,Iraq,-1.8369701490018087
2025-03-08,Russia,-2.3662732066353338
2023-08-29,Canada,-0.68753783038268468
2021-11-27,Canada,-1.0456583072103369
2023-01-15,Canada,-0.30565539534313235
2022-11-07,USA,-0.74527042899221774
2022-10-07,Russia,-1.2721569795209504
2022-10-06,USA,-1.2047501490695756
2024-11-19,Saudi Arabia,1.1151069106525608
2023-12-05,Russia,-1.6807304682660698
2022-08-09,China,0.2650770662868101
2024-04-17,USA,-0.83958476640177837
2020-12-01,Iraq,-3.151769860632454
2020-11-23,Iraq,-2.8862233308037486
2023-02-24,Iraq,-0.96835845182775193
2023-04-12,China,-0.63817529423985242
2020-03-27,China,-1.0918333459957359
2022-02-27,Russia,-2.735493912460762
2025-02-18,Iraq,-1.672964622378827
2025-07-11,Canada,-0.55713043855694822
2026-03-12,Russia,-2.3932415751862051
2020-09-11,Canada,-0.65336580275421174
2021-05-15,Iraq,-3.1354085319807576
2021-05-21,Saudi Arabia,-0.61580240813419052
2023-06-18,Saudi Arabia,0.44692037359889591
2022-08-03,Russia,-2.1152791705569993
2023-07-19,USA,-0.80806504772214838
2023-05-05,China,0.515113112739101
2020-06-11,Russia,-1.5360973585799922
2020-12-10,UAE,1.3079425488145917
2022-05-10,Saudi Arabia,0.92847341872893829
2024-08-25,China,1.1323476431967048
2024-08-21,USA,-0.55532085722049951
2024-03-07,UAE,1.5394265321628449
2024-05-31,Saudi Arabia,1.1291203472162756
2023-01-23,Iraq,-2.4125248144944007
2025-09-28,China,1.6398912737484093
2020-11-18,China,0.034428482935205805
2026-01-14,UAE,0.31185280167172036
2026-04-01,Saudi Arabia,-1.3266446083169698
2022-09-04,Canada,-1.0239900961686426
2024-07-19,USA,-0.96578563897528558
2025-08-07,Russia,-1.8118511193572546
2023-10-30,China,1.3725084681260391
2024-08-05,USA,-1.2669018964153416
2025-02-15,Canada,-0.0778612747952095
2020-01-23,Canada,-0.75740678432613984
2021-05-14,Russia,-1.5056682476004966
2026-01-05,Iraq,-1.392858609677172
2021-05-22,Saudi Arabia,-0.38880176629697843
2021-08-07,USA,-1.2082258503419059
2026-03-31,Saudi Arabia,-1.447054200465929
2024-02-23,USA,-0.97177169660259533
2022-10-17,Iraq,-1.1839164194796314
2020-02-06,UAE,0.89778440747128962
2022-01-28,USA,-1.2042676067945426
2025-12-28,USA,-1.0000789513836938
2021-06-14,Saudi Arabia,-0.056390565423747978
2021-10-19,China,0.45027925490021953
2024-02-07,USA,-0.79977901536671359
2022-06-09,Canada,-0.0366094102091379
2022-11-17,Saudi Arabia,1.0277465240481567
2024-10-04,Russia,-2.0082199996116454
2022-02-25,Saudi Arabia,0.16718207499922846
2024-03-21,USA,-0.715969219095164
2023-02-02,Saudi Arabia,0.49546344158329081
2021-11-23,Canada,-0.025945997287103856
2023-09-03,Saudi Arabia,1.3370187471654331
2022-04-20,Russia,-2.27124754534208
2020-06-18,Iraq,-2.5617624031562496
2021-08-06,USA,-1.1320173901706991
2022-11-06,Iraq,-1.9348728106093662
2021-07-13,Iraq,-5.0205189409206419
2024-09-14,UAE,0.53644118875943025
2022-03-01,Saudi Arabia,-0.14055469602460935
2026-02-11,USA,-0.70550137606347274
2023-07-20,Russia,-2.3971627625061
2021-03-24,Russia,-1.3853844873374133
2023-02-05,Russia,-2.3242573663734554
2024-08-09,Saudi Arabia,0.20982705757201844
2022-10-31,Iraq,-1.4424202863222566
2025-07-16,China,1.0672728126484137
2023-01-05,UAE,1.3382786904068789
2023-10-19,USA,-1.1201993149274754
2022-10-05,Russia,-1.8003762280005144
2022-01-13,Iraq,-3.197073120802413
2021-11-04,UAE,1.9018200986183809
2020-08-03,Iraq,-3.1854431061643469
2021-04-06,China,0.39888360298750847
2025-08-21,China,1.1751343335701321
2025-11-30,Iraq,-1.2368095113185393
2024-03-19,Russia,-1.63380278315464
2025-02-26,Canada,0.012966858049409648
2020-03-15,USA,-1.7540941025749446
2025-07-26,China,1.0136239922589096
2020-09-17,Russia,-1.6583856790564537
2022-01-30,Canada,-1.5374644580565904
2023-09-07,UAE,1.1299799262030032
2022-02-15,USA,-1.0882690486873292
2024-07-30,UAE,1.03185171649899
2023-01-14,UAE,1.2949317148800026
2022-10-07,Canada,-0.33760643670415269
2020-07-17,USA,-1.5376025073533335
2025-08-19,China,1.1390137978657695
2024-10-04,Iraq,-3.3550137991455444
2025-03-07,USA,-0.90377225420127949
2024-05-29,Russia,-1.7597778462621172
2023-01-09,Russia,-2.2783190345809143
2022-10-09,Russia,-2.9296121495571676
2021-07-06,Russia,-1.8241006492578977
2022-10-13,Canada,-0.29810738727244579
2022-10-12,Russia,-2.24372620704874
2025-10-08,Iraq,-1.5294015233346274
2023-07-18,USA,-0.78374696073852534
2020-02-27,Russia,-1.6761377810953766
2025-02-20,Saudi Arabia,0.28485721255819918
2023-12-18,USA,-0.96556244984842121
2020-10-27,Saudi Arabia,-2.0960410351418672
2021-05-17,Saudi Arabia,-1.2909909387714911
2020-06-29,Canada,-0.38209595201625229
2024-11-17,Canada,0.1283607916421646
2025-04-13,Russia,-3.203845896844562
2021-11-01,China,0.255168875102894
2022-10-18,Russia,-2.5614129258424594
2023-03-13,Iraq,-1.6089628809541718
2022-08-06,China,-0.24992517366298153
2020-12-02,Saudi Arabia,-0.02777816598278425
2023-11-11,China,1.4354986475534597
2021-09-01,Iraq,-2.077755935628625
2023-05-04,Saudi Arabia,-0.20319120007383909
2020-01-10,USA,-1.4619194183070197
2020-01-17,USA,-1.2271653420749276
2021-03-19,Canada,-0.51844846839466907
2021-10-02,Russia,-1.1600146004220515
2026-03-05,Iraq,-3.3592406969978654
2021-05-02,Canada,-0.94659595549534481
2021-07-27,UAE,0.59894457657768807
2023-01-08,UAE,0.869005496197696
2020-04-08,USA,-1.603973688350486
2023-09-06,Russia,-2.2693115084243036
2024-05-17,Saudi Arabia,0.49719235691599933
2025-04-24,China,1.2213801946795519
2024-07-23,UAE,1.7559024517010504
2022-06-11,UAE,0.51521369335891221
2024-11-03,Russia,-2.1867888651418346
2022-04-02,Iraq,-1.5817393213502975
2021-07-17,Russia,-1.7316803439722086
2022-08-03,Canada,-0.40576919956931512
2025-10-02,China,1.1313121018989409
2024-12-27,UAE,2.2347780837692159
2020-03-29,China,-1.4764598934233251
2024-05-21,Canada,-0.53484661735080063
2025-02-23,Russia,-1.2940854958734247
2025-02-01,Saudi Arabia,0.40974493816910396
2023-05-22,Canada,-0.04822244993916143
2022-06-16,USA,-1.0091497567222
2020-11-14,Iraq,-3.4146857264229267
2024-07-25,Iraq,-1.0203217218871823
2020-07-12,Canada,-1.5110637931151973
2023-11-30,Canada,-0.48463010313273941
2022-01-10,Iraq,-1.3541921971511932
2020-05-26,UAE,-0.82029686033977767
2024-09-15,China,1.4168064225351904
2021-06-10,USA,-0.91323237513954769
2022-08-19,Canada,-0.38195331981613884
2021-06-29,UAE,0.99102974973283753
2023-05-07,Saudi Arabia,-1.3553918038169177
2020-12-26,Iraq,-2.5111372399744059
2023-09-18,Saudi Arabia,0.70793276229646129
2020-01-12,UAE,0.49812623960491165
2020-06-02,Iraq,-2.0445511065067428
2023-09-26,Saudi Arabia,0.97085604960178229
2025-12-18,Saudi Arabia,0.3512320808256022
2024-05-24,USA,-0.78517355738171724
2024-03-05,Iraq,-1.3425640968036594
2020-10-22,China,0.21400156850742549
2020-10-29,UAE,-0.0078023937176284995
2021-05-22,Iraq,-0.7948545085363401
2024-11-11,UAE,1.0640080437927721
2020-11-11,Saudi Arabia,-1.7054289064450836
2025-09-11,UAE,0.22120785654965655
2025-09-04,Saudi Arabia,0.70259999618003477
2026-04-15,Canada,-0.12363738091859838
2025-12-19,USA,-0.99663450067459836
2020-03-30,China,-1.1289456090288317
2024-12-18,USA,-0.79286475006820289
2021-08-23,USA,-1.2933245889503773
2024-03-24,Iraq,-1.2082621961039715
2023-10-01,Iraq,-3.5037544670101992
2020-10-20,Saudi Arabia,-0.049138541666771868
2022-02-03,Russia,-1.4222855046492011
2026-03-27,USA,-1.3259534388335286
2021-05-20,UAE,0.014544091994928928
2023-06-15,China,1.1114726351707087
2022-12-28,Canada,-0.9484262720808867
2024-11-01,Canada,-0.54610093410309313
2022-10-13,Saudi Arabia,0.348904685214753
2024-07-10,Canada,-0.078400530389167139
2020-03-08,Saudi Arabia,-1.3228440888694588
2020-03-07,Saudi Arabia,-1.3656263752906059
2022-05-29,China,0.43266617335294427
2021-09-06,USA,-1.29154102671592
2020-01-17,Saudi Arabia,-0.32394528647871257
2021-12-07,Iraq,-3.4920846972180661
2020-06-08,Saudi Arabia,-1.4597248796108593
2021-03-11,Canada,-0.29565316013242471
2023-01-29,Canada,-0.35029128295281187
2021-08-27,Canada,-0.33936262850032178
2023-07-01,Saudi Arabia,0.60683566896250518
2021-05-05,Iraq,-2.581567827730471
2021-11-24,Canada,-0.077062574759565683
2024-05-10,Canada,-0.47194548226573857
2026-03-27,China,1.3207042706913419
2024-03-01,USA,-0.80726095043136559
2022-09-06,Russia,-1.8667038267088931
2024-07-07,Canada,-0.57997591507972235
2022-12-10,Saudi Arabia,3.1342963023860539
2020-02-28,Russia,-2.30624905412811
2021-10-21,Saudi Arabia,0.13192973534099731
2021-09-15,Saudi Arabia,0.39426622868004307
2023-05-09,Canada,-0.557526431896624
2025-12-07,Saudi Arabia,0.42942272416590432
2023-09-10,China,1.1157665534140091
2024-01-02,Canada,-0.47128193251073092
2023-10-31,Canada,-0.52347201006700561
2022-10-28,Saudi Arabia,0.79455290806694612
2025-11-03,Russia,-2.1173267362951567
2026-03-22,Russia,-2.4067084627448283
2023-08-01,Iraq,-1.8082789733318427
2021-02-13,UAE,-0.21333503002479703
2021-07-10,UAE,0.665410780250618
2024-04-05,China,0.82280484656109987
2023-02-10,Saudi Arabia,1.0465214350260279
2021-06-24,Saudi Arabia,-0.040985115354976474
2025-06-02,USA,-1.3590337491234361
2024-10-26,Iraq,-4.0394519845511709
2022-12-13,Russia,-1.4797068212749671
2025-12-05,UAE,2.299306928588182
2023-01-03,USA,-1.1398002047244908
2020-01-21,Russia,-1.2950739585740976
2020-04-01,UAE,-0.603117525980147
2020-06-29,Russia,-1.3660656041452703
2021-05-20,Iraq,-2.319286466036981
2024-11-17,Russia,-2.8540266267533765
2021-07-05,Iraq,-2.6325135525569738
2021-11-02,Russia,-1.4120243106940749
2022-10-10,China,0.9249435026025945
2021-07-12,Russia,-1.2975716568634237
2025-12-22,China,1.286327425924777
2021-01-15,UAE,-0.31465541421528942
2021-01-28,Russia,-1.9574444563306999
2024-01-24,Iraq,-1.8754676054344159
2024-06-18,UAE,0.35898159700950788
2021-12-10,UAE,1.6867436973186587
2024-06-05,Iraq,-1.1392469512837042
2021-05-07,China,0.51877845211553042
2025-05-08,China,0.97962396350693215
2025-02-16,Saudi Arabia,0.53249453596329377
2025-02-15,USA,-0.982896421882816
2022-07-07,Saudi Arabia,0.16471618156224818
2021-11-30,Canada,-0.37207979269068359
2023-06-11,UAE,1.8626986969289892
2021-02-07,Russia,-1.6382869833304226
2020-11-13,Canada,-0.15104785152450043
2021-07-13,China,0.41282779125550817
2020-04-28,UAE,-0.53906526747167793
2025-12-28,Russia,-1.8374256255725456
2026-04-17,Canada,0.03527641000867611
2022-12-07,China,-0.028940116833689217
2026-02-08,China,0.98701154656513879
2021-01-28,Iraq,-3.6484161235247812
2024-04-07,Russia,-2.8187574105961093
2022-03-21,China,-0.48964697618809716
2022-01-02,Iraq,-2.6487988602848653
2021-09-14,USA,-0.87042354156461732
2025-05-29,USA,-0.96670289718250257
2020-12-12,Russia,-1.4993610258612833
2023-11-02,China,1.0298077982700389
2024-12-14,USA,-0.77351740424113868
2026-03-01,China,1.4510596616232112
2023-08-26,USA,-1.06547250909132
2020-10-15,USA,-0.96584081140063782
2020-11-15,Canada,-0.40662652372429831
2026-04-09,Iraq,-1.5615053352512096
2022-10-20,China,1.4152283739863956
2021-01-11,China,-0.12775394441198112
2023-11-15,Russia,-1.8950271930376135
2021-09-06,Russia,-1.4963402260588488
2025-10-03,Canada,0.16932757532166204
2022-03-12,Canada,-0.030456675886661271
2025-08-15,Saudi Arabia,-0.71643638652424146
2023-04-11,USA,-1.2171089587759234
2020-01-18,Canada,-0.30031223042227295
2020-06-03,Canada,-1.1701047008546595
2021-03-20,Canada,-0.870047162751445
2021-08-27,UAE,1.4162366436098266
2025-11-25,Canada,0.35232810232002326
2025-11-03,UAE,1.2357429508497109
2022-02-18,Canada,-1.7611085355438945
2024-08-01,Iraq,-2.7235008693933334
2021-09-22,USA,-0.95474205784254007
2021-11-01,USA,-0.99544218760216019
2026-04-06,UAE,-1.3662834315216448
2021-11-05,UAE,1.6170391591132054
2022-06-24,China,0.70325306286685707
2021-12-27,Canada,-0.28595651022095692
2022-05-27,Russia,-2.1599196385469566
2021-06-12,Saudi Arabia,-0.16734937046175979
2025-03-27,Iraq,-0.98775465012453412
2021-10-10,USA,-1.2941109287463848
2021-09-02,UAE,1.1405159949349302
2021-01-24,Canada,-1.3525638448691217
2025-12-04,Saudi Arabia,1.3419650923199438
2023-09-25,Russia,-2.6577886833379969
2025-07-24,UAE,0.35894649639956089
2020-08-13,USA,-1.0624006738294163
2024-03-15,Canada,-0.38144742226515066
2020-04-06,Russia,-2.1197349122057019
2020-09-09,Russia,-1.7910951392812855
2026-03-25,USA,-1.1349633567496724
2021-11-05,China,0.36539911569900646
2024-02-04,Iraq,-3.2114572962834416
2021-04-04,Iraq,-1.9679554821157168
2026-02-18,UAE,1.4749505214926515
2024-01-15,Saudi Arabia,-0.63944700451513714
2021-03-15,Canada,-0.22167758428426892
2024-10-11,Russia,-1.8397692860719868
2024-12-13,Russia,-2.1540655848028956
2024-05-24,Russia,-2.0043339203045574
2025-07-03,China,0.95552136928424991
2022-07-10,Saudi Arabia,0.35090888363870465
2025-02-06,Iraq,-1.6758340468793336
2021-09-16,Saudi Arabia,0.14482743806237014
2023-12-12,USA,-0.83955166194232522
2020-02-12,Saudi Arabia,-0.35065748456057455
2020-04-26,Saudi Arabia,-2.4947396835600224
2020-09-25,Canada,-0.66452116811183659
2022-01-28,Iraq,-2.7441138085129584
2024-07-16,UAE,0.81925402011499238
2022-06-21,Russia,-2.0369053326996207
2025-12-22,Russia,-2.1773201877734718
2025-01-13,USA,-1.0569384736488574
2021-09-07,China,0.50577045162337508
2021-05-27,Saudi Arabia,-0.36791791146478026
2020-10-09,Canada,-0.54508525957990972
2021-06-01,USA,-0.89935300877508639
2020-09-12,UAE,-0.41332970617229947
2025-02-21,China,0.89507252716393393
2020-10-22,Russia,-1.8077139322525384
2023-08-22,Russia,-1.7455254274663154
2023-01-04,Saudi Arabia,0.66980172041150932
2022-07-06,UAE,0.83300186741312787
2023-01-18,Iraq,-0.6325467049420489
2020-02-23,Russia,-1.4534195302438926
2020-05-08,Canada,-1.0600902492758897
2021-02-02,Canada,-0.47509957609873343
2021-02-06,USA,-1.2529639865585467
2023-03-03,USA,-1.2265981986538117
2024-11-02,Russia,-2.0556223395885516
2021-04-30,Iraq,-2.3583097442072654
2020-04-20,Canada,-3.3379087849632088
2021-01-16,Canada,-0.92978519102310875
2021-01-17,USA,-1.662376684193182
2021-01-21,UAE,0.45848879501246947
2024-09-18,UAE,1.6118634333243296
2025-03-08,Iraq,-1.4320208073627279
2020-01-17,China,0.44360116394298749
2022-09-15,USA,-0.86989293392920408
2021-05-03,Canada,-0.61445338191456567
2025-11-21,China,1.5484650449737041
2021-07-22,USA,-1.056418480033837
2020-01-22,Iraq,-2.5447394385454958
2023-09-06,Saudi Arabia,0.42194701008168578
2025-02-11,UAE,1.7362679380790016
2022-02-13,Saudi Arabia,0.44287223089375721
2021-04-19,Canada,-0.35845407876383178
2023-08-08,Canada,-0.14357561484834377
2023-03-02,Saudi Arabia,1.1306862598706584
2023-08-07,Iraq,-1.1385371461578997
2021-02-15,Saudi Arabia,-0.21852934981317673
2024-02-14,China,1.4428923582950404
2022-05-27,USA,-1.4324521280684916
2025-06-11,Canada,-0.35387532102061969
2024-12-31,Iraq,-1.9772387517449928
2024-12-25,USA,-0.56546090101482172
2022-05-18,USA,-0.8856368874815792
2024-03-05,Russia,-1.9124308520434772
2021-02-25,Canada,-0.57333151258409876
2020-09-01,Iraq,-3.2496310758580482
2023-06-18,Russia,-2.20621813193047
2021-02-07,USA,-1.1383574120081374
2024-06-30,Iraq,-1.6303062989713091
2024-09-13,Russia,-1.9794600157499969
2023-11-16,Iraq,-1.7565379719251364
2023-07-15,Russia,-2.1543195769408774
2020-05-12,USA,-1.3933112813378226
2022-05-31,Saudi Arabia,0.19969164161983707
2024-10-17,Russia,-1.7887576830294247
2021-01-05,USA,-1.098622392378646
2025-11-26,Russia,-1.3656453762431824
2023-12-26,Canada,-0.0036680636465672156
2023-03-28,UAE,1.6594903411925752
2024-03-16,USA,-1.0338248583376908
2023-06-01,UAE,2.4096293351613882
2020-09-04,Russia,-1.711956701997331
2025-04-29,China,1.0085196965124317
2020-02-25,Russia,-1.5334971873070085
2023-03-01,Saudi Arabia,0.7482054086927703
2021-07-04,Russia,-1.4985884800061486
2020-07-11,Iraq,-2.0626790801766246
2024-11-21,USA,-0.96985912642387717
2026-01-21,China,1.2294676113661192
2023-05-31,UAE,2.5810444448275116
2022-08-01,Iraq,-2.0510713017212341
2023-11-13,Canada,-0.16540955740795116
2025-01-18,Saudi Arabia,1.7628348500299933
2021-06-19,Saudi Arabia,-0.38432614294753081
2020-03-05,Russia,-1.7625746163510594
2020-11-20,Iraq,-2.6115774107742857
2023-04-17,China,-0.43882810135678796
2021-03-11,Iraq,-1.8983765904877805
2021-12-13,USA,-1.0974967656838002
2021-12-15,China,0.60503832117906808
2023-02-08,USA,-0.80637304932380127
2020-03-16,Canada,-1.3095948960299983
2025-11-16,Russia,-2.4088152216882204
2024-11-28,Saudi Arabia,0.74287946596830567
2022-02-13,China,0.56525415266423007
2022-06-19,Canada,0.12954934506961577
2023-03-18,USA,-1.440587521664709
2023-03-19,China,1.1220975846757766
2022-05-23,China,0.42700717814063227
2021-04-01,UAE,0.38335011722461365
2024-02-05,Canada,-0.13301627822979709
2021-04-02,UAE,0.32935765987380616
2025-08-18,Russia,-1.9106169324249593
2020-01-09,Russia,-1.6686673967048631
2020-03-10,Canada,-0.93512275865573224
2021-08-28,Canada,-0.79665097992943323
2024-08-27,China,1.0755838121698311
2020-04-15,USA,-1.6061836344040046
2022-01-31,UAE,0.56018612146552915
2023-08-23,Iraq,-1.6771272187484805
2020-06-21,USA,-1.8969809519796943
2022-11-05,UAE,1.5706198444270134
2023-12-05,China,1.0619497172306405
2020-03-09,UAE,0.12191272166233011
2023-11-10,Saudi Arabia,-0.14486286150333505
2025-06-09,Canada,0.22607762060654793
2022-03-10,USA,-1.2974606988269721
2024-09-21,Canada,-0.46770231607643242
2022-05-29,Canada,-0.60059694866097446
2024-06-23,UAE,0.57437143843652771
2024-10-27,USA,-0.97899921896493158
2021-06-30,Iraq,-2.7401915036066642
2021-05-27,Iraq,-2.3715183088979863
2023-06-30,Iraq,-3.0384462473061449
2021-08-28,China,0.15009147062529471
2024-10-01,Iraq,-3.0346083136451374
2023-06-14,Saudi Arabia,1.0404187368790123
2021-05-24,UAE,0.94144123016330306
2024-02-20,Canada,-0.47062436940416508
2025-10-19,China,1.0913372990532419
2026-01-30,Russia,-1.9765506045751422
2024-04-17,Canada,-0.41245863625696438
2024-10-18,UAE,1.1869772240281069
2025-06-01,Russia,-3.3277686333677665
2024-09-04,Saudi Arabia,0.91764025342260824
2024-10-17,USA,-0.91415653631544025
2020-07-25,USA,-1.9607254943031596
2022-01-02,UAE,0.30353792886238606
2020-12-28,Russia,-1.3745724653299611
2020-10-08,China,0.2053173602180719
2024-10-25,Canada,-0.56713285805643654
2024-10-06,Canada,-0.48325087387009014
2023-10-22,Saudi Arabia,0.29675844801636192
2022-11-27,UAE,2.0278798402434011
2023-12-27,USA,-0.9824163142350455
2023-01-09,Saudi Arabia,0.48798622507066364
2023-01-25,USA,-1.0326094238268715
2023-09-06,USA,-0.80522793814298432
2020-02-21,Russia,-1.6766680838658881
2026-01-28,USA,-1.1868215726994182
2020-09-24,USA,-1.3969115522626632
2022-08-14,USA,-1.8127148142653893
2023-04-18,Saudi Arabia,0.0053587125633440553
2023-09-14,Canada,-0.40864505996563544
2021-12-06,USA,-1.0136872637789653
2023-09-12,USA,-0.74754805923921352
2020-03-21,Iraq,-4.9162964482133207
2022-07-21,UAE,1.6331446931316898
2024-08-23,USA,-0.61370326811610532
2020-01-31,Iraq,-3.1856128911242121
2022-04-16,Saudi Arabia,-0.10754328790538048
2020-10-23,Canada,-0.82300320616668832
2023-03-04,China,1.3348156615806379
2023-05-20,USA,-0.83538832065121293
2022-06-14,China,0.5403220080103065
2021-09-29,Canada,-0.075445841188872056
2025-03-25,Saudi Arabia,0.045430657186206994
2022-12-01,Canada,-0.04752988807664054
2021-06-23,Iraq,-2.1372915087758391
2023-11-06,Canada,-0.13153660631538744
2020-09-12,China,0.14606714110876598
2021-11-18,UAE,2.3144630833299722
2023-01-03,UAE,1.1996787206529576
2021-08-05,UAE,0.93246037520707481
2025-06-10,Saudi Arabia,0.9808366169074757
2026-02-07,UAE,0.59065719238647629
2023-11-24,Iraq,-2.1204704112430388
2022-08-10,China,0.14355716426298881
2022-10-28,UAE,1.1329488947217148
2023-08-25,Iraq,-1.4777696895000565
2025-11-10,UAE,1.6618847066783728
2026-01-09,China,1.3226378290736203
2020-09-30,UAE,0.41724278317637975
2020-11-02,Russia,-1.7373597486185848
2024-02-18,Iraq,-2.3448544172257524
2025-12-26,Saudi Arabia,-0.80903224000436458
2021-12-27,UAE,1.6004810975588508
2020-08-02,Iraq,-2.7130601498466769
2025-08-27,China,0.96414047630682587
2024-10-31,Iraq,-1.6205241443024685
2021-04-07,Iraq,-2.70945598865961
2023-05-16,Saudi Arabia,-0.62768671766247552
2023-02-10,USA,-0.79134481513587118
2022-08-18,Russia,-2.2178808153830407
2020-11-29,Iraq,-2.8967631182878857
2024-02-03,Saudi Arabia,-0.72964937174282007
2022-01-03,Russia,-1.2414277303497916
2024-06-03,China,1.3890722755106379
2023-12-25,Canada,0.12025333572880791
2024-05-13,Russia,-2.2213701043130545
2024-11-30,China,1.4372852360001649
2023-05-27,USA,-0.96650821457978509
2025-09-19,USA,-1.0041788021903073
2021-02-19,Iraq,-2.7300765125671416
2023-12-08,Saudi Arabia,0.67040997204055375
2024-07-08,Russia,-1.7190459250616263
2026-04-23,USA,-1.2354266719856539
2024-04-04,Russia,-2.3989841981535083
2023-11-08,Canada,-0.57872454529119022
2021-08-22,UAE,0.65005087054459765
2023-07-01,USA,-0.693958814193205
2024-08-20,Russia,-2.0739187920789672
2020-03-14,China,-1.9596135446439016
2020-09-19,USA,-1.1871689566683592
2021-05-06,Iraq,-2.2737228894356649
2022-02-19,Saudi Arabia,-0.12862868525082072
2022-04-30,Russia,-2.5983479408966148
2024-09-28,Saudi Arabia,0.3664216663822959
2022-10-19,Saudi Arabia,0.58131845323804632
2023-12-15,Canada,-0.40951206608841889
2021-02-16,Russia,-1.5390684674590047
2021-11-15,Canada,-0.10987684196458536
2021-09-01,Saudi Arabia,-0.071527551257075883
2022-12-09,Iraq,-1.7427918161399698
2020-07-28,UAE,0.412088405425014
2021-04-16,China,0.22384666531783826
2022-05-08,USA,-1.1391708205376927
2025-05-10,Iraq,-0.8497892644669407
2024-01-09,USA,-1.0959828947137051
2025-11-27,Russia,-1.5021172952201376
2021-03-25,Canada,-0.62413038962136258
2025-07-27,Saudi Arabia,0.54616239755471008
2025-11-23,Iraq,-0.4740722142679471
2023-02-04,Canada,-0.59178037948951323
2022-04-16,Canada,-0.284505140835872
2021-03-02,UAE,0.59057501451796512
2025-04-23,UAE,1.8624209492280637
2021-03-07,UAE,0.04892270240940004
2023-05-23,UAE,1.7099202312079254
2022-06-17,Iraq,-3.13847876988936
2022-03-31,USA,-0.90033843967158611
2026-04-07,Russia,-2.387803038525059
2020-11-07,UAE,0.058902351750578369
2025-09-08,Saudi Arabia,0.59773463493554013
2023-08-10,USA,-1.0897742501974923
2024-11-08,UAE,1.0002534318298792
2020-12-03,Iraq,-2.2252257347364037
2021-06-19,Iraq,-2.5820388710322422
2025-03-22,Iraq,-2.8953165103337168
2024-09-22,USA,-0.94357402051510519
2020-05-12,UAE,-0.81911340461098092
2022-03-19,Russia,-2.5207775622135649
2022-11-16,USA,-0.86475498061633527
2021-12-09,USA,-0.97870331065037575
2022-02-24,USA,-1.787132448684974
2020-12-14,UAE,1.6372909331541943
2023-10-09,China,1.0372172682031873
2021-05-03,USA,-0.99978128144869571
2021-05-06,UAE,1.0879597407844726
2025-07-20,Saudi Arabia,0.62471309048107138
2021-07-24,Saudi Arabia,-0.42602856025596592
2024-08-13,China,1.0354802471112623
2023-03-20,USA,-1.0887332580900115
2021-03-01,USA,-0.48809733541815919
2020-11-12,Iraq,-1.5103366340460835
2022-03-30,Saudi Arabia,-0.48111345309870251
2021-11-02,Iraq,-2.05324697456155
2020-04-29,China,-0.53949600131788267
2022-09-03,USA,-1.2812746180725416
2023-08-18,USA,-1.1113445960928079
2023-11-17,Russia,-1.7729295508939316
2024-02-01,China,1.1963829179111189
2026-02-07,Saudi Arabia,0.40044585613829503
2021-12-31,Iraq,-1.9749490595155146
2024-01-29,Saudi Arabia,0.44025590241477419
2021-04-12,Russia,-1.3455532221626381
2020-12-26,UAE,0.26567120574966191
2025-05-22,USA,-1.2071690101105925
2024-10-05,UAE,-0.23811313184834154
2023-06-29,Canada,-0.4943902600869679
2025-12-17,USA,-1.0030592395658156
2022-05-15,UAE,1.2169318815108212
2022-04-12,Iraq,-2.2486608697425581
2023-12-20,Iraq,-1.4645294597194543
2023-12-17,UAE,0.22037180982771437
2023-06-04,UAE,1.5350364642485708
2020-01-23,Saudi Arabia,-1.1593637807356858
2025-04-23,USA,-1.0170568374533162
2020-10-18,Saudi Arabia,-0.060198291508870044
2023-06-11,USA,-1.0024287422418567
2024-05-04,Saudi Arabia,0.85722336477084426
2021-02-03,USA,-0.81262177176923556
2022-04-02,China,0.061942995568679618
2024-07-18,UAE,1.6345689973584661
2026-04-16,Russia,-2.4163292417034454
2022-03-06,USA,-1.6961806359299128
2020-05-24,Iraq,-2.4603696623135636
2020-07-27,China,0.18136522453039514
2023-07-22,UAE,-0.29633863372385255
2022-11-18,Russia,-2.1397630399595897
2021-12-08,USA,-1.0664920056536573
2023-01-29,Iraq,-2.5732310693282612
2021-01-05,Canada,-0.45346813719253787
2020-12-15,Canada,-0.29275568585544981
2024-08-25,Canada,-0.648266612020763
2023-02-06,USA,-0.85053947972176525
2021-02-20,UAE,0.4032078128196725
2021-03-05,Canada,-0.22333664435398279
2026-01-13,Iraq,-2.4591958301945582
2024-11-12,China,1.0426931891992779
2022-04-06,Russia,-2.9259050313183739
2024-04-28,UAE,0.10551118153574009
2024-07-14,USA,-2.5930926934720575
2020-04-21,Canada,-1.6209655514612928
2025-01-19,UAE,1.674950905541295
2021-09-02,USA,-1.6647091986230276
2020-07-26,UAE,0.39749731584295511
2022-12-19,China,0.41341035974359314
2025-08-13,UAE,1.2995201408855954
2020-01-06,Iraq,-3.4446452513520418
2025-11-18,USA,-0.64175347379903247
2025-07-13,USA,-1.2118884335768167
2023-04-03,Iraq,-0.935384949264466
2026-03-24,Canada,-0.32876968414729668
2022-10-12,Iraq,-1.861569940265992
2021-01-18,Russia,-2.5092736615190292
2021-01-22,Iraq,-5.3283496777836623
2021-08-09,UAE,1.6344822073558303
2023-10-25,China,1.2660596880061612
2025-05-16,Saudi Arabia,0.42889869161249139
2020-10-21,Saudi Arabia,0.32158132604235468
2020-10-11,Iraq,-1.2607134406612863
2022-02-13,UAE,2.5144820744686727
2025-04-03,Russia,-1.9313725837800249
2026-01-25,Iraq,-1.612071457030851
2020-07-03,Canada,-1.3677493998926391
2025-12-21,Russia,-1.4591501524089763
2025-10-04,UAE,-0.23324465532526423
2021-10-26,Iraq,-2.3254520806390753
2026-02-20,China,1.0470583565009322
2020-06-17,UAE,0.025262797552470254
2021-12-10,Russia,-1.1908513320102683
2025-02-07,Russia,-2.0522323979916859
2021-05-22,China,0.29009987121262648
2024-09-27,Iraq,-2.4395911963338182
2022-10-21,Russia,-1.9522890237497781
2025-10-12,USA,-1.148697294214766
2021-10-14,UAE,1.9305782805371663
2021-10-18,Iraq,-2.19927823675757
2020-03-28,Russia,-2.1479769980397481
2024-03-15,Iraq,-0.81876244442157431
2023-01-06,Iraq,-1.72653934202815
2022-09-19,Canada,0.14049477226598114
2026-03-23,UAE,-1.0280997146903597
2020-07-15,Canada,-0.76509704127899991
2024-04-27,Russia,-2.2773914723652422
2022-03-16,Saudi Arabia,-0.44205200442911474
2024-06-29,Canada,-0.46074740367376932
2020-06-08,Russia,-1.8555467725318675
2024-06-13,Canada,-0.35884179320008747
2023-04-21,UAE,1.3379126856186991
2025-02-20,China,0.99652389796579266
2022-09-24,China,0.77474113800236277
2021-08-04,Russia,-1.4750207015658914
2022-08-25,Saudi Arabia,0.77795816871077872
2020-09-30,Iraq,-2.4805794312978584
2020-09-27,UAE,-0.16027857085144098
2022-10-13,China,0.87025602619580644
2023-07-14,Canada,-0.59513298586168861
2023-07-11,China,1.1191319421084756
2026-02-02,USA,-0.31560953518657248
2025-08-19,USA,-0.66118779760027824
2023-05-14,Saudi Arabia,0.50896215895608277
2023-05-13,Iraq,-1.2605571892910898
2022-06-03,USA,-1.2900523519519564
2020-11-21,USA,-1.40760190321318
2024-12-22,Saudi Arabia,-3.1191660408172708
2023-09-14,USA,-0.79458092444910255
2021-08-19,Iraq,-2.7713756655167034
2022-05-05,UAE,2.2639885906234984
2021-12-15,USA,-1.0114863273662829
2023-07-04,UAE,0.041590112660662371
2026-03-02,UAE,-2.696488782214288
2023-10-03,USA,-0.75199760216656808
2021-08-03,UAE,0.5486255625435934
2020-07-16,Saudi Arabia,-1.211402008900043
2025-04-11,Russia,-1.4535023986028903
2020-09-22,Russia,-1.5401499684217066
2020-03-01,Russia,-2.4119665362395768
2022-11-12,Canada,0.03547983854391458
2024-08-31,Saudi Arabia,0.39244178096531307
2025-05-13,Canada,-0.05344143049303901
2024-12-18,Saudi Arabia,0.91661376914819293
2025-11-12,Saudi Arabia,1.64431925634226
2023-01-06,USA,-1.2344772109132096
2025-04-21,China,1.1068192301023554
2025-09-20,China,1.5970856384093517
2023-12-12,Saudi Arabia,0.65451833346078436
2022-10-14,Saudi Arabia,0.29765222351604625
2020-02-06,Iraq,-3.39750972556276
2023-08-11,USA,-1.17794724651752
2023-03-10,Canada,-0.38688698967871477
2024-02-01,Russia,-1.9206316547812665
2021-10-24,Russia,-1.5381228368777211
2021-06-01,China,0.0724117845470401
2020-03-11,USA,-1.6452684336786745
2021-08-23,UAE,-0.33027454244786025
2021-10-07,Iraq,-1.6415600702537192
2025-11-17,Iraq,-0.88920127352007916
2023-10-09,Russia,-2.1553948352332224
2024-03-13,UAE,1.2253982589343981
2023-06-21,China,1.0897686380298022
2020-01-26,China,-2.1908652279854364
2020-11-15,China,1.0221829109298044
2020-11-16,Saudi Arabia,-0.18472231361919753
2023-03-05,Saudi Arabia,0.9260643701359611
2021-02-03,Canada,-0.46324587669700773
2022-10-14,Iraq,-1.1408429502717234
2020-05-27,Canada,-1.2202652492202914
2020-12-04,Saudi Arabia,-0.36316523769680975
2025-01-06,USA,-0.55106548804016842
2023-07-19,China,1.0907513796132644
2021-04-07,UAE,1.3396709567915612
2022-06-03,China,0.39081163809756664
2022-11-10,Russia,-1.8642528132812277
2023-10-20,Saudi Arabia,0.095668308803407764
2023-07-03,USA,-0.63694057988733122
2025-07-05,Canada,-0.12673231214612071
2021-05-23,Russia,-1.3839564195542635
2023-06-16,Saudi Arabia,0.721696172970144
2023-05-25,USA,-0.88856556123969876
2024-02-29,Canada,-0.34202995745289794
2024-07-29,Saudi Arabia,1.5596655008832394
2025-04-10,UAE,1.5068587739976649
2022-06-21,Canada,-0.13004809567018044
2024-09-10,Russia,-2.3774501105995114
2025-03-20,Russia,-1.7022471630238429
2026-02-06,Iraq,-0.741299819309489
2021-01-31,UAE,1.0197239586725455
2020-12-25,Canada,-0.24980882276231414
2020-12-29,China,-0.086421909946279324
2023-09-28,China,1.3996204420490455
2020-10-30,China,0.53031883598005947
2026-03-13,Saudi Arabia,-2.021755433437423
2024-05-14,UAE,1.3898675575253208
2021-03-06,China,0.68355862128876288
2026-01-13,USA,-1.3527379860409567
2024-05-02,Iraq,-1.2550081626179224
2023-03-03,Canada,0.06303162312259239
2020-04-25,Russia,-2.3526317458827317
2025-06-14,Canada,-0.61769738159545373
2024-07-07,Iraq,-0.61168967662939944
2024-04-22,Canada,-0.10031500733012727
2021-05-28,UAE,0.81005747205491208
2022-02-28,China,0.99695993581015308
2023-04-27,Iraq,-1.7230405945747325
2024-08-02,Iraq,-2.6561628281669396
2020-04-01,USA,-1.7078943045812407
2023-10-13,USA,-0.97987839849696357
2023-01-13,China,0.89303013978113921
2024-02-24,Iraq,-1.13743917302575
2021-04-29,Russia,-1.647745383210296
2025-08-24,UAE,0.984609558961825
2024-04-01,Canada,0.055749205487383872
2021-09-08,UAE,1.2861460188698335
2024-01-20,UAE,0.77607629844051029
2024-03-31,UAE,0.66993703899316015
2022-05-01,Iraq,-3.8101440921848688
2024-01-05,Iraq,-5.1025381375317354
2024-03-28,Canada,-0.045801343802325985
2023-02-01,Russia,-1.7573991403975664
2023-10-09,Saudi Arabia,-1.1736701295825316
2024-03-08,Russia,-1.7029242801083544
2021-11-23,China,0.46235701458739675
2023-06-20,Canada,-0.4508423160250089
2023-03-09,Saudi Arabia,1.1766700547114817
2022-01-21,Canada,-0.59587616482977157
2025-10-12,Saudi Arabia,-1.64531946444059
2020-07-06,Russia,-1.9103279054755349
2024-07-19,Saudi Arabia,0.17166504973427987
2024-09-19,UAE,1.7061476301373026
2024-09-17,Saudi Arabia,0.89595412721763379
2023-02-16,Iraq,-1.5522009654670197
2024-07-03,Canada,-0.37429613607299439
2025-06-08,UAE,0.63896860087050977
2021-10-22,Saudi Arabia,0.13214295589746022
2023-04-16,Iraq,-3.1918773988297513
2024-12-14,UAE,1.4318467735093072
2021-07-26,USA,-1.0646606287802951
2024-08-15,China,1.1869867246409824
2025-07-13,Saudi Arabia,0.99027245531016461
2020-01-24,UAE,0.58223988285442363
2022-09-26,UAE,0.681505827645538
2020-10-11,Saudi Arabia,-0.084471828241227911
2023-06-12,USA,-0.71715122890265937
2021-05-21,Canada,-0.40143965277593036
2020-10-14,Saudi Arabia,0.061489567631699132
2022-09-02,Saudi Arabia,-0.0743224799021964
2024-09-27,Saudi Arabia,1.39064804605155
2023-03-15,Russia,-1.8251802422893488
2025-06-08,Canada,0.99741573758497593
2020-07-24,USA,-1.7397782059933844
2022-01-06,China,0.39616211497962422
2026-02-12,USA,-0.76188855599617034
2024-08-17,Canada,-0.5596395735388201
2024-03-23,UAE,1.7622045146573058
2022-07-31,UAE,0.19619391244176521
2021-12-21,USA,-1.1066023874102335
2020-09-17,Saudi Arabia,-0.40417983002782487
2024-12-07,Saudi Arabia,0.41038650298658913
2024-08-12,China,1.3424671992198514
2021-05-17,Russia,-1.5981938564919684
2020-04-02,UAE,-0.53517896292219624
2020-06-19,Saudi Arabia,-1.1518194624404792
2026-03-28,Iraq,-3.1552396058073615
2025-07-04,Canada,-0.12064750050550631
2022-11-08,China,0.97308825318906089
2024-05-07,Canada,-0.52402378479361522
2021-11-04,China,0.49339307265205889
2021-06-24,China,0.544387288288292
2024-07-01,UAE,1.9391757932644091
2024-06-23,Saudi Arabia,-1.7682052019367902
2025-12-14,Russia,-2.2270234963543718
2025-08-15,USA,-0.86866606404660085
2020-10-02,Russia,-1.972335977214583
2021-12-12,Russia,-1.4071558214020281
2021-03-20,UAE,-0.88246149414922048
2021-08-20,Canada,-0.33415562432622875
2024-06-04,USA,-1.0711265547299387
2021-08-24,USA,-1.1739254825076486
2023-07-03,UAE,0.59573383454915241
2023-01-08,Iraq,-1.9352546357919007
2024-05-11,Russia,-2.2559511172016786
2022-04-29,Canada,0.24660519228406769
2020-06-27,Canada,-0.941657638026997
2024-11-10,Saudi Arabia,0.58506001789078055
2022-08-31,Iraq,-3.1003123606442475
2020-07-01,Iraq,-2.3306382299297885
2022-10-12,UAE,1.4341541215070295
2022-01-29,Saudi Arabia,0.41132397104118412
2021-11-15,UAE,1.767855447258351
2020-05-21,USA,-1.4884406992342729
2021-01-26,Iraq,-2.1996169624420423
2024-12-31,Canada,-0.3637580983030041
2025-08-29,Canada,-0.44214712294021236
2020-02-28,China,-1.894534057538964
2024-01-16,Canada,-0.55332774801323015
2025-05-10,Saudi Arabia,-0.035089945768981876
2024-03-04,Canada,-0.11993398525627783
2020-10-17,Canada,-0.59139434034844662
2021-02-06,Iraq,-2.9966079235204308
2024-02-28,Saudi Arabia,0.93075937110633467
2022-04-06,China,0.0014503546816512494
2025-10-11,USA,-0.82182409603087025
2022-10-20,Iraq,-1.731256857978021
2022-09-05,UAE,0.79665772300966486
2020-04-22,UAE,0.15506270053392149
2020-03-09,China,-1.5512319946145623
2020-08-07,Saudi Arabia,-2.345489060298664
2021-08-31,Canada,-0.27480855744097904
2024-04-03,USA,-0.800457813031875
2024-04-09,Russia,-2.2467029506611169
2025-12-15,Canada,-0.012861862601494923
2020-01-19,Russia,-1.3877864615372457
2025-12-17,Russia,-1.5928438600037775
2026-03-04,Russia,-2.1929039899254454
2025-02-23,Iraq,-2.4408003425012388
2024-11-27,Iraq,-1.4062466092525432
2026-03-25,Saudi Arabia,-1.4774591962217893
2020-11-17,China,0.23861271923341973
2023-03-06,Canada,-0.054114302981379522
2020-09-27,Iraq,-2.5324399314215054
2020-09-28,UAE,0.16356953734450852
2020-02-03,USA,-0.564409251682215
2025-01-10,Saudi Arabia,0.68159262393355013
2025-08-27,USA,-1.0711900952596469
2021-06-20,UAE,0.87430803186056427
2025-12-10,USA,-0.70515124851691025
2024-01-26,USA,-1.2417772608240751
2024-10-07,USA,-1.1437699369463503
2025-08-05,Canada,-0.16413507529952798
2023-10-26,Canada,-0.37401779118186468
2021-12-12,Iraq,-1.8547803876255822
2021-01-06,Iraq,-3.0413711358141771
2020-04-18,UAE,-0.94251640293498018
2021-11-29,USA,-0.98823454320397952
2025-02-04,UAE,2.6038935866727653
2023-01-13,Canada,-0.4995109594242918
2025-09-19,Russia,-2.0918269483577534
2024-04-24,Russia,-2.1283826678233626
2021-01-21,China,-0.11158261048939974
2021-04-08,Iraq,-2.2248001447698837
2021-10-20,Saudi Arabia,0.24879957831880289
2023-02-21,China,1.1616070600639248
2022-02-24,Canada,-0.33324456996611235
2023-02-01,Saudi Arabia,0.54184550156107547
2023-10-08,China,1.4742782479286569
2022-04-11,Saudi Arabia,0.38755168992183348
2025-04-30,Russia,-1.5474389038167051
2020-04-13,USA,-1.7281239225933795
2024-11-25,Saudi Arabia,0.95858810986911713
2022-04-26,Saudi Arabia,0.19978253332239101
2025-02-08,UAE,1.4109767351776368
2025-09-20,Russia,-2.494185711575017
2024-08-01,UAE,0.99343153735412026
2022-03-29,UAE,2.1391724163525105
2020-09-29,Russia,-2.0062142128020861
2021-02-11,China,0.10948971048885477
2021-02-16,UAE,0.029096883100456123
2020-07-30,China,0.092984453036114856
2025-08-06,China,0.56324089516033116
2023-02-09,Iraq,-1.248063777059484
2021-08-20,UAE,-0.38596446114072697
2024-08-23,Saudi Arabia,0.76752502634867414
2023-02-01,China,0.83378671357251477
2024-03-07,USA,-0.78993327526353163
2025-07-22,Iraq,-1.9360276967955605
2023-10-04,UAE,1.3152803503420123
2025-02-12,Iraq,-1.4808186244875856
2023-12-31,Iraq,-3.2049530851795094
2020-06-23,Saudi Arabia,-1.3543866662876252
2024-05-15,Iraq,-1.4814895113355229
2022-07-12,China,0.47113386543490227
2021-09-21,UAE,1.196198434040284
2024-07-18,Iraq,-0.96831811266888268
2022-06-22,Canada,-0.026654615672181643
2021-01-14,Russia,-1.6545586708976485
2025-01-07,Canada,-0.28813483460101974
2026-04-20,UAE,0.0015539148303627126
2022-12-08,Saudi Arabia,2.074387789627802
2024-01-29,Iraq,-3.5165508418127267
2022-03-19,UAE,-0.40533632921834578
2025-03-15,Russia,-2.033521682878491
2023-07-24,Canada,-0.35171265840937327
2022-11-10,Saudi Arabia,0.51382432227750818
2024-10-12,UAE,0.1628330791470064
2020-01-04,Iraq,-4.12297887807959
2026-03-08,USA,-1.6285300330905959
2023-01-06,Canada,-0.34077743442648928
2024-05-16,China,1.3598361677400586
2025-07-05,UAE,-0.52065713457201912
2021-04-19,Russia,-1.9181638498711231
2020-05-09,China,-0.34098383420736744
2024-07-14,Russia,-2.0860374747793156
2026-04-13,Russia,-1.2864757896194383
2024-04-01,USA,-0.955785545952458
2020-07-31,USA,-1.8263380035566465
2022-03-19,China,-0.68890020711300948
2022-12-17,Russia,-2.0807230890466628
2022-05-11,Russia,-2.0218679489159861
2020-01-03,Saudi Arabia,-1.9083183882184027
2021-10-05,Russia,-1.2372760607365756
2020-10-24,UAE,0.49171837705889909
2026-03-14,Russia,-2.6834316252561443
2024-05-16,Saudi Arabia,0.69002425232615572
2022-07-06,Iraq,-2.28961201275877
2021-02-05,Iraq,-2.8015880405732796
2021-04-24,China,0.51882421468911166
2025-10-27,UAE,2.496302433002513
2025-01-20,Iraq,-1.2587709674584411
2021-02-17,USA,-1.2624766696455831
2021-01-19,USA,-1.0495313237935766
2025-06-12,China,1.1908732253206336
2026-04-30,Iraq,-0.86183570530394016
2020-01-18,USA,-1.4498936154749094
2024-12-26,Saudi Arabia,0.30443403900898169
2022-07-19,China,0.72527288077434271
2020-03-21,UAE,-1.3148150542585815
2020-10-20,Russia,-1.8708383859688618
2025-07-16,UAE,0.69611733298060885
2021-08-07,Iraq,-3.1888337735550865
2020-05-07,China,-0.48418074672589761
2026-01-22,Russia,-1.4316370217361138
2024-07-09,USA,-0.71581246655666875
2023-03-18,Russia,-2.4353024571084108
2022-01-24,USA,-1.2128509175160649
2024-09-10,USA,-0.78325377265193208
2025-01-16,Iraq,-0.87684753675449045
2024-02-04,Saudi Arabia,-0.51361017954370614
2022-01-06,Canada,-0.63480199411884353
2025-12-08,Saudi Arabia,1.1690408792184206
2022-07-29,Russia,-2.43509534163684
2023-08-20,Iraq,-1.7643623143716149
2023-06-05,UAE,0.84615760118132921
2025-07-12,UAE,0.14110023430648377
2022-07-08,Iraq,-1.7124470859680392
2023-01-20,Iraq,-2.2651213205960445
2025-10-22,Saudi Arabia,1.6349554745649937
2025-04-08,China,0.69708387787510051
2025-01-24,UAE,1.3527437608604793
2023-05-01,UAE,1.8051049977119542
2023-11-20,USA,-0.48419048132226672
2023-10-08,Iraq,-1.9162098721915033
2025-02-25,USA,-0.65867223533172348
2020-09-05,Canada,-0.90869859002156872
2024-05-10,USA,-0.75561264245748549
2020-01-28,Canada,-1.0285473120211386
2026-04-17,UAE,-2.2623944660749076
2021-01-16,Russia,-1.5119836392799768
2022-03-10,Russia,-2.678824618045434
2024-07-01,Saudi Arabia,0.68612633671514922
2026-02-10,Iraq,-1.9312617162189225
2023-07-24,USA,-0.63959240672959228
2020-12-20,UAE,1.2401927260506518
2022-11-14,UAE,1.9934825677636456
2024-01-17,USA,-0.91674165180281986
2021-06-08,UAE,1.2660849257974875
2021-12-22,Iraq,-2.4557214346682708
2026-03-12,Canada,0.052235755931929959
2020-06-25,Canada,-0.75359568515376363
2026-03-20,China,1.2170789429831412
2026-01-15,Russia,-1.9536432279190248
2022-06-25,UAE,0.60766995577010208
2022-06-04,China,-0.028373390013623188
2025-11-30,USA,-1.2731399268308075
2025-12-03,UAE,-0.15387624869326644
2024-03-30,Russia,-3.0944528960690749
2021-06-07,UAE,0.21543302724951702
2023-02-02,China,1.136029919933903
2020-04-16,Canada,-1.1399453179184766
2021-06-15,China,0.29057225432548794
2022-06-04,Saudi Arabia,0.69142008882523009
2022-01-02,Saudi Arabia,-0.36157684890945396
2020-06-07,Saudi Arabia,-1.1886295873621902
2021-08-27,Saudi Arabia,0.236013084482675
2022-05-16,USA,-1.144662693826334
2024-06-08,China,1.8912059417107989
2022-07-30,Iraq,-2.9025664463632967
2021-11-27,Iraq,-2.7765095769167782
2026-01-10,UAE,-0.32980530295531668
2023-03-12,Saudi Arabia,1.125011419214669
2025-12-24,Canada,-0.28451461013694995
2022-12-09,Russia,-1.9641363406678967
2024-04-02,Saudi Arabia,0.59370989707408639
2026-02-09,Russia,-2.1595315185692274
2024-06-25,China,1.1887882403371917
2022-08-20,China,0.25795213106554782
2025-08-12,Saudi Arabia,0.77769968725479544
2020-12-20,Russia,-1.5452379172125943
2023-09-21,Iraq,-1.0621953084132256
2021-11-23,UAE,1.8513872362346451
2023-10-19,UAE,1.7439216900956946
2022-02-18,Iraq,-1.2274728384804854
2024-11-13,Iraq,-1.5432388543849027
2021-07-04,Iraq,-2.1856045233550514
2021-09-25,China,0.38219484008839383
2024-04-29,Iraq,-1.6860961568164787
2023-05-31,Iraq,-1.2854390678888723
2022-10-22,UAE,0.80719227089428
2023-12-02,China,1.3269332617023475
2026-04-18,USA,-1.1460562627758255
2025-12-27,USA,-1.2145798152510865
2025-08-29,China,1.4945354978044683
2024-06-27,Iraq,-2.1663534367325621
2026-02-14,Russia,-2.591105532046527
2023-05-04,China,0.92066910223397957
2021-12-08,Iraq,-2.5641802753659877
2024-05-27,USA,-0.94449132596735386
2023-06-06,USA,-0.90789682124038862
2023-12-17,USA,-1.1111838442751483
2021-11-27,USA,-1.084685174866501
2020-04-08,Russia,-2.0102304361654784
2020-04-09,China,-0.89163747795980586
2026-03-23,Saudi Arabia,-2.6757052195079178
2026-03-26,Saudi Arabia,-1.2872623325763504
2025-04-04,China,-0.20071011976514352
2021-02-18,UAE,0.50108497468155366
2020-12-04,Canada,-0.835075101669833
2024-09-02,Canada,0.03924997841128039
2020-06-13,Saudi Arabia,-1.6029494640173891
2023-04-10,Saudi Arabia,0.27316658362073115
2021-01-09,UAE,0.63653889931753838
2025-11-25,Iraq,-1.0453581360798161
2023-10-03,UAE,1.8982113873974913
2020-10-23,Russia,-2.0969185384122326
2025-07-09,USA,-1.0662672209677997
2025-04-17,USA,-0.97635275641171693
2022-08-25,Russia,-2.3438598958784671
2023-05-21,USA,-0.9968672194158994
2025-09-18,UAE,1.368703445535304
2020-11-03,USA,-1.1681440075307645
2025-09-08,Canada,0.11899123070223921
2020-09-25,Iraq,-2.5849902032392706
2025-01-15,UAE,2.4051862209995951
2023-07-13,USA,-0.7540525302369494
2024-01-21,USA,-1.1178078859886378
2020-05-15,China,-0.671556983476355
2023-07-30,USA,-0.7504300851585084
2020-09-16,Russia,-1.5348334504437879
2024-08-12,UAE,1.7143851085068649
2022-11-04,USA,-0.85811169772427665
2023-10-19,Russia,-1.8855153043835697
2023-01-14,China,0.58667068763726
2023-06-17,Russia,-1.7675340997322724
2020-05-06,UAE,-1.043720198002702
2026-01-14,Iraq,-3.3742614935996151
2024-05-09,China,1.4559643646629112
2021-01-10,UAE,0.13469236899101944
2026-04-26,UAE,1.0769077668851026
2024-04-21,Russia,-1.9501025000978174
2021-10-23,Iraq,-2.4219290821707644
2022-11-15,Canada,-0.32849833058862066
2025-05-26,China,1.5662889904704282
2020-01-16,China,0.34021634742762086
2021-12-11,Russia,-1.2276613517392052
2021-03-28,Iraq,-2.4584304352650781
2023-06-08,Iraq,-0.90169500616771336
2020-09-05,Saudi Arabia,-0.80114084372843108
2025-11-02,UAE,0.86953480629271218
2025-04-18,Iraq,-0.78172325290059186
2024-05-08,USA,-0.88423385253335918
2026-04-02,Saudi Arabia,-1.8080928551781414
2025-04-02,USA,-0.95683795549858575
2022-06-25,USA,-1.5187222164035441
2022-06-28,UAE,1.5829018500167198
2020-07-04,Russia,-1.7152748997074767
2020-03-09,Saudi Arabia,-3.7293971869455933
2025-12-13,China,0.81577835643279717
2023-05-15,Russia,-1.6097976614608296
2024-09-04,China,1.6132732236415619
2022-01-08,China,0.12228767818286357
2020-06-03,UAE,-0.061383208525319782
2025-11-20,USA,-0.74561584759515642
2024-12-05,China,1.4073695571234082
2023-06-17,China,0.92669048581683489
2021-07-04,Canada,-1.1929284080560139
2021-09-22,Canada,0.012140105695777925
2025-09-06,Russia,-1.5582862829354267
2020-07-07,Saudi Arabia,-1.0971328432685763
2023-11-17,USA,-0.68087708867584662
2022-12-04,Russia,-2.0255836091222656
2021-09-08,China,0.35466841965757862
2023-05-06,China,1.0930220462710336
2020-10-08,UAE,0.52932295744855418
2025-05-27,Iraq,-1.1866731030233062
2021-08-13,China,-0.42326848254548433
2022-05-01,Russia,-2.5116347267059971
2024-08-18,Saudi Arabia,0.77849351880515194
2025-11-17,Canada,0.26344384784750946
2022-04-13,Canada,-0.18235271177310772
2021-11-22,Saudi Arabia,0.618792090283488
2022-09-19,UAE,1.1227387538332148
2025-10-25,USA,-1.0118030728784047
2024-09-13,Iraq,-1.2585947505783865
2025-06-10,Canada,-0.40089505146035054
2022-08-17,China,0.5469763076337586
2025-01-02,Saudi Arabia,0.58273188587069358
2021-09-10,Iraq,-2.92218519099488
2024-10-13,China,1.4305366161302608
2023-11-06,Russia,-2.156473181043014
2021-03-23,China,0.40084008288998557
2024-12-11,Canada,-0.34322355639467284
2022-04-10,UAE,1.5864886461111189
2020-04-10,Iraq,-2.1690471956812596
2020-04-05,Saudi Arabia,-2.592534982780959
2026-01-06,Russia,-1.4150215486019235
2024-05-13,UAE,2.1371533840652592
2022-12-22,Saudi Arabia,0.33652397910246445
2021-07-05,UAE,0.53150176827077611
2020-04-26,Canada,-1.5118204793936847
2023-12-02,USA,-1.1882217155361643
2022-06-25,China,0.77653039226722
2021-12-24,Saudi Arabia,0.1183863545518094
2025-03-27,Canada,-0.20906196917732031
2020-11-28,UAE,0.012027636403035965
2024-04-01,UAE,1.4715812053118817
2020-06-08,Canada,-0.99086945046115515
2024-12-19,Saudi Arabia,0.76167062211651015
2024-10-01,Canada,-0.023711174590591633
2025-02-15,Iraq,-0.99895538472877854
2026-03-14,Saudi Arabia,-1.7955996245048895
2022-08-23,China,0.48310550189008938
2023-03-12,Iraq,-2.0477456414302804
2023-02-17,Saudi Arabia,1.0306396369158426
2023-11-25,Russia,-2.593799788536447
2025-08-15,Canada,-0.5247348275542788
2021-09-10,Saudi Arabia,-0.0032972862608617974
2023-09-17,Saudi Arabia,0.67844192101616063
2021-03-12,Saudi Arabia,-0.777955391234538
2026-03-07,UAE,-2.2995241510099107
2020-08-13,Russia,-1.6874622896878189
2023-01-11,USA,-0.65349744554157341
2023-01-22,China,1.0916864611833792
2023-01-16,USA,-0.76517705837641548
2025-09-02,Saudi Arabia,0.48215297424332815
2025-12-22,Canada,0.12350665001860534
2022-03-11,Saudi Arabia,-1.3624297035445121
2022-08-17,UAE,1.5102213069530317
2022-03-16,China,0.16907311847922057
2022-03-13,UAE,2.2074086172299108
2022-01-09,China,0.024728957661981008
2020-08-26,Canada,-0.59595362633878246
2024-12-12,Saudi Arabia,1.4047470215144482
2020-08-11,UAE,0.012305947275299019
2022-07-05,UAE,0.615882551605422
2026-01-09,UAE,-1.0144986154295039
2022-02-14,Saudi Arabia,0.003908561739244712
2021-08-02,UAE,0.815444639653042
2020-07-16,China,-0.12533901209323728
2021-04-23,Saudi Arabia,-1.3263999797828967
2020-11-10,Saudi Arabia,-0.20997440068694551
2022-12-27,Iraq,-1.7139320486400542
2022-01-23,UAE,-1.4558425966918562
2025-10-18,Russia,-2.0078322842680136
2025-06-06,UAE,2.0988986538686611
2025-05-21,UAE,1.6198023631999798
2025-05-28,Canada,0.1358631559977527
2021-12-07,UAE,1.8989132809345186
2021-08-10,Canada,-0.37860538571115776
2020-10-02,USA,-1.6338044407203034
2022-11-29,USA,-0.96054331606802767
2020-12-19,Russia,-1.6217979613730198
2022-05-19,Iraq,-2.1131001110622893
2020-08-14,Russia,-1.652091305697944
2020-09-18,Canada,-0.57928792712073274
2021-02-22,Saudi Arabia,0.21030653527522797
2025-09-15,Canada,0.14430263522158648
2021-02-10,Canada,-0.623523152690702
2022-10-11,Canada,-0.011335861200704289
2021-10-12,Russia,-1.148314773973798
2026-02-17,Russia,-2.1306217277490922
2022-03-14,Canada,0.0080686602001083345
2025-05-29,Saudi Arabia,1.3843059138758367
2020-08-21,UAE,-0.67369206565442241
2025-03-07,Iraq,-1.1382289597095245
2023-06-29,USA,-0.57769935132119066
2022-05-12,Canada,0.071811502471227445
2021-08-24,Iraq,-2.67994827788978
2024-03-18,USA,-0.7329093904608146
2020-06-22,Saudi Arabia,-1.0956633220431877
2020-05-01,Canada,-1.4588277022640987
2025-09-13,China,1.2295826592275774
2020-08-05,USA,-1.3908417097972805
2021-01-21,Russia,-1.4697574859875882
2024-09-03,China,1.255413137238798
2020-07-29,Canada,-0.50539416533712278
2023-02-24,Canada,-0.38370584407157432
2021-12-08,UAE,2.3722741440569126
2025-11-29,Russia,-2.7791170439906083
2020-01-04,USA,-2.1876102828680017
2021-08-26,USA,-1.64458995305306
2021-11-17,Russia,-1.6582019413844042
2025-04-15,UAE,0.23776431651284041
2022-10-10,Saudi Arabia,0.50500842031255733
2021-09-03,USA,-1.6898928861208606
2023-02-24,Saudi Arabia,0.38902275827650912
2024-06-10,Canada,-0.0028846947055436332
2026-02-21,UAE,1.7205966626132405
2020-03-12,Canada,-0.97116190110261
2020-04-11,USA,-2.017554864370021
2023-12-18,Iraq,-2.6782830437244893
2026-03-22,Canada,-0.21900468680891957
2023-03-31,Saudi Arabia,0.35916015036298543
2025-10-21,Canada,0.14537458403779982
2022-03-09,Iraq,-2.7964399033066116
2022-03-05,Iraq,-1.2136442678758803
2023-07-15,Saudi Arabia,0.20848626397757278
2024-09-09,USA,-0.79571831602593412
2022-03-24,Saudi Arabia,-0.19024789550741214
2020-12-24,Canada,-0.54808734776818369
2021-03-12,Russia,-1.4161589846077296
2022-02-23,Iraq,-1.9394921201531945
2022-05-11,Saudi Arabia,0.74884340019879381
2021-12-17,USA,-1.1166356178490879
2026-03-14,Canada,-0.35185607750321679
2020-04-11,Canada,-1.0825170865179823
2021-09-24,Canada,-0.36976419975421343
2024-02-23,China,1.0955286161585858
2024-11-23,Canada,-0.51904108586778375
2022-04-02,UAE,1.239127781978653
2020-05-22,Russia,-1.8550054368186701
2024-10-19,Canada,-0.39829426651610539
2021-01-29,UAE,-0.82802048295807906
2021-05-25,Iraq,-3.8008612735502312
2023-04-27,China,0.76030433472723036
2020-03-11,Saudi Arabia,-2.2814911331077967
2020-03-11,China,-1.8012555168401854
2025-05-02,Iraq,-1.6237378420238062
2024-03-17,UAE,0.14649040969395744
2022-04-26,Iraq,-2.673490411811533
2020-10-11,China,0.3028300520723522
2026-01-15,China,1.0594412325661537
2021-09-21,Iraq,-2.5872637877374078
2025-10-20,Iraq,-1.1701430058798303
2023-03-18,Canada,-0.42054303808830451
2024-02-15,Canada,-0.26612713194133708
2024-02-11,Russia,-2.0209542563414997
2026-04-14,UAE,0.62911720856368358
2022-02-26,Russia,-2.8313134449647519
2024-01-01,USA,-0.97163190103924835
2020-12-18,Russia,-1.2692007727074905
2023-10-30,UAE,0.94912130028103747
2021-02-21,UAE,0.17236945209178625
2025-07-15,Canada,-0.16057617912614458
2022-02-12,Canada,-2.1901647620997178
2020-12-30,China,0.094150729194703325
2025-04-20,Russia,-1.7037530690028033
2025-09-24,Saudi Arabia,0.97095051772697449
2023-08-02,China,0.4491945452208943
2026-01-18,Iraq,-1.883065704744689
2026-01-14,Saudi Arabia,0.33407848122060896
2025-09-04,Iraq,-1.9331480866124044
2021-06-15,Saudi Arabia,-0.19526071280048002
2021-09-04,USA,-1.5880583928624135
2022-08-10,Canada,0.018838151332983583
2023-05-06,Russia,-2.415205059578629
2023-02-27,USA,-0.674159342621051
2023-02-24,China,1.2587100334240582
2020-12-28,Canada,-0.90363536840648218
2020-12-09,Saudi Arabia,-0.10703404822826447
2021-11-17,Saudi Arabia,0.53992978603444386
2023-01-07,Russia,-1.7905947447128761
2020-10-27,Canada,-0.16128890432225107
2024-02-20,China,1.0592622766783575
2020-02-15,Canada,-0.85698628415656553
2025-01-20,Canada,-0.18469367370317039
2022-08-01,Saudi Arabia,0.44514234885277193
2024-07-03,China,1.2457947225897588
2023-05-10,Canada,-0.28199733562268053
2021-05-31,USA,-1.0941923096910371
2022-05-12,Saudi Arabia,0.22743751203752041
2023-02-08,Russia,-1.6979390342237404
2022-04-16,UAE,1.5532257580924111
2021-07-30,China,-0.064105888745197348
2022-10-02,Russia,-2.4104821494162407
2021-07-01,USA,-1.2667454686772242
2022-01-13,Saudi Arabia,-0.25975150693225835
2020-11-09,Iraq,-3.719592422993343
2022-12-01,USA,-0.67100321774076976
2021-04-03,Canada,-1.0178440062160528
2024-04-06,Saudi Arabia,1.0693718035852249
2024-01-24,Saudi Arabia,0.19302446461212019
2024-12-20,USA,-0.89645268293730518
2024-10-06,Russia,-2.2298422274287888
2021-08-16,China,-0.069506072342557831
2021-08-23,Saudi Arabia,0.43462714748274961
2023-10-31,Saudi Arabia,-0.29554025248999283
2021-12-21,Russia,-1.2263080316059145
2020-06-30,Saudi Arabia,-0.73651294042968607
2021-02-24,Saudi Arabia,0.37205663186787552
2025-02-23,USA,-0.68347093086945077
2023-01-14,Saudi Arabia,0.2973062156594557
2025-01-31,Russia,-2.2287339577785423
2025-09-19,Iraq,-1.9901931277427378
2021-02-18,Russia,-1.5662519374071664
2022-09-08,Saudi Arabia,1.1338093472544448
2024-02-04,Canada,-0.70302592345702308
2024-10-18,USA,-0.85572469923807459
2025-11-27,Saudi Arabia,0.735965315972318
2022-04-15,UAE,1.2557825750956844
2024-05-28,Iraq,-1.4489601545628776
2024-05-29,USA,-1.0290470281642583
2020-01-20,UAE,0.84613388121468769
2024-08-01,Russia,-2.4330418937553366
2025-09-10,China,1.2043663059051137
2022-09-08,USA,-0.69620383434142652
2025-03-09,Iraq,-1.9821177851829723
2021-08-10,China,-0.31049622687277367
2023-04-22,USA,-1.0926654895268593
2023-09-25,Iraq,-2.0335676619809346
2024-05-24,Canada,-0.53312640933909672
2022-09-14,Canada,0.027549160095934062
2024-12-08,China,1.5162782677150852
2020-01-21,USA,-1.3617296958753671
2025-09-03,Russia,-1.1596756086933513
2021-09-30,Canada,0.26902443019205741
2020-02-01,Iraq,-3.1084874426649058
2022-04-09,Canada,-0.392342174945574
2024-09-30,Russia,-1.685903419689704
2022-03-10,UAE,2.2328383373797811
2026-02-11,Saudi Arabia,1.0844972918000828
2021-08-09,Russia,-1.6063668859570113
2022-02-23,UAE,0.51235395755575563
2022-11-24,USA,-0.89770484460175359
2025-07-30,USA,-1.1358549586298341
2024-03-20,China,1.2789718238474923
2026-03-07,Russia,-2.5185982569078873
2025-05-08,UAE,1.3480253567473397
2023-12-17,Russia,-2.0724477127919734
2023-12-30,Iraq,-3.0563039901696945
2026-01-19,China,0.94658938832754247
2023-08-06,China,-0.1010277795947241
2022-08-25,China,0.59784789088453272
2022-01-16,Saudi Arabia,1.0073112192396747
2020-11-08,Russia,-1.925002609611314
2024-02-10,Saudi Arabia,-0.45740953913498117
2023-12-04,Iraq,-2.6584224900523856
2025-06-13,Canada,-0.21796412593625977
2020-12-08,Russia,-1.0303030776435933
2025-03-25,Iraq,-1.3114060478961385
2025-06-05,Saudi Arabia,1.2742272490435755
2023-11-28,Russia,-1.9946162678790507
2021-12-03,Russia,-1.2449440479997587
2024-08-31,Russia,-2.5389268206987912
2024-06-16,Iraq,-1.7892378050790974
2021-01-07,China,-0.06517479646048531
2024-03-27,China,1.2379508777972217
2023-10-09,UAE,0.48165511656897192
2026-03-16,Saudi Arabia,-1.6815752512851903
2025-07-19,USA,-1.2799083306092787
2022-09-20,UAE,0.79335611057228639
2021-02-07,China,-0.050598053442321315
2022-08-31,USA,-0.98060472638263307
2020-11-05,UAE,1.1003047129107508
2020-04-20,USA,-1.6291553515603436
2025-10-13,USA,-0.454195212247963
2024-01-30,USA,-0.88788590845768556
2024-04-04,UAE,1.9227498589525305
2022-12-08,Canada,-0.20690053980797279
2023-05-13,China,1.0826953131832631
2022-01-01,China,0.96026517190208238
2021-03-27,China,0.11017054533803626
2021-12-22,Canada,-0.573499078449455
2023-12-22,China,0.80523194564400546
2022-04-19,UAE,1.7469049333018007
2021-05-14,Iraq,-2.3907868322578447
2020-07-23,USA,-1.7200059465939479
2024-07-21,USA,-0.6670146198281226
2021-11-02,Canada,-0.17281551994255615
2022-04-05,USA,-1.0718470379711749
2020-04-28,China,-0.446772452471453
2025-12-27,China,1.2106577286459448
2020-03-25,UAE,-0.85292346553463638
2023-10-20,Iraq,-3.4040651955356469
2024-06-11,China,1.2658156568969086
2024-08-23,China,1.3771733902479746
2023-01-12,China,0.91422401880940374
2021-02-27,Saudi Arabia,-1.443638596657008
2021-05-11,USA,-0.95178884460331969
2026-01-27,Canada,0.12374142734829204
2025-10-12,Iraq,-1.0887081189392818
2021-11-16,USA,-0.95081378898595525
2021-12-29,Saudi Arabia,0.23773819896442044
2026-02-09,Saudi Arabia,0.45875317865002269
2020-05-11,UAE,-0.9194107491557868
2021-08-27,Russia,-1.4159954558312582
2026-03-01,Canada,-0.4814365036298871
2024-05-05,UAE,1.4223359893133414
2026-01-27,USA,-1.2241032604796942
2024-11-07,Russia,-1.6804356446296582
2024-04-18,China,1.3362847059929703
2020-08-01,USA,-1.800677515235793
2024-04-21,China,1.3469429017057333
2024-04-23,Saudi Arabia,0.53197905594702344
2025-03-21,Iraq,-2.4265781638960173
2021-01-20,Russia,-1.2572116260246031
2022-03-13,Saudi Arabia,-1.756744845793639
2025-01-03,China,0.97965471275230265
2022-01-08,Iraq,-1.5776504322686749
2022-07-26,USA,-0.91729728008974776
2023-02-03,USA,-0.99006986075294512
2025-11-26,China,0.63551699949233531
2022-09-16,China,0.78174032899215251
2020-09-19,Russia,-1.8437894845293845
2021-05-09,Iraq,-3.9853405419266847
2023-10-06,Saudi Arabia,0.85405289384670968
2020-04-13,Canada,-1.136930661438379
2021-11-29,Canada,-0.57638634022868174
2021-05-13,Saudi Arabia,-0.12291237361072116
2024-02-20,USA,-1.0089491500802588
2024-02-27,China,1.337593681797036
2025-04-14,Russia,-2.4781129867425387
2025-06-13,UAE,-0.69733167673809
2021-06-26,Russia,-1.5310467704798318
2025-03-18,China,1.1944477884329272
2020-01-11,Russia,-1.6104263677592621
2024-03-08,UAE,1.6378826834665139
2022-10-26,Saudi Arabia,0.89643041377619326
2020-01-24,China,-1.9989694623130907
2023-10-18,USA,-1.4359247800875028
2021-07-18,USA,-1.5399436324985278
2025-10-08,Russia,-1.9895987520499185
2022-12-06,Saudi Arabia,0.87475344111811
2021-10-15,UAE,1.547258544543445
2021-06-24,UAE,1.3184958715837409
2025-12-11,Russia,-1.778049642007826
2025-03-19,UAE,1.8491468889395914
2023-04-17,Russia,-2.1491564102827021
2025-05-26,Iraq,-0.94131555691325064
2023-10-26,Russia,-1.8692284748076835
2021-12-19,UAE,2.0489897095647702
2020-03-12,Iraq,-4.0227058977181605
2022-04-13,Saudi Arabia,0.42993614406445635
2020-04-04,Saudi Arabia,-2.1738653585054211
2026-01-07,USA,-1.0987520903544084
2025-02-07,China,1.286957746370323
2022-12-26,Canada,-0.58274422995864039
2022-10-08,Canada,-0.44598034793044716
2024-11-13,China,1.2080953015357643
2023-03-09,USA,-1.0135540361655515
2021-07-04,China,0.38408586238649489
2023-03-11,UAE,1.9040461004886238
2021-11-10,Iraq,-2.7410023563180381
2020-08-08,Iraq,-3.3848907203305769
2021-01-14,UAE,0.72923354707587817
2021-06-13,UAE,1.13128329194129
2023-07-14,Iraq,-2.0533818053863269
2021-09-08,USA,-1.0881241451065466
2023-11-22,USA,-0.80829227131971
2022-08-13,Iraq,-2.2064937726348428
2022-08-21,UAE,0.60275681030803718
2022-12-13,UAE,2.0977095021511483
2025-03-08,USA,-1.2339891389087907
2022-05-09,Canada,-0.014393218780147057
2020-08-27,Russia,-1.5312645795145536
2024-03-28,Saudi Arabia,1.007641862805376
2024-03-26,Canada,-0.38640056508474779
2023-02-01,Iraq,-2.643582102897462
2024-03-06,China,1.4594630872050789
2025-11-11,China,1.1918902619673624
2025-02-10,USA,-0.54641973356684992
2023-10-14,UAE,1.1810004937414595
2025-04-28,Russia,-1.375305127769278
2023-08-09,UAE,1.3900496026806302
2024-05-04,China,1.4686596766771396
2024-11-19,USA,-0.82749813573040687
2026-01-21,Saudi Arabia,1.7069822593562565
2020-04-26,USA,-1.6727999588281404
2026-04-16,Saudi Arabia,0.17417445279846316
2020-08-06,USA,-1.5500899507535395
2020-11-30,Russia,-1.3766531815261693
2022-08-15,Russia,-2.1297217662797641
2021-12-02,China,0.34124759482523265
2020-03-26,USA,-1.6190919166190192
2023-09-09,USA,-0.84124976540460761
2020-06-02,USA,-2.7778099355038348
2022-01-31,Iraq,-2.005635520105399
2023-10-17,Canada,-0.43814517488689342
2021-08-03,Canada,-0.27113541537034874
2025-09-15,Saudi Arabia,1.0433608127379341
2025-01-22,Iraq,-0.52109079136109882
2023-03-11,Canada,-0.66677080368737407
2025-01-10,Canada,-0.046016725506755965
2023-07-14,UAE,1.8797225409151073
2025-10-09,Russia,-1.6585972077299898
2025-08-21,Canada,-0.27148583703749224
2022-12-18,Iraq,-4.6814093886589667
2021-04-14,USA,-1.3636054729887086
2024-12-22,China,1.2166106905659426
2023-04-14,China,0.026422334804196517
2025-03-04,Canada,-0.82004118189206987
2020-03-19,China,-1.7484194494797973
2025-04-04,Saudi Arabia,0.22431974678730709
2024-09-26,USA,-1.1935329069199077
2024-02-15,Russia,-1.9765540283144667
2021-07-16,China,0.52784425267281321
2024-07-16,China,1.1535581564960937
2023-11-18,China,1.2332281232350153
2021-12-28,China,0.48850139070644949
2023-02-16,China,0.85055150513345779
2025-12-09,USA,-0.72555762447245975
2022-06-04,Russia,-2.673049477646213
2020-03-17,USA,-1.5300737922768171
2024-06-08,Saudi Arabia,0.5269505063076686
2024-08-22,Saudi Arabia,1.1088009297612049
2025-07-14,UAE,1.7218218659097324
2020-02-20,Canada,-1.0387129338366767
2025-10-11,China,0.94929987917353353
2021-04-07,USA,-1.0865132086126874
2024-09-07,UAE,0.867964619058655
2021-04-18,Canada,-1.0448767835811885
2022-11-10,USA,-0.7704657641399838
2024-08-05,Canada,-0.36916002589651908
2026-01-16,Iraq,-1.4740676255276406
2024-11-01,Saudi Arabia,1.2070615850622062
2021-07-18,Russia,-1.9142981686887111
2026-01-31,Saudi Arabia,0.27916174121053206
2022-05-24,Canada,-0.59874075570523755
2022-12-07,USA,-0.8320782856683403
2021-09-09,China,0.47084765073207119
2024-01-29,USA,-1.0385464868967049
2020-11-21,Saudi Arabia,-0.69871162752056026
2025-08-05,Iraq,-1.1559045910196635
2022-07-18,China,0.80845884649267385
2025-05-20,China,1.2400746075447793
2025-03-06,USA,-0.86047333591857478
2023-09-22,UAE,2.0820996151483615
2025-05-18,Russia,-1.8827153061486985
2023-04-20,Iraq,-1.3387268674551405
2026-03-09,USA,-1.574638054777592
2023-10-01,China,1.5129190202408878
2023-09-05,China,0.77182490723302477
2026-01-12,China,1.1694714159051405
2023-11-25,USA,-1.2770177191599255
2023-11-26,Russia,-2.7064294915529441
2026-02-14,UAE,1.1474057643739044
2020-07-25,China,0.23097072456713874
2020-11-20,Saudi Arabia,-0.56708179105966983
2022-12-17,China,0.30874276610186535
2022-11-12,Iraq,-2.4184493724815219
2025-03-08,UAE,0.99481146358850592
2023-01-31,Canada,-0.55509651428717244
2022-11-10,China,1.0580379443868844
2022-02-26,Canada,-0.39958903481206143
2022-11-30,Canada,-0.16998658311494338
2022-07-10,USA,-1.1940091420239196
2023-05-23,China,1.0418319698304106
2023-08-14,Iraq,-1.8615261724413343
2025-10-13,Canada,0.61840178979872484
2023-11-13,China,1.2493153707449969
2026-04-28,Saudi Arabia,-2.59989029754453
2020-11-29,USA,-1.401682281198124
2025-12-06,Russia,-2.0081546954942682
2022-05-03,China,-0.48034391017722555
2021-01-09,Russia,-1.6699652538281695
2020-08-14,Iraq,-2.4702320129963584
2020-09-18,USA,-1.3112078531091655
2020-04-15,Iraq,-3.3834445710532859
2021-07-28,Saudi Arabia,-0.54572620598122246
2023-09-05,Iraq,-1.3581316232014888
2024-05-15,China,1.0368541912049343
2026-03-27,UAE,-1.0598469159391504
2025-09-12,Iraq,-0.84339745999275473
2026-04-02,China,1.0365609130144342
2022-01-20,Iraq,-1.8446083494892747
2022-10-10,USA,-1.015861876212701
2020-02-12,Russia,-1.9237156851495871
2023-12-06,Russia,-1.7417385668296228
2020-04-24,Russia,-1.8903303150112722
2026-04-27,Canada,0.21274244145160098
2023-11-27,Canada,-0.28411625941426011
2024-04-07,Iraq,-1.9005367624096043
2024-12-23,Canada,-0.26745479586862575
2020-06-16,Iraq,-4.2804781729790955
2025-03-06,Canada,-0.19100113660849852
2023-11-03,China,1.2680588168024347
2022-11-02,UAE,2.0957325164538396
2023-06-16,China,1.1313044236968839
2023-08-05,UAE,1.0623683546019544
2021-02-02,Saudi Arabia,-0.33236197074036744
2026-01-21,Iraq,-2.4111326568165872
2026-01-23,Iraq,-2.0923683171653589
2021-02-10,Iraq,-2.1785857180142036
2020-07-06,China,-0.65784640528410265
2025-06-14,Russia,-2.4260314784222952
2026-02-15,China,1.5644070688981544
2022-03-14,USA,-1.075075918157631
2023-06-30,USA,-0.62780257616406543
2023-04-18,Russia,-2.0383917001038356
2023-10-24,Saudi Arabia,0.039272702367974033
2024-01-12,USA,-1.3382242550077237
2025-07-30,UAE,1.0434245832738385
2021-11-19,UAE,1.2285467923164171
2025-11-06,USA,-0.67084539981948943
2022-07-09,China,0.31502615103998982
2024-05-05,Canada,-0.588625660761415
2023-12-03,Saudi Arabia,1.0783307713746668
2024-04-19,UAE,-1.4855226660757563
2026-04-17,USA,-1.1016045077074248
2024-09-15,Canada,0.19845199230759514
2025-08-20,Iraq,-1.9843181683917033
2020-05-14,USA,-1.566216205762702
2021-06-25,China,0.6288853428282607
2025-12-06,Saudi Arabia,-0.59327842071314141
2023-11-08,USA,-0.74255561609137322
2022-11-24,UAE,2.3924819670417792
2022-05-16,Iraq,-3.6532126752978455
2023-06-01,USA,-0.72546887966947438
2026-04-05,Iraq,-2.3365293771352724
2026-04-07,UAE,-0.40889450923236925
2022-08-09,Canada,0.027234393674812771
2020-08-08,Saudi Arabia,-2.2769840891708397
2020-08-05,Iraq,-3.5388833193323972
2023-05-09,USA,-0.99466874864397392
2021-08-22,Iraq,-2.6130989754767535
2023-12-22,USA,-1.0798583516334352
2020-10-23,China,0.0653146719166132
2022-02-19,Canada,-2.2938116952274883
2022-06-28,Russia,-2.3472558762239077
2023-12-06,USA,-0.99353720996168815
2020-05-26,Canada,-0.99751895877477381
2021-08-30,Canada,-0.40939030739339849
2022-12-05,Canada,-0.14167668532173833
2021-10-12,China,0.023652256404653207
2023-07-15,Canada,-0.33910761542978968
2023-04-17,USA,-0.9599540712653819
2020-03-31,USA,-1.5667752714386469
2025-11-30,Russia,-1.9966450993023406
2023-04-24,Saudi Arabia,-0.33487523882089937
2024-03-21,China,1.210465459164016
2022-09-18,Canada,0.00433156438142265
2025-11-22,Saudi Arabia,0.42055992886890364
2025-11-11,USA,-0.57577882852356665
2026-01-05,USA,-1.4836429672174876
2020-01-29,UAE,1.0039071037865726
2026-03-23,Canada,-0.79282984547371249
2026-03-26,USA,-1.457738919223565
2021-09-16,China,0.57732255246604458
2023-05-20,Canada,0.082533254743361914
2020-11-01,Canada,-4.5149543782654407
2020-02-09,Canada,-0.67157751085188011
2022-03-08,China,1.1557359612689988
2024-04-13,UAE,-1.7583695389319485
2024-09-17,Russia,-2.1845513794377029
2020-05-21,Iraq,-2.2433689002010824
2022-12-08,China,0.38824514631452828
2023-11-26,UAE,-0.19518196331119228
2020-12-24,Iraq,-2.4629060652902917
2020-03-21,Russia,-1.6709379265379094
2025-02-28,USA,-0.7811283377529169
2021-08-22,USA,-1.8904393333063285
2021-03-26,Canada,-0.59144725753059635
2021-05-04,Saudi Arabia,0.27292367852604626
2024-03-16,Iraq,-2.2164633570485295
2026-01-02,Saudi Arabia,-1.4137688510220618
2024-05-13,Canada,-0.46031921387637564
2023-08-08,UAE,1.5099211896373879
2021-02-07,Saudi Arabia,-1.6019110492708883
2024-07-22,USA,-0.23973904753542044
2025-10-26,UAE,1.7693420373732287
2024-09-29,Canada,-0.0551279875468738
2023-08-13,Canada,-0.30677978088794228
2024-02-08,Iraq,-3.0148915527872058
2022-12-09,Saudi Arabia,2.9933646000935004
2024-01-27,USA,-1.2768584810036856
2025-05-21,China,1.3643128142773087
2024-10-08,Russia,-2.1181443186843412
2020-08-25,Iraq,-1.944393947355477
2023-11-05,Saudi Arabia,-0.40453656231300572
2023-10-08,USA,-1.5108179512479374
2025-02-13,Saudi Arabia,0.5135778821438064
2023-10-14,Russia,-2.70112634817011
2020-07-20,Iraq,-2.3861326129047717
2022-12-23,Iraq,-2.6762083125431162
2022-09-02,Canada,-0.17993781309335152
2021-04-07,China,0.096477915350228441
2026-04-21,Iraq,-0.39656040380972046
2023-09-18,Iraq,-1.9449194571359303
2024-08-21,Saudi Arabia,1.399450734844828
2021-12-22,USA,-0.94766322395536462
2020-09-16,USA,-1.3667891253586693
2023-10-02,China,1.320936692498341
2025-05-07,China,0.77797405971038236
2026-03-13,USA,-1.2975982187291524
2021-05-15,Saudi Arabia,-0.82954794697985912
2023-12-30,Russia,-3.4310496118296196
2025-09-23,Canada,-0.0981827105369597
2023-03-31,Russia,-1.9796477921687248
2021-04-23,USA,-0.99706378405078633
2021-07-13,Canada,-0.59402942249579838
2020-02-07,Canada,-1.0389731914424982
2021-11-16,Iraq,-3.0482947480640008
2021-01-14,Iraq,-2.2659799891728309
2025-12-11,USA,-0.82024657197610784
2020-07-27,Canada,-0.84129446104938788
2025-08-18,USA,-0.914620861943107
2023-04-17,UAE,1.2704343446308322
2023-10-24,UAE,1.7443324714866493
2024-03-22,Saudi Arabia,0.30618612124179523
2024-01-07,Russia,-1.7552998831605233
2021-02-28,UAE,0.38825662099791569
2024-03-18,China,1.2855973269186405
2022-09-20,Iraq,-2.1030828038268585
2022-02-08,Russia,-1.2593899582906753
2025-09-24,Iraq,-0.96033573127955307
2022-10-02,Iraq,-3.0000210479160305
2020-11-02,Canada,-0.67526141730403866
2025-10-19,Saudi Arabia,0.85397416697538131
2025-01-17,UAE,1.9612103585285989
2021-09-01,Russia,-0.70043558475974144
2024-01-20,Iraq,-3.6437628432635183
2021-04-13,Iraq,-2.1515944739790664
2025-08-14,Canada,-0.62968857220260177
2020-12-26,Russia,-1.4731055053009523
2025-04-24,Iraq,-0.71651876056993535
2022-12-26,China,0.35769629231588068
2024-11-13,USA,-0.33609592644453135
2021-07-03,China,0.87228258100021
2021-09-24,Iraq,-2.694007470313208
2020-07-19,Saudi Arabia,-0.79164959678364588
2026-04-16,China,1.1280795058096185
2022-01-26,Canada,-0.4132716414099134
2020-05-25,Saudi Arabia,-0.74278959940511391
2021-03-31,Russia,-1.7034347282084668
2026-04-25,USA,-1.4847543543182604
2024-02-09,UAE,1.4622386779289869
2020-03-30,Iraq,-3.5373786813554684
2023-10-24,Canada,-0.35698324370848911
2021-08-15,USA,-1.4689208020246942
2024-10-12,Iraq,-1.860807658885925
2021-06-06,China,-0.37032867701998123
2021-08-21,Iraq,-2.8152825064962586
2026-03-06,Saudi Arabia,-2.2544977513774285
2020-09-14,Russia,-1.4995843446172781
2025-11-14,Russia,-2.6479909208873593
2021-07-22,Canada,-0.28542061490344178
2023-04-04,Saudi Arabia,0.19080455303351934
2023-06-15,Saudi Arabia,0.54711005570587024
2024-11-17,UAE,1.9979109479251536
2021-04-25,UAE,0.089466040404922537
2022-06-28,China,0.86392242699288868
2023-11-16,UAE,1.2038288570139608
2022-05-20,Canada,-0.58195589104936307
2024-01-30,UAE,2.1538483390062626
2026-02-05,Saudi Arabia,1.0290408176816757
2021-12-01,China,0.32450065489311875
2022-11-30,Iraq,-2.8672076992120372
2022-07-30,Canada,-1.1744955194040245
2024-05-19,Canada,-0.40657026785561035
2020-05-05,China,-0.75808335972040131
2021-02-06,Canada,-0.65984573445069872
2025-04-14,Saudi Arabia,0.94805560344041606
2022-01-25,Saudi Arabia,-0.46314396782974537
2021-10-13,Canada,-0.034705168637178804
2021-01-20,China,-0.26448135678830353
2023-05-17,Canada,-0.34579000924802122
2025-05-30,UAE,0.99631564949139761
2021-04-12,UAE,0.48570450980950064
2021-04-15,Russia,-1.5588962758988445
2023-10-24,Russia,-2.0057407037195278
2022-11-26,Saudi Arabia,-0.14420802275169523
2024-06-04,Canada,-0.25668320232126735
2021-12-20,Russia,-1.436448084466835
2024-03-25,Iraq,-1.5534620062832343
2021-05-08,UAE,0.47549725226298045
2021-07-28,USA,-1.0297559150615543
2022-10-30,Canada,-0.637632635521946
2026-03-17,UAE,-1.9701854968933947
2025-07-16,Russia,-2.2508024411691694
2020-07-20,UAE,0.10270956902699782
2022-08-28,Russia,-2.216151753107197
2022-12-23,Russia,-1.5478259486884247
2025-04-08,UAE,3.1464513058414507
2021-11-05,Saudi Arabia,-0.44355725232549975
2021-02-17,China,-0.051876288720718616
2024-07-11,Saudi Arabia,0.22969481394195046
2024-07-18,China,1.3417811067162737
2025-12-29,Saudi Arabia,0.59825523936503033
2023-05-12,Saudi Arabia,-0.015604599320865144
2021-06-29,China,0.97803168137650265
2026-02-13,USA,-0.76700780722571626
2025-08-16,USA,-0.5621201237444845
2021-09-11,China,0.31227579295533203
2020-01-18,Saudi Arabia,-0.986106562267351
2020-01-06,Saudi Arabia,-0.95911873326357511
2024-06-18,China,0.96524563925837059
2020-12-16,Saudi Arabia,-0.10500927606262757
2024-12-14,Russia,-2.2653296666546376
2020-09-19,UAE,-0.32764627740577057
2023-03-21,Iraq,-2.30158598656626
2026-03-21,Iraq,-2.2086362980711813
2022-11-09,Canada,0.084530852670567216
2026-01-27,Russia,-2.144928538740587
2022-10-17,USA,-0.95606846306538773
2021-07-19,UAE,1.0926907429347323
2025-12-25,Iraq,-1.4076594368647113
2021-06-20,Canada,-0.61581124593634173
2024-09-07,USA,-0.91076389243490252
2025-12-19,Saudi Arabia,0.343642746883621
2025-12-16,UAE,1.2586267153918018
2020-06-07,China,-0.0022721674005703445
2020-12-11,Russia,-1.4791475968275642
2024-05-26,Canada,-0.096992685751805974
2021-07-29,China,0.16731281294733139
2023-08-25,USA,-1.2427817844387763
2024-03-11,Russia,-1.5456871411123092
2025-11-07,Canada,0.45368221595072517
2024-11-24,UAE,-0.9002504238574216
2022-09-27,Russia,-2.3187491691024231
2020-06-19,UAE,-0.92888295972107082
2023-03-04,Russia,-2.1210889629129728
2026-04-03,China,1.0865607810000475
2025-04-06,Saudi Arabia,0.44946595115616156
2025-01-13,Saudi Arabia,0.63080830517609465
2022-12-01,Russia,-1.7129186620901204
2024-08-22,Iraq,-1.6031012551689394
2021-11-27,UAE,0.94350777565652111
2022-04-21,China,0.24233908199985635
2023-10-10,China,0.95180791476729687
2025-04-20,Saudi Arabia,1.1162491778789123
2025-09-20,USA,-0.94743685300961844
2024-06-30,China,1.5621673482781064
2025-12-23,China,1.2163111044929433
2021-10-13,USA,-0.91332943042041193
2022-12-06,Canada,-0.19390248475618554
2021-08-28,UAE,0.9523102189298509
2026-03-01,UAE,-3.8358129254174744
2022-05-14,UAE,2.2872717828437308
2021-02-21,Canada,-1.0735227607710773
2024-05-28,China,1.1430366185482839
2022-02-15,Saudi Arabia,0.43319074485749487
2020-07-20,USA,-1.5156832137895226
2020-04-29,Iraq,-3.1100532584341982
2024-11-07,UAE,1.6959924009143896
2025-03-21,USA,-0.98196331067313736
2021-06-20,Saudi Arabia,-0.063219750271737124
2025-10-04,USA,-1.0958155747733203
2023-05-03,USA,-0.85940155736638479
2024-10-22,Russia,-1.5797674268940749
2023-02-27,UAE,1.8784520958989741
2020-11-21,Iraq,-2.5339574559202585
2023-04-16,USA,-1.163034731266563
2023-10-25,Canada,-0.46457005010070418
2024-06-07,Iraq,-1.4587996008627064
2024-06-06,Russia,-1.6265667622542521
2025-07-26,UAE,-0.58079750762688753
2025-07-23,USA,-0.85224835216698758
2020-10-29,China,0.4024861426619008
2022-04-29,UAE,1.8439856873785003
2023-09-02,Canada,-0.30879649642819873
2026-01-04,UAE,0.794579968022706
2023-03-30,Russia,-1.8644920376262775
2025-10-28,Russia,-1.7914338504668539
2025-04-03,Canada,-0.24843739351845973
2022-09-03,Russia,-2.3251328329221561
2022-01-25,Iraq,-2.262452482767106
2025-10-15,Canada,-0.28210974475098338
2025-10-02,Canada,0.36073339168078267
2025-08-25,China,0.89670020956241536
2020-07-26,China,-0.19607722118143189
2022-01-01,Russia,-0.69045964284860439
2020-08-20,Iraq,-3.3986210972506803
2020-12-12,Saudi Arabia,-0.5536095030498942
2022-05-13,Iraq,-3.1032300516468241
2022-09-15,UAE,1.5567805193684452
2020-01-31,Saudi Arabia,-0.89220297139554117
2023-01-04,UAE,0.41959816276978396
2022-01-20,Saudi Arabia,0.30058418037169576
2024-02-02,Russia,-2.1549180331747664
2021-12-30,USA,-1.2717918731584215
2022-08-18,UAE,1.2058210475795028
2021-01-29,China,-0.44731493392081484
2026-02-17,Canada,0.06924693011913538
2022-06-02,China,0.40945382900780447
2020-12-26,Saudi Arabia,0.18070323372297326
2022-07-23,Iraq,-3.3286647322716241
2023-04-27,Saudi Arabia,-0.050981680795889571
2020-08-15,China,0.04005585998463719
2022-10-29,USA,-1.4505915512071508
2023-01-02,USA,-1.2138614230921698
2024-05-15,USA,-0.71373046462955714
2023-03-31,UAE,1.6461944611578914
2026-01-12,Iraq,-1.8414727404714284
2020-02-26,China,-1.8564321220990005
2026-04-01,USA,-1.1093413085671908
2025-09-08,Iraq,-1.4071107642111378
2021-12-29,Iraq,-1.3269015617718096
2025-10-15,USA,-0.86323606830731592
2025-01-16,Canada,-0.29424040487874792
2026-02-06,USA,-0.91026025378560182
2021-06-22,China,0.29362702539349306
2024-10-18,Canada,-0.21247693280976093
2021-08-16,Canada,-0.54868587525338375
2021-12-10,Iraq,-2.19040326610368
2021-12-15,Saudi Arabia,0.80948632726312864
2022-05-14,Iraq,-1.7921144844734955
2023-10-01,USA,-0.71505945615226385
2025-11-03,Canada,0.37656322035294765
2021-05-11,Russia,-2.4662913520971856
2023-08-30,USA,-1.210575444202322
2023-05-25,Iraq,-0.67307349050516752
2022-10-02,Saudi Arabia,0.16712855069499316
2020-07-17,Russia,-1.8387458922453903
2021-07-02,Iraq,-3.0268029076625425
2026-01-28,China,1.4222538346785198
2020-11-09,USA,-0.73680600551952591
2025-01-14,UAE,2.3209371552983797
2025-06-04,China,0.82816412223623259
2024-01-22,Iraq,-2.6075262132003996
2020-12-20,China,0.077685623060697845
2020-01-10,UAE,0.58477041435369326
2025-05-20,UAE,1.3942837423169989
2021-06-01,Russia,-1.0796304876886502
2020-04-12,Saudi Arabia,-2.0873239736436462
2020-11-19,UAE,0.99285813312427229
2025-09-12,China,1.2822073570226558
2020-05-17,China,-0.86366257016218562
2024-01-25,UAE,1.6908737948093855
2025-03-16,Saudi Arabia,0.607552033359776
2020-06-14,Russia,-1.6188880567337181
2023-01-29,UAE,0.24668375531468678
2022-07-25,Iraq,-2.2019061994049416
2024-03-26,Russia,-3.4411656376624928
2026-03-09,Canada,0.19326358146158529
2021-11-23,Iraq,-2.9692720404930242
2021-05-13,China,0.2007025676613525
2023-06-19,USA,-0.70437319665993725
2025-02-06,China,1.3403531918498097
2022-10-21,Iraq,-1.6921757152143422
2023-08-11,Iraq,-2.8458186175401972
2025-09-09,Iraq,-1.422967358707915
2024-04-19,China,1.2091520800314097
2023-05-01,Saudi Arabia,-0.710940166952017
2022-11-13,USA,-0.93165544222345686
2020-03-14,Saudi Arabia,-2.9539505598881188
2020-03-16,USA,-1.69196322017874
2023-08-29,Russia,-2.4132244947940964
2026-03-15,Russia,-2.4188255642583414
2021-11-21,Iraq,-2.05920819622309
2023-09-03,UAE,1.6074529691498907
2020-06-26,Saudi Arabia,-1.447484342106564
2020-01-29,Saudi Arabia,-0.33861579861397761
2020-09-25,Russia,-1.7716043211563883
2021-11-10,Russia,-1.7924559520329368
2020-07-05,UAE,0.27933886413892872
2022-08-07,Iraq,-2.8284761062051187
2021-06-12,Iraq,-2.0199203697716626
2020-05-20,Canada,-0.50822288493758194
2020-05-10,Saudi Arabia,-2.0354755356637386
2025-08-07,Saudi Arabia,0.72836486990825278
2021-12-08,China,0.47073284426346507
2022-02-27,Canada,-0.092091319987495465
2021-08-17,USA,-1.1592791022836262
2021-06-08,USA,-0.82505538774366993
2021-06-08,Canada,-1.8132992065182085
2023-03-23,Russia,-1.811033844200757
2025-11-05,UAE,1.5303914050323701
2025-02-04,Canada,-0.95689590860518148
2020-02-24,UAE,0.877986623576293
2022-08-27,USA,-1.0837418285431177
2024-07-24,UAE,1.8394446142802126
2022-01-14,USA,-1.1721895348412839
2025-04-14,UAE,0.93651565679230908
2021-11-05,Russia,-1.4715840438025267
2021-02-13,Saudi Arabia,-1.1990962595109818
2025-10-13,Saudi Arabia,0.665544518959499
2021-06-14,Iraq,-2.7446139064563511
2025-01-16,USA,-0.68399500515554479
2026-04-26,USA,-2.1039288345462417
2022-06-06,Canada,-0.78689593291920534
2022-06-02,Russia,-1.9234446760142676
2021-08-09,Canada,-0.79284027690280845
2021-12-09,Saudi Arabia,0.68831573759562936
2023-10-23,China,1.0922319511670335
2020-08-24,USA,-1.4608026885380381
2025-05-17,Russia,-1.9828115945160838
2020-08-13,Saudi Arabia,-0.66866275529757924
2021-10-09,Saudi Arabia,-1.1374683988067007
2021-11-21,Russia,-1.7437649329496621
2023-09-04,UAE,1.1172536173274035
2022-07-10,Iraq,-1.3497490582630736
2020-05-07,Canada,-0.807159677070017
2020-04-28,Russia,-1.9333325712245155
2022-01-28,UAE,1.9739918968278036
2023-12-07,Canada,-0.28514918243130627
2020-12-03,Russia,-1.3007646586702712
2021-10-18,Russia,-1.2373796804775119
2025-08-25,Saudi Arabia,0.34060799659118818
2022-06-06,Saudi Arabia,-0.8957695891934061
2023-05-04,Canada,-0.15510356733958436
2020-10-01,USA,-1.2083363224288759
2023-09-24,Iraq,-2.2712754393515642
2024-06-04,Saudi Arabia,0.73178018861037719
2023-12-25,Saudi Arabia,0.34461253755819377
2022-09-11,USA,-1.0325252628696446
2023-12-27,UAE,1.0874221893186347
2026-03-14,China,0.95716342340831062
2025-09-26,USA,-1.1606267463527893
2023-07-31,UAE,1.0597672525702702
2020-07-08,USA,-1.3866337245659477
2022-01-27,Saudi Arabia,0.60179570550355133
2024-09-11,UAE,1.5110984192349
2025-10-02,UAE,1.4671570990982441
2022-08-17,Canada,-0.30199338350231369
2020-11-27,Iraq,-2.9719907515056394
2026-02-27,Iraq,-1.307778175495611
2023-04-25,USA,-0.752866826783295
2021-06-07,Iraq,-2.5927534701136592
2025-02-23,UAE,1.2483036003640204
2021-03-03,China,0.27742215160797856
2022-04-01,Iraq,-1.4936522879841314
2021-02-19,USA,-0.98751488161363121
2024-09-16,Saudi Arabia,1.5235717832391888
2021-06-18,Russia,-1.4660642328622115
2026-02-07,Russia,-2.6384869806139974
2023-11-11,Iraq,-1.8147417869675442
2020-03-07,Canada,-0.74851883595310231
2020-08-30,Saudi Arabia,-0.21422138634162188
2025-03-03,Canada,0.078601449143088184
2024-01-18,UAE,1.0672389905513149
2021-10-05,Canada,-0.20001905101686657
2021-05-01,Saudi Arabia,-0.54060477624713665
2021-07-27,Russia,-1.1409441121496071
2023-01-08,China,-0.5147633736407804
2023-01-07,USA,-1.4218579376555076
2025-07-13,China,1.0110832128892813
2022-02-09,Canada,-0.7443186311175416
2021-08-06,China,-0.037169774781891519
2020-02-21,China,-1.9605493101334808
2021-12-29,USA,-1.2906357058310107
2024-09-19,USA,-1.0418201688538993
2022-12-12,Saudi Arabia,1.2159361134815219
2021-01-25,Russia,-1.7473857940862825
2023-05-17,Iraq,-0.89681396195125507
2024-02-03,Iraq,-4.56230635362682
2022-03-18,Russia,-2.4512196590110009
2024-06-28,Canada,0.099788708825142555
2021-04-14,Russia,-1.2948083219366611
2023-07-24,Iraq,-1.885158773746866
2024-12-24,USA,-0.8743453999710723
2022-05-06,Russia,-2.1194640138649974
2023-11-05,USA,-1.007243816399044
2025-07-13,Canada,-0.017689822995393296
2020-10-27,UAE,-0.19369497971420666
2026-03-29,Russia,-2.6534477608649953
2022-08-26,USA,-0.92155383574697047
2022-01-18,China,0.39850322515542713
2024-02-25,USA,-0.544862290106215
2021-11-12,UAE,1.1176486830666583
2025-01-12,China,0.77857631979021857
2024-09-19,Iraq,-2.7154213995292484
2023-02-16,UAE,1.9263414965556978
2024-04-20,Saudi Arabia,0.56142294768899859
2021-10-27,Iraq,-2.9563867331946727
2020-01-13,USA,-1.0349381349971685
2025-05-12,China,1.1003993235656975
2022-07-31,Saudi Arabia,0.09038905910886752
2023-03-21,Saudi Arabia,0.72093464249310479
2020-04-08,China,-1.0031573575087702
2026-01-08,USA,-1.3989079594968645
2023-12-12,Iraq,-1.3760549503057362
2024-04-15,Iraq,-3.6771606013393128
2021-06-14,Canada,-0.57650012602559253
2025-08-26,Russia,-1.9069594786697435
2026-02-06,Saudi Arabia,-0.0023967618229720766
2023-11-23,UAE,1.7270241319583863
2021-06-26,China,0.54133486644763662
2024-10-21,Russia,-1.9036032685421316
2021-12-05,Canada,-0.46612127795492492
2024-12-27,China,0.94690270910833585
2023-11-07,Saudi Arabia,-0.23130753281609298
2026-03-03,Iraq,-3.2292318428287285
2024-05-20,UAE,1.0948843591400066
2020-04-19,China,-1.2085098421764422
2023-08-24,Canada,-0.38377109601607423
2020-06-20,China,-0.30687374374613191
2022-07-13,UAE,0.34219015201750469
2021-03-09,USA,-0.927979430052424
2021-09-18,Russia,-1.2124723407748292
2020-07-22,Iraq,-1.9477474179665317
2023-05-20,Saudi Arabia,0.043252348200859193
2022-03-30,USA,-0.932283213706607
2025-04-11,China,0.6162937008348971
2024-11-06,Iraq,-1.8372667385647177
2023-03-12,China,1.6734957343278711
2023-11-16,Russia,-2.0745854583388939
2021-03-30,China,0.24782630594902061
2024-07-04,Saudi Arabia,0.74252299153610679
2020-03-01,USA,-1.2172532771916487
2024-01-19,Canada,-0.60715754596470772
2024-06-03,Russia,-1.7902868492513619
2025-02-27,Saudi Arabia,0.78075724539624236
2020-08-15,UAE,0.12256554692301475
2021-07-24,Iraq,-3.575298829789471
2022-12-28,USA,-1.4067310087897595
2026-01-22,UAE,1.4155509742382892
2025-01-22,UAE,1.7481918706291388
2024-07-17,UAE,1.2548627900074592
2022-03-08,USA,-1.3126551247828682
2021-01-16,Iraq,-2.4424143050200797
2026-04-27,Iraq,-0.75161008378775451
2025-12-10,Russia,-1.5960132507784182
2022-03-20,Iraq,-0.96552908733496423
2020-01-06,USA,-1.2919437362100974
2022-02-22,China,0.6851799462745094
2023-09-23,UAE,1.5218034497797595
2023-03-27,UAE,1.3891513868424259
2020-10-21,Russia,-1.7715123466146465
2023-04-05,Canada,-0.43043488853892159
2020-06-24,USA,-1.6512493965577686
2024-05-03,UAE,0.77697366368237608
2023-03-09,Canada,0.00051873226389606564
2021-09-22,Saudi Arabia,1.2409618380152379
2024-11-02,USA,-0.86125739302774151
2021-07-16,Iraq,-3.4080187392208416
2022-10-12,Saudi Arabia,0.38525714555285773
2023-02-19,Russia,-2.2614092461934194
2022-08-21,China,0.36004372931176387
2026-02-17,Saudi Arabia,0.93709429384785692
2021-10-27,Russia,-1.2499350878782547
2021-12-05,China,0.73269733638758361
2020-06-11,UAE,-0.60545155653738192
2024-08-22,UAE,1.4069653710940144
2020-09-19,Iraq,-2.3258060049765383
2023-10-02,Russia,-1.6546358550406408
2020-01-21,Saudi Arabia,0.072182627142058836
2022-07-07,Iraq,-1.5093502972589063
2020-09-07,USA,-1.5603418634782533
2022-06-14,UAE,1.3438156286107921
2021-06-17,China,0.15321956840163503
2026-04-25,Saudi Arabia,0.39724036058627671
2020-02-29,Iraq,-2.3416108842724785
2025-08-17,USA,-0.82024659915586073
2020-01-06,UAE,0.70926688351546041
2022-02-21,Russia,-2.1416955548915473
2022-09-12,UAE,1.0588981569012494
2023-12-28,Saudi Arabia,1.3285432397791812
2023-07-16,Saudi Arabia,0.58414586224193532
2024-10-04,Saudi Arabia,-0.30291755286965
2020-06-14,Canada,-1.8534312771949175
2025-07-29,Iraq,-1.6671471675417568
2020-04-11,Russia,-2.1535420482320338
2026-03-18,Saudi Arabia,-2.8540948314747117
2022-04-27,USA,-0.96892530546015243
2020-04-04,Canada,-1.1331681571994356
2020-09-08,Canada,-0.69690445336174589
2021-08-08,UAE,1.1367201326874634
2021-02-11,USA,-1.345444257021712
2021-07-11,China,0.34413482943294643
2024-02-14,Iraq,-1.6456131786179047
2025-06-07,UAE,1.2360027538626617
2024-09-02,Iraq,0.12503808058838661
2021-10-26,Russia,-1.2614802294803955
2020-06-17,Iraq,-2.3444387450038007
2023-10-23,USA,-1.0259356877084016
2025-03-02,Russia,-1.3284431270175181
2020-03-29,Saudi Arabia,-3.1068864664447671
2022-07-20,Canada,-0.47331944717200042
2022-11-30,Saudi Arabia,1.0347593631123113
2020-08-14,Canada,-0.75817209450675449
2024-06-09,Iraq,-1.26002069114598
2020-04-01,Russia,-2.2066096518000067
2025-02-11,Iraq,-3.2883968264813794
2020-10-18,USA,-1.5887498695582225
2020-05-01,China,-1.0837107342717023
2022-08-28,UAE,0.53813856182337239
2025-01-22,China,1.3756427424145019
2025-09-09,China,0.95286860875072832
2025-05-23,China,1.3780203970549907
2022-11-13,Saudi Arabia,0.74230724754613775
2026-02-23,Russia,-2.3486353489112468
2022-01-31,Canada,-1.0172088488944784
2023-01-08,Russia,-2.5133387778884835
2020-04-11,Saudi Arabia,-1.9629507038004512
2021-03-04,China,0.43779705275863334
2021-03-05,USA,-1.1277991615859368
2020-02-23,UAE,0.49069815505914827
2020-09-29,Saudi Arabia,-0.25509744820322655
2022-03-06,UAE,2.5290643364639647
2023-11-12,UAE,1.3386796717829297
2026-02-02,UAE,1.7318610433920441
2026-02-05,Iraq,-1.2519417095388221
2022-08-16,Russia,-2.3885897135133676
2022-12-16,Iraq,-1.4723354705822822
2020-12-25,Russia,-1.4758419537217276
2020-06-12,Canada,-0.98448596050272563
2022-05-08,Iraq,-2.0063043131615363
2025-11-28,Russia,-1.8292080166555094
2025-04-28,Canada,-1.5024837804968358
2022-03-27,UAE,0.82937155659794981
2024-11-23,Saudi Arabia,0.00911773245374398
2025-09-09,Saudi Arabia,-0.75307186642259671
2021-06-11,China,0.23887087253070091
2023-04-30,Canada,-0.032026724280923013
2021-10-17,USA,-1.2606715998001092
2023-11-27,USA,-0.77073345950668848
2022-11-19,USA,-0.936116310411641
2024-01-13,Canada,-0.81146383101161712
2021-05-30,China,-0.016130263640907836
2024-12-17,Saudi Arabia,1.7098180999123678
2020-12-17,Saudi Arabia,0.070739139279208788
2021-03-25,USA,-1.1070966542683092
2021-05-03,China,0.028033700494017853
2025-05-08,Canada,0.12140101861677867
2023-10-05,Iraq,-2.2015101061102049
2022-07-05,Saudi Arabia,0.40222946979325069
2023-09-04,USA,-0.62023128677414663
2022-12-20,Iraq,-1.0654235863810981
2021-09-16,UAE,2.0473410495633519
2025-04-15,Canada,-0.1290740959117625
2023-12-01,China,0.96406402835666749
2020-05-07,Saudi Arabia,-1.572664608458171
2020-02-25,Saudi Arabia,-1.3001544238131451
2022-10-05,Saudi Arabia,0.36133944366064014
2023-05-21,China,0.80196002453006709
2026-01-14,Russia,-2.0550345002939188
2022-04-07,Iraq,-1.9291814228524571
2025-01-27,UAE,0.48518485533708711
2024-02-17,Saudi Arabia,0.57007587915526692
2025-12-21,UAE,0.861602467623423
2023-07-13,Canada,-0.65805227064292882
2020-05-12,Canada,-0.860939597205484
2025-08-14,UAE,1.9295910313226325
2022-02-26,Iraq,-1.5220774526894278
2020-12-12,China,0.27067212790008366
2024-08-19,Iraq,-3.1355530897695609
2020-08-14,Saudi Arabia,-0.54574824468783123
2024-05-26,Iraq,-0.82638290966537209
2023-12-25,UAE,0.66171118864084977
2021-11-26,Iraq,-3.730805640733915
2024-03-17,China,1.3974025433744992
2020-04-04,Iraq,-2.6286843025613136
2023-03-09,Russia,-2.6103934593476095
2022-01-13,UAE,0.946059986395391
2025-08-31,Russia,-1.5206730625506009
2020-09-26,Iraq,-2.4151761635287343
2026-04-13,Saudi Arabia,-1.056727085655143
2023-09-18,Russia,-2.0283572504132059
2025-12-03,Saudi Arabia,1.3829617116674178
2020-06-01,Iraq,-2.1631646452291022
2021-10-06,Iraq,-1.7918639214018963
2023-09-03,China,0.78765888016100027
2026-01-01,Canada,0.1771271469502953
2020-10-10,Russia,-2.2997525543663868
2024-07-30,USA,-0.70133106784354049
2023-01-18,UAE,2.0453038989940655
2024-03-01,UAE,1.3195226023368567
2026-01-19,UAE,2.1547408931572085
2022-01-23,Iraq,-2.6515903415244888
2024-11-08,Iraq,-1.9409619180899367
2023-12-02,Russia,-2.1274796817987554
2024-04-16,Canada,-0.017940478921612713
2021-03-30,Saudi Arabia,0.3763421581442315
2025-06-08,China,1.1673459749643871
2026-02-20,Saudi Arabia,0.84344120796738642
2024-12-21,USA,-0.77837609404261565
2020-08-10,Canada,-0.84076061270354774
2024-01-02,USA,-1.0157459430875728
2025-11-16,USA,-0.89244055498539465
2025-07-15,Saudi Arabia,0.67911957843634652
2020-06-22,China,-0.10066631311413898
2023-04-09,China,-0.80524199705803357
2023-04-01,UAE,0.52680474754903139
2023-03-30,Iraq,-1.5787401758262871
2025-09-10,Russia,-2.8513912077765724
2025-01-26,Russia,-2.3127372798196721
2024-02-17,Russia,-3.4253887838106754
2024-09-15,Saudi Arabia,1.0770876902031952
2022-06-03,Iraq,-3.3808624759121244
2025-05-15,Russia,-1.3216901622940087
2022-11-29,Russia,-1.6663306029471043
2024-01-09,Iraq,-2.2168952392213161
2024-03-24,Canada,0.34792062941904961
2023-10-03,China,0.66320490403161148
2023-01-25,Russia,-1.6198361349431467
2025-02-02,USA,-1.1215381689144612
2020-07-10,China,-0.2350331850855753
2024-04-26,China,1.2946053305106358
2022-06-25,Saudi Arabia,0.29553779878472275
2024-09-11,USA,-1.3321493482527302
2025-01-15,Canada,-0.12525519369939384
2026-02-03,Canada,0.04629122515538036
2021-04-10,UAE,1.6030875636170645
2022-07-18,USA,-1.2085597885749921
2024-01-13,China,1.0992791463632374
2024-06-06,USA,-0.91633423229193434
2024-08-29,Canada,-0.2300937132334499
2022-09-11,China,0.68266736262468075
2024-03-07,Iraq,-1.0032101786225391
2024-03-06,Saudi Arabia,0.70486334222333058
2024-12-04,China,1.1974571528944895
2022-10-31,China,0.876853801624452
2024-05-30,Saudi Arabia,1.6159196691536541
2025-09-27,Saudi Arabia,1.151403463997789
2025-11-08,Canada,0.19828925900596833
2026-01-17,USA,-1.1333659652276791
2022-03-26,Saudi Arabia,-2.23365992112151
2026-04-18,Canada,-0.0011457034113892539
2023-11-15,Iraq,-1.7144132991105692
2024-04-11,UAE,1.2641362913385419
2024-12-28,Canada,-0.39913963066152658
2020-10-06,Iraq,-3.0379615287567012
2024-03-20,USA,-0.68426354676519141
2024-08-23,Russia,-2.6437738991012232
2021-02-23,UAE,0.21446148853358676
2025-02-03,USA,-0.41616652653179781
2024-10-19,Iraq,-2.7308834412850778
2024-09-05,Russia,-1.6772895545212716
2025-03-17,Russia,-1.6108568236410532
2022-11-13,Canada,0.19072024280153338
2023-10-27,Russia,-1.9944875570671154
2024-01-17,Canada,-0.38948244448147279
2024-03-05,UAE,1.922416114314434
2025-02-15,Saudi Arabia,0.232372414563258
2023-12-16,Canada,-0.43172262122894628
2023-05-27,Saudi Arabia,0.24055546674397904
2022-10-09,USA,-1.3550344303870332
2020-05-05,Russia,-1.8695664884365377
2022-09-01,China,0.28977305238249595
2026-01-22,China,1.2144010337341908
2025-01-28,Canada,0.0018313598175934837
2024-11-06,Canada,0.35173408333044703
2024-07-11,UAE,0.303302844833996
2025-10-17,UAE,2.1755706438317057
2024-04-13,USA,-1.1821244734752039
2023-11-12,Russia,-2.3763466981622177
2023-02-17,USA,-1.1969978856427819
2024-09-09,Saudi Arabia,1.0234859494361039
2022-03-23,China,0.020526271466809624
2020-12-23,UAE,0.71524800342828077
2020-06-13,Iraq,-2.1413904864389472
2020-06-11,China,0.12550231294402767
2023-10-27,USA,-1.2411116501870947
2021-06-01,Saudi Arabia,0.15607209791278379
2023-04-29,USA,-0.99733060267074658
2025-12-18,USA,-0.92153247574454644
2021-01-08,USA,-1.9445450647483058
2025-11-23,Saudi Arabia,0.74545088881897648
2021-05-03,Saudi Arabia,-0.10522179185870535
2023-03-26,Canada,-0.31990279720016451
2021-09-18,Iraq,-1.0933513893535922
2021-09-30,UAE,2.409715106966599
2020-02-02,China,-2.142652288455638
2025-12-31,China,1.5328729052660326
2024-04-16,UAE,-0.79917251522410582
2021-01-13,China,-0.10689387783302041
2020-08-08,USA,-1.8619736325284426
2021-10-13,Saudi Arabia,0.44786987940818468
2024-04-22,Russia,-1.7594184380090492
2025-05-28,USA,-0.8549617940931169
2022-02-25,Iraq,-1.5253574167780839
2020-01-07,Saudi Arabia,-0.750968648860483
2020-10-05,UAE,0.25227342814361708
2020-03-10,Saudi Arabia,-2.606318573865896
2020-04-18,Iraq,-3.1230153746880132
2022-10-26,Canada,-0.29995468216984988
2024-03-10,China,2.1165984357357472
2023-01-22,USA,-1.1526432547131278
2023-01-17,Iraq,-1.5829735160096958
2023-03-02,UAE,1.7591841479932124
2021-09-25,Canada,-0.829059519139233
2022-01-21,Iraq,-4.4327317865657454
2025-04-09,USA,-1.0697616967049337
2025-01-25,UAE,-0.15026243788760071
2025-10-10,USA,-0.85543139372644
2024-04-04,USA,-0.78040575383734956
2023-02-10,Canada,-0.35643435212938179
2021-06-28,Russia,-1.5563717772520169
2020-05-16,USA,-1.5651011000908384
2021-04-16,Saudi Arabia,-0.46932232383776368
2023-05-09,Iraq,-1.5807178758256535
2026-02-22,Russia,-2.810051564095744
2021-03-10,Iraq,-2.2905151921961875
2020-08-22,UAE,-0.090563450685380867
2025-03-04,Iraq,-2.0585061917671106
2022-11-22,Canada,-0.16268368678300976
2023-07-01,China,1.3751916009031531
2024-05-24,Iraq,-1.8373922293652694
2025-07-15,China,1.1394078300753951
2024-11-29,China,1.4911053317609848
2024-11-27,Saudi Arabia,0.97544139592490575
2022-11-03,Saudi Arabia,0.40566661132261117
2023-01-24,Saudi Arabia,0.33689153122463467
2020-02-16,Russia,-1.9603815702889578
2020-02-12,UAE,0.8737284405523742
2022-12-31,UAE,2.3619828236325646
2020-07-02,Canada,-0.933877261753141
2020-04-21,Iraq,-3.1617467472129603
2024-09-14,China,1.7434465819344611
2021-01-10,Iraq,-3.5204732373157954
2023-05-13,Saudi Arabia,0.20257541241251575
2025-03-17,Saudi Arabia,0.82097751964017451
2020-06-07,Iraq,-2.8808390673765532
2024-12-10,China,1.3803759907884938
2021-12-23,Canada,-0.3670270942076625
2024-05-23,Canada,-0.18753785156556677
2023-10-01,Russia,-1.6579264397893914
2025-02-24,Iraq,-1.0921909328866251
2022-10-30,China,0.36446034590075765
2023-04-08,Russia,-2.2762856032590655
2022-10-08,USA,-1.3271855410272
2020-07-18,Russia,-1.9234582083824743
2024-07-22,China,1.300680176892492
2025-10-25,Saudi Arabia,1.2623565962654952
2021-11-03,Iraq,-2.0088988115629376
2024-04-16,Saudi Arabia,-0.13662900333492339
2024-07-06,Iraq,-1.0022109213309864
2024-07-02,Russia,-1.6400468594105742
2023-11-25,UAE,-1.0197832474362731
2020-01-11,Saudi Arabia,-0.21193379926426376
2021-03-19,Saudi Arabia,-1.8519712858255279
2023-02-03,Russia,-1.8148039904626494
2021-05-02,Iraq,-3.3551669720788437
2022-04-12,USA,-1.2115635273381318
2020-04-09,Saudi Arabia,-1.6227057994890424
2024-11-25,China,1.4030677256329422
2020-10-12,Canada,-0.78688007058994114
2025-09-18,Canada,0.33800003365117437
2025-01-29,Saudi Arabia,0.73523565282790848
2025-10-19,Iraq,-1.0560640525006382
2025-03-31,Iraq,-2.0114723479801784
2025-06-11,UAE,1.1115890740003787
2022-12-07,Canada,-0.047643406276805543
2026-04-20,Russia,-2.110672907455116
2024-06-26,UAE,1.326618295330936
2025-12-04,Canada,0.53132972506159692
2021-12-06,Iraq,-2.2759266095888369
2024-06-01,USA,-1.1659440546437316
2025-05-02,Russia,-1.9460512850580018
2021-07-28,Russia,-1.1987344569028777
2026-01-08,UAE,0.52037877359683071
2026-03-22,China,1.3078904416073405
2025-09-12,Russia,-2.1123529565038854
2022-03-07,Saudi Arabia,0.01047025510808532
2025-01-15,China,1.277246978337836
2024-06-24,Russia,-3.2715324769695675
2021-04-18,Russia,-2.5863486092346122
2024-06-10,China,1.328648296665327
2020-08-26,Russia,-1.6657259143776642
2023-04-25,Canada,-0.35110284200296882
2025-11-28,Canada,0.064492339911739457
2022-05-19,Russia,-2.3397211906577176
2020-09-14,Canada,-0.40304443644379578
2022-09-25,China,0.593083782951554
2022-07-08,Saudi Arabia,0.45720978499423442
2025-02-09,Russia,-2.3728360990076669
2020-02-17,China,-1.7512676786661832
2025-01-23,China,1.33334414012084
2021-02-16,China,-0.026577941297643522
2022-10-23,Saudi Arabia,1.5675090731569532
2022-06-25,Russia,-2.1651004879479139
2023-05-07,Canada,-0.533628020196861
2024-10-08,USA,-1.2345251194753206
2025-12-04,Russia,-1.7387878720805745
2021-08-20,USA,-1.4773401611812442
2021-11-24,USA,-1.0781844948081176
2025-10-20,Canada,-0.021708884985089931
2021-04-29,Iraq,-1.8410681596270233
2025-09-02,USA,-0.95917321952758772
2021-02-16,USA,-1.2622013790746738
2020-04-24,Saudi Arabia,-1.6254920188957749
2023-07-18,UAE,2.7464455825391059
2025-03-28,Saudi Arabia,0.88309781491213335
2024-10-31,USA,-0.66849917719382124
2025-12-14,Canada,0.041912325523582664
2024-06-11,Saudi Arabia,1.0078167159908666
2023-09-24,Canada,-0.748601587103354
2023-02-06,Russia,-1.7850518552659653
2020-10-27,Iraq,-3.1602703006380288
2022-04-27,UAE,1.9208254374282516
2026-03-31,UAE,-2.3296786903838238
2024-02-26,UAE,1.2527146868472696
2021-04-27,Russia,-1.1535636724988236
2023-12-10,UAE,-0.1383583685118574
2023-12-14,Canada,-0.12488630507415016
2022-09-05,Canada,-3.3184917798641314
2025-01-12,Saudi Arabia,0.065896156724820687
2025-06-01,USA,-0.58284619992150788
2021-03-14,USA,-1.2095098307809906
2021-08-20,Iraq,-2.5447346083250406
2024-01-08,Canada,-0.46649693468546649
2021-08-29,Saudi Arabia,-0.22786748778919297
2021-05-23,UAE,0.4390887115117017
2025-04-16,Saudi Arabia,1.1091595390040117
2020-11-10,USA,-0.9485948356042182
2023-08-17,China,0.97957011425147023
2020-08-08,UAE,-3.5282423009139761
2020-12-01,Russia,-1.2625716528691713
2022-12-07,UAE,1.5020257721167882
2025-03-13,Saudi Arabia,0.30969169165480193
2023-04-15,Saudi Arabia,-1.8104950782143718
2021-08-18,China,0.053489022697036634
2023-11-09,Saudi Arabia,0.24252025916551995
2025-07-24,Saudi Arabia,0.49895815134908872
2022-05-17,Canada,0.22785548140562456
2022-09-29,Russia,-2.0360982834530517
2020-04-02,China,-1.0783548510720697
2020-11-02,China,0.10886078303902709
2022-09-03,China,0.5065245941773282
2020-02-11,Russia,-1.6656121627432223
2020-02-04,USA,-0.91322823620505711
2023-08-12,China,0.55291155136150827
2022-04-09,Saudi Arabia,0.058914856916424667
2021-12-27,Saudi Arabia,0.056434940552291521
2025-01-10,Iraq,-1.2190857784392148
2022-05-22,UAE,0.92831330370381038
2025-10-05,Canada,0.12140840554962747
2025-03-10,USA,-0.88002682229052365
2021-05-26,Canada,-0.33733657274132151
2023-02-22,Iraq,-1.4022329762622936
2020-06-12,UAE,-1.1127143601646596
2021-08-14,Iraq,-3.5439676771711239
2020-10-06,Canada,-0.2799548431265495
2021-03-26,China,0.25095879769493085
2022-10-27,China,1.1160125056671049
2022-09-26,Iraq,-2.203782797028389
2021-07-30,Iraq,-3.7580521104142197
2026-03-25,UAE,-0.36762182115268854
2021-11-03,China,0.4206590472153956
2020-04-22,China,-0.77046392826062882
2021-12-27,Russia,-1.2775669655278374
2025-12-11,Saudi Arabia,1.0076546365742
2025-05-30,Russia,-1.7771270998859665
2021-04-15,China,0.40927731922419952
2020-01-13,Canada,-0.38000894668369167
2023-01-27,Russia,-2.1374230718390779
2023-04-25,China,0.88135214946962925
2025-12-18,Canada,0.20921994820615492
2026-03-04,Iraq,-3.4222715521497848
2022-04-14,Russia,-2.5927356808905633
2020-10-30,Russia,-2.1986673003438315
2024-12-02,Russia,-2.0533404555451873
2021-07-29,UAE,1.3245963900700612
2024-08-14,UAE,1.7531840089458741
2023-05-27,Iraq,-0.77398669377570373
2025-01-26,UAE,0.63348683436065811
2021-02-12,UAE,-0.1947675562462603
2021-02-14,UAE,0.59672468347239482
2021-12-25,UAE,1.8017848354546417
2020-03-04,Iraq,-2.9536538912308909
2025-01-08,China,0.51101424180047794
2024-06-28,Iraq,-2.1015542440276755
2022-06-01,USA,-1.1363877600502119
2024-12-29,China,0.692691782074425
2023-07-06,Canada,-0.56865976718580546
2025-11-25,USA,-0.61029347224597785
2024-03-08,Iraq,-1.2654998952882071
2023-12-27,Iraq,-3.70891288418302
2021-07-26,China,-0.0746259556331129
2023-09-03,Canada,-0.535700926912622
2021-02-09,UAE,1.2606394503308003
2024-02-23,Russia,-2.2318121490664167
2021-02-16,Iraq,-4.0004796809551353
2024-02-12,Canada,-0.26110904659091083
2022-09-09,UAE,1.5130985284024987
2025-12-28,Saudi Arabia,0.37534844651679034
2020-12-05,Saudi Arabia,-0.5152923823135267
2025-06-05,USA,-1.2385459882143837
2025-03-23,Canada,-0.21503307312724118
2025-12-19,UAE,0.41819502810443082
2025-08-06,UAE,1.0871917206623483
2023-04-12,Canada,-0.27910454909691845
2024-12-27,USA,-1.0221189763117153
2022-11-11,UAE,2.52166260177019
2020-12-14,USA,-0.95970329439193547
2023-11-09,Canada,-0.44333771515774345
2025-05-18,Iraq,-1.0405352704641115
2024-12-16,Canada,-0.2039837655412271
2020-09-15,UAE,0.93752023173441856
2020-04-12,China,-1.267038005881133
2025-11-03,China,1.4370593192087988
2023-04-05,UAE,1.8514805391488234
2022-09-28,Canada,-0.24358315853847845
2024-05-16,Iraq,-1.2409760114516448
2022-02-14,Russia,-1.5576702394183337
2020-05-02,USA,-1.6512313037385793
2024-09-26,China,1.640674597662535
2020-11-02,Iraq,-2.0786642769045107
2024-11-05,USA,-0.53522123692636192
2020-05-29,Canada,-0.82431062685134848
2020-12-07,Iraq,-1.6851161748472583
2021-10-11,Canada,0.086004629029559077
2020-08-05,Canada,-0.79530022259390654
2023-02-22,USA,-0.96840577107356673
2022-11-15,USA,-0.86136800096384591
2022-07-20,Russia,-1.84389560877452
2022-11-29,China,-0.22574978812421351
2022-09-29,Saudi Arabia,0.58621462531532842
2025-11-04,China,1.0409971904976847
2024-05-12,UAE,2.0376088549098839
2022-10-09,Iraq,-2.7428479427997021
2021-11-06,UAE,1.9367576601675272
2026-04-08,UAE,0.064406168193757662
2022-06-28,Iraq,-1.9517254057422249
2022-01-25,UAE,1.3986301653995428
2023-11-17,Saudi Arabia,-0.44500300287661587
2021-10-14,USA,-0.84734549689870087
2023-11-27,Iraq,-2.1600833608530383
2022-11-14,USA,-0.7810502260759884
2021-12-09,UAE,2.3440824846507069
2023-09-29,Russia,-1.8219439943306626
2020-01-04,Canada,-0.6737081800613125
2023-04-26,Russia,-2.136544439061149
2025-11-27,USA,-1.140921185800005
2021-03-28,Canada,-2.2553467760774786
2023-12-24,UAE,0.26996639744579642
2023-12-25,Russia,-1.901161052219333
2024-08-08,UAE,1.0140442953496216
2022-04-18,USA,-1.1218538270662106
2025-11-21,Russia,-1.7326559133159605
2025-07-23,Saudi Arabia,1.5102039438740344
2023-06-07,Canada,-0.49907399268056823
2020-10-18,China,0.12792833272619855
2024-04-29,Russia,-2.6134926559560294
2024-04-25,Russia,-1.8733276744238438
2022-08-08,Russia,-2.2855307914884277
2025-03-28,USA,-0.90644150948372448
2023-07-15,UAE,2.6610529184170089
2023-02-17,Iraq,-1.611923663366662
2023-07-24,Saudi Arabia,0.38172689903695006
2023-09-15,Saudi Arabia,0.28253772646351588
2021-12-03,China,0.60627940948642289
2023-10-21,Iraq,-2.3146822889911021
2022-07-21,Saudi Arabia,0.52659719631540025
2024-08-19,USA,-0.83698486382249349
2021-10-06,UAE,1.413888071462992
2025-11-20,Saudi Arabia,0.97521583873460027
2024-11-25,USA,-0.644668783784007
2025-09-15,Russia,-2.0183227899077738
2024-05-08,Saudi Arabia,1.2486252630166303
2023-11-18,Canada,-0.11519492582632945
2026-04-20,Canada,0.0084875014177228231
2024-09-06,China,1.4185385758356832
2020-07-29,Russia,-1.5444971017752609
2025-08-16,Iraq,-1.4143481491408145
2023-09-16,Iraq,-1.7986156844561183
2022-11-28,Iraq,-2.9657060446390928
2024-06-01,Saudi Arabia,0.46919294451599752
2026-03-08,Iraq,-3.6100190687789064
2025-02-23,Saudi Arabia,0.071076891755903857
2025-04-26,China,1.4254188388934776
2026-01-16,UAE,0.80240977370760835
2020-09-25,USA,-1.3609263113619259
2020-12-04,Russia,-1.5312076494603055
2024-01-22,USA,-0.7720963065094083
2021-08-18,Saudi Arabia,0.25094755790991213
2023-11-04,Saudi Arabia,-1.4951266105023817
2021-06-02,Canada,-0.4006106657307793
2024-03-22,Russia,-3.7325374096414921
2022-04-19,Russia,-2.5346651255634796
2025-07-03,Russia,-2.1162648715291854
2025-07-08,Iraq,-1.2498903510076129
2020-10-14,Iraq,-1.9012641736876812
2026-04-05,Canada,0.15132187934867522
2023-02-18,USA,-1.3560911228355477
2020-03-02,Russia,-1.8848828047435402
2023-10-28,USA,-1.4786543352349848
2021-03-12,UAE,0.68936941718017442
2022-05-04,China,-0.27882872199618108
2022-05-16,Russia,-1.9752743440068845
2024-03-29,Russia,-3.0055066470859315
2023-01-05,Russia,-2.1188283652037985
2021-05-18,Iraq,-2.1315673668195143
2022-04-22,UAE,1.3493113410440267
2020-02-24,Canada,-1.0906734993242959
2022-01-27,Russia,-1.6786878234257283
2024-04-13,China,1.3220517694191383
2025-08-23,Canada,-0.51448804372478785
2020-11-28,USA,-1.439337503475395
2024-01-27,Iraq,-0.51633340526955551
2025-03-02,USA,-0.57392278867778668
2021-08-19,UAE,-0.35327438394786115
2020-01-01,Saudi Arabia,0.39080738942186938
2024-08-20,UAE,1.3936507428847986
2025-07-22,Canada,-1.1610106071116864
2021-02-28,Iraq,-3.0702511240214765
2020-01-25,UAE,1.0733536474664884
2026-03-23,Iraq,-3.4621244722573534
2022-02-14,UAE,2.2535888531162214
2024-11-14,China,1.3384148858852218
2022-08-28,USA,-0.93505859633262378
2026-04-02,USA,-1.2291529818668376
2022-04-05,Iraq,-1.6826815309732268
2020-09-26,Russia,-1.8402242361556909
2023-12-09,Iraq,-2.1864153903570549
2022-09-06,Iraq,-2.4523962389616689
2022-05-26,Canada,-0.272092143033886
2026-02-01,Iraq,-1.1197579307446122
2021-06-27,UAE,1.0172875143892497
2025-12-10,Canada,0.030499391651942133
2020-11-20,USA,-1.0245165110096752
2020-01-09,China,0.46965727637331606
2022-04-13,China,-0.017093693752635346
2025-11-18,Iraq,-1.16647391626711
2023-06-06,UAE,1.5262407309203181
2024-12-06,Iraq,-3.3008912737389795
2020-01-21,Iraq,-3.7563067771033554
2025-04-29,Canada,-0.16238775506608458
2023-01-17,UAE,1.6804558383114765
2020-05-06,China,-0.36524473343610026
2023-08-05,USA,-1.1220935316099048
2023-07-31,Russia,-2.7620449303490195
2025-04-13,China,0.76849962227091617
2021-02-10,China,0.305356040046037
2021-11-13,Saudi Arabia,-0.15490163399987072
2022-01-26,UAE,1.3848682248780653
2021-01-20,USA,-0.652527426788431
2026-02-13,Saudi Arabia,1.1217713812279475
2023-05-06,Saudi Arabia,-0.69730790431725431
2024-01-22,Saudi Arabia,-0.18672095868491395
2024-12-23,China,1.2708250258573206
2023-04-15,USA,-1.0460853592222512
2025-11-29,UAE,1.0124057302636855
2025-02-28,China,1.1326247180026425
2020-08-16,China,0.13660152870194528
2026-03-08,Russia,-1.9087678518865339
2022-10-29,Russia,-2.7956323685977016
2023-10-06,Iraq,-2.5979252024431627
2024-03-16,Russia,-2.636188049056766
2021-11-26,China,0.36709811708818019
2024-11-29,Canada,-0.36569789086853394
2023-09-06,UAE,1.4487313104422817
2022-09-24,Russia,-2.6261239911427028
2020-06-19,China,-0.23368661831281962
2023-10-13,Russia,-2.4304582647744768
2023-06-15,UAE,1.4854858862337323
2025-04-07,Iraq,-1.3132461618987075
2022-10-21,Canada,-0.26843955347574183
2025-06-13,Saudi Arabia,-1.7663665257391685
2021-01-18,Iraq,-0.92363198515788647
2021-10-24,UAE,1.4685609125950847
2022-01-03,Canada,-0.86403056733513861
2022-05-05,Canada,-0.095123458092279081
2021-03-27,Canada,-0.75471981620281337
2023-07-02,Russia,-2.6395268483353282
2021-05-08,China,0.65996910536014575
2025-09-09,Canada,0.31348968342173639
2023-12-08,UAE,0.18935882498637974
2024-04-01,Saudi Arabia,0.36938609730030492
2024-04-10,China,1.1658128980711402
2025-05-27,UAE,1.496264784141849
2021-08-14,China,-0.7671403614784571
2025-03-02,UAE,1.4920746219019849
2020-01-02,UAE,0.10939493042449455
2023-09-25,Canada,-0.49717375920539403
2022-05-14,Canada,-0.45506506019239173
2020-01-24,USA,-1.6591218102559406
2022-04-28,Saudi Arabia,0.64027231767906023
2022-11-03,Russia,-1.7520751983427587
2023-01-18,Russia,-2.2370369641421708
2022-03-01,Russia,-2.6743733026912668
2026-04-21,China,1.271624391478843
2023-09-16,Canada,-0.85239982146609006
2020-12-25,Iraq,-2.6222457747960966
2020-10-07,Iraq,-2.1784611644079104
2020-08-27,Saudi Arabia,-0.5284803850982962
2021-12-11,UAE,1.6346025943059319
2023-07-04,Iraq,-2.1120671412371737
2022-09-25,Saudi Arabia,0.88493761005887672
2023-04-07,Iraq,-2.1970853719184316
2022-11-09,China,0.94309858883030417
2024-07-25,China,0.94924555914387854
2021-07-08,Saudi Arabia,0.20530215047847497
2023-03-18,Saudi Arabia,0.51875569605503669
2025-10-19,Russia,-2.1189733621629556
2023-12-09,China,1.1355148293788428
2020-07-06,Canada,-1.0536005703429812
2022-03-16,Iraq,-2.326528111649111
2022-03-21,Iraq,-2.5891373359711
2026-02-12,Saudi Arabia,1.2266222199501482
2025-08-08,USA,-0.92337041984380419
2022-11-11,China,0.43905087378883823
2022-11-24,Iraq,-2.27264377792765
2020-08-11,China,0.085903081188872576
2023-12-29,Russia,-2.7048391119064079
2023-03-23,China,-0.34902736121966482
2023-01-07,Canada,-0.11122167912193662
2022-02-04,Saudi Arabia,0.53521363836858737
2022-12-21,Saudi Arabia,0.18590248952453886
2022-10-01,Russia,-2.2424234389308388
2025-09-02,UAE,0.8495225292008769
2020-11-09,Canada,-0.31937441253061022
2023-11-10,Russia,-1.6735955613159643
2025-08-27,Russia,-1.7900922634024485
2025-12-10,UAE,1.534639349180126
2024-09-06,Saudi Arabia,0.2525751777287526
2025-01-02,UAE,1.5655694575170054
2022-03-25,Russia,-2.5468291873135649
2022-07-27,Canada,-0.30707018682028381
2021-03-13,UAE,0.11962152245586889
2023-01-20,USA,-1.0925534663844312
2026-03-25,Iraq,-3.67811276924655
2024-11-17,Iraq,-1.3267494555169037
2020-07-17,UAE,-0.6956092824977721
2020-09-25,Saudi Arabia,-0.16439121586856037
2025-10-17,Iraq,-1.2291200164908347
2026-01-31,UAE,1.3016850903213162
2025-01-19,China,1.2401359110483685
2025-08-21,Russia,-1.9369858075777902
2022-06-07,Iraq,-1.9823800028956788
2020-07-24,UAE,0.062855249724593151
2024-06-17,Iraq,-1.938744100152519
2020-06-04,USA,-2.4287195650746005
2020-03-28,UAE,-1.6175673612974268
2024-10-10,UAE,0.16998734694433437
2025-03-01,Russia,-1.5980808836498153
2023-04-22,Iraq,-1.9965057411765423
2021-10-06,USA,-1.0185074235677476
2022-09-10,Saudi Arabia,1.1570596061406477
2020-06-30,Canada,-0.44592624896929939
2020-09-15,Canada,-0.29459726704403638
2024-08-03,UAE,0.1778920956363092
2025-02-24,Russia,-1.7982417903975387
2024-05-27,Russia,-1.7377313954705089
2020-10-25,Saudi Arabia,-0.68231079213931123
2020-10-21,UAE,1.0574696713667662
2021-07-30,USA,-1.0416956610278225
2023-01-14,Russia,-2.6476847798957994
2025-01-31,USA,-0.99738332868958013
2025-04-06,USA,-1.4763934169068376
2025-01-28,Iraq,-0.79958107008155865
2025-01-25,USA,-1.0141173527260021
2020-07-06,UAE,-0.28321652973312988
2020-05-15,Iraq,-2.3784410293390925
2025-01-02,USA,-1.5068595142724908
2024-01-24,Russia,-2.4699069843871508
2022-01-09,Russia,-2.1556737669185551
2020-11-21,China,0.45356864545680137
2023-09-17,Russia,-2.0847104573953716
2020-08-26,Saudi Arabia,-0.35552296080661144
2024-03-13,Saudi Arabia,1.0122584452763144
2020-10-13,Saudi Arabia,-0.13946917545633764
2022-12-29,USA,-1.2928918270333298
2022-10-23,Canada,-0.36111972283443183
2025-06-13,Iraq,-3.5642745631775816
2024-06-22,Canada,-0.068006506134120237
2023-10-22,Canada,-0.27007617411511259
2025-12-01,Russia,-1.9117893938646391
2021-12-14,Russia,-1.440569223841301
2025-11-15,Canada,0.314131393882272
2024-03-14,Saudi Arabia,1.054912993760418
2022-11-03,China,1.0551117452986025
2023-12-30,UAE,-1.3744150280508329
2021-11-30,Russia,-1.3808790790201009
2020-10-13,Iraq,-1.365586577467959
2022-10-11,Iraq,-1.4868739378870643
2020-07-03,UAE,-0.15828427260594094
2021-11-13,UAE,1.5817901556288652
2022-06-21,Iraq,-2.0615201233580058
2021-12-26,Russia,-1.4796754035274824
2024-10-31,Russia,-2.0660474244025364
2022-03-12,China,0.48225395180799663
2024-10-27,China,1.5304719411806511
2025-05-25,Canada,1.3007575485825813
2022-11-17,UAE,2.4797106629355312
2025-08-01,Iraq,-1.3111302723799663
2023-11-01,China,1.2008228695235825
2021-12-18,Iraq,-1.9442632172950054
2021-03-21,Canada,-0.90399070222971734
2023-04-28,UAE,1.215322703302383
2024-06-01,Iraq,-1.6881792633184398
2021-05-07,USA,-1.0267616030927551
2022-04-30,Canada,-0.58981639853640777
2022-11-08,USA,-0.57820377193647676
2024-05-06,Saudi Arabia,0.57486056195118074
2020-07-23,Iraq,-2.8046300099311434
2025-09-11,Russia,-2.0563441008312178
2020-02-12,USA,-0.97499055647284139
2020-05-27,Russia,-1.6547894418038482
2022-05-26,China,0.49272582791702269
2022-05-21,Canada,-1.2580522345157077
2025-01-05,Iraq,-1.54752066903233
2025-03-28,China,0.627061782679357
2022-12-03,Canada,-0.13879761079527847
2021-06-20,USA,-1.4682674125192479
2020-05-15,USA,-1.4090070333295666
2026-02-14,USA,-0.78996011235176022
2024-12-23,UAE,2.0517914539604858
2024-01-12,UAE,0.55901167508063365
2022-02-21,China,0.81253078994955719
2024-06-15,Saudi Arabia,0.29665538010449916
2022-09-18,USA,-1.1313589788816065
2020-09-15,USA,-1.2791144746917169
2020-10-22,Saudi Arabia,-1.0475606601660332
2020-04-14,China,-0.96185826139728936
2023-04-04,USA,-1.272065990548664
2022-02-11,Canada,-1.5312240841166642
2024-11-16,Saudi Arabia,1.0250299699193441
2021-09-24,USA,-1.143430280264949
2025-04-01,China,0.96670975348513977
2022-03-08,Canada,0.22441921029196746
2022-05-28,Iraq,-2.3153919711902247
2024-10-28,UAE,1.4476572488607227
2025-08-16,UAE,1.0610055008684673
2023-02-22,China,1.0829569209949934
2021-12-01,Russia,-1.1766681774103165
2020-08-22,Canada,-0.81462758872505536
2020-03-28,Saudi Arabia,-2.5756855770386413
2025-03-04,UAE,1.0819689251380147
2020-01-05,USA,-2.2617502053311944
2023-09-27,Iraq,-3.4381306569304124
2024-05-24,UAE,1.2944473278351516
2023-12-25,China,1.0883621655366258
2022-09-17,Canada,0.043184311304340528
2024-03-24,China,1.5725685391342554
2021-11-22,Canada,-0.093747850458195989
2022-07-09,Canada,-0.96745011770952194
2026-03-26,Iraq,-2.348969633436591
2021-08-04,USA,-0.94639369665241069
2024-11-23,China,1.4742769827857443
2020-04-25,UAE,-0.94760602081881673
2025-12-31,Saudi Arabia,-0.0061182306255139554
2020-09-26,China,0.24429918883937424
2022-03-02,USA,-1.2242362980364028
2020-08-04,Iraq,-2.7186984896528066
2025-10-04,Saudi Arabia,0.50078697150881335
2024-12-31,UAE,0.39107275354346621
2024-06-23,Canada,-0.056845117299280531
2020-12-28,Saudi Arabia,-2.3711909122026569
2025-08-05,UAE,1.4245882250310185
2023-01-31,Russia,-1.8790991398866272
2025-03-04,China,1.2295375450156312
2020-06-02,Saudi Arabia,-1.475997384460572
2022-07-01,Iraq,-2.3350850423365981
2025-09-26,Canada,-0.46840823307214691
2022-09-28,Russia,-2.1145405968261186
2020-10-18,Canada,-0.86441310525497028
2023-08-18,Canada,-1.0080009305743374
2022-05-23,Saudi Arabia,-0.032018036327769811
2025-10-05,China,0.89439890500563124
2021-06-23,Canada,-0.43581751736270424
2024-09-08,Iraq,-0.6155732440178302
2025-12-16,Saudi Arabia,1.1437290982144837
2020-11-27,UAE,-0.84125951884875727
2023-02-21,Canada,0.10766062944864255
2024-10-23,USA,-0.848824957473402
2026-02-23,Iraq,-1.1976351479669154
2021-03-13,Iraq,-2.1513224861900797
2020-08-20,USA,-1.4584842863155467
2021-03-17,Iraq,-2.1153040765094118
2020-09-17,UAE,0.25195278393441783
2020-09-16,China,0.302590538262521
2025-05-09,China,1.0991515210171019
2023-06-11,Canada,-0.44661303824264925
2020-07-10,UAE,-0.0414904543048404
2021-04-28,Russia,-1.2628467555986522
2020-11-04,UAE,1.1668681631872515
2020-04-22,Russia,-1.9885397185479472
2025-01-07,China,-0.13086187315693429
2025-12-13,Iraq,-2.4905735224532233
2022-01-05,Iraq,-3.3071305425486184
2024-12-26,UAE,2.2480356696046226
2025-03-06,Iraq,-1.0180033468658118
2022-05-03,Russia,-2.5537984136559126
2024-12-17,UAE,1.8914573872771587
2023-07-08,UAE,-2.3442881516044807
2020-12-18,Canada,-0.24031434507526811
2022-10-28,Russia,-1.839491404544275
2024-08-11,Iraq,-2.906570909972038
2022-09-04,Saudi Arabia,0.2636794055393924
2024-07-15,Russia,-1.8229113462553401
2023-11-16,Saudi Arabia,-0.00744576549472592
2025-01-11,Russia,-2.4145474501630733
2023-04-30,Saudi Arabia,-0.89697972364423706
2024-07-03,Iraq,-1.0385855525926995
2025-12-12,Iraq,-0.302239993225148
2022-12-19,USA,-1.1258667427518181
2024-10-07,UAE,1.4613340861503523
2022-05-05,USA,-1.0290834624087033
2021-08-22,China,0.043566210531803387
2024-01-06,Iraq,-3.2407756367690332
2021-11-25,Canada,-0.2366882345911894
2025-09-28,UAE,0.67739290957918552
2023-01-16,Russia,-2.4084997338441116
2023-03-31,USA,-1.6044489387140328
2022-06-11,Saudi Arabia,-0.171737841271131
2022-01-13,USA,-1.0349672201321776
2026-01-24,Saudi Arabia,0.65237114036384025
2022-01-27,China,0.541171198420512
2024-04-16,China,1.049303497294199
2021-01-10,USA,-2.2416178582905006
2025-12-14,China,1.1797350740780936
2023-11-08,Russia,-1.7391015805585806
2020-06-01,UAE,0.28573038254204147
2021-11-18,USA,-0.940468582082593
2025-04-25,UAE,1.487546044004213
2026-01-19,Canada,0.025484678220027947
2021-02-04,Saudi Arabia,-0.63020425967138749
2023-12-11,Canada,-0.14890819401242633
2020-02-12,China,-1.8798100594724949
2022-09-07,Canada,-1.0691644726371836
2020-05-27,Iraq,-2.9128567480392888
2020-05-28,Iraq,-2.2766504361611597
2023-09-28,Saudi Arabia,0.81951856079691121
2023-09-29,USA,-0.9688277999943643
2022-09-14,Saudi Arabia,0.74421533967700149
2024-03-12,UAE,1.1156975394566668
2023-04-05,Russia,-1.7879284746193416
2022-11-02,USA,-0.97271041277139736
2021-08-06,UAE,0.75867333688965277
2022-10-07,UAE,0.802791963890972
2024-05-09,USA,-0.89141357765589935
2024-11-23,UAE,0.44079148712258109
2022-04-06,Iraq,-2.1835113030923905
2022-04-06,UAE,1.6249501422337718
2022-10-16,Canada,-0.50685391521086787
2021-02-17,Saudi Arabia,-0.30608376830540618
2020-05-26,Iraq,-2.4019412345066642
2023-11-16,Canada,-0.19778566629026645
2020-05-20,Saudi Arabia,-1.7576995252515895
2023-11-29,UAE,-0.14692211338391878
2026-02-10,UAE,1.6346554552355888
2020-11-25,Iraq,-2.7013344713769443
2021-05-29,China,-0.051942390989656542
2021-08-12,China,-0.035040789277075005
2020-08-20,UAE,-0.39953593075850863
2024-08-18,Iraq,-2.3557346707639994
2024-06-05,China,1.4240857909569153
2026-03-01,Russia,-2.7208955015513996
2021-05-04,UAE,1.1392766423571936
2025-11-03,USA,-0.77749600118618989
2024-05-10,China,1.3365521454001685
2025-02-10,Saudi Arabia,0.24118706992146005
2020-09-09,UAE,2.1764058097697663
2024-08-01,Saudi Arabia,0.320885923156386
2025-04-16,Russia,-2.0210413700358183
2020-02-23,USA,-0.7542164231975047
2021-09-21,Canada,-0.097589895154924861
2022-06-11,Russia,-2.4520341043490772
2024-11-03,UAE,2.000111957215847
2025-10-19,UAE,1.4633000683089943
2024-09-30,Saudi Arabia,0.52501480883079032
2025-08-21,USA,-1.068561062221596
2021-04-18,UAE,0.81642008663659626
2020-10-08,Russia,-1.7749820137145698
2024-01-03,China,1.1495824407887993
2021-10-07,USA,-1.1205668895331975
2020-04-15,Saudi Arabia,-1.4952169540902216
2023-03-06,UAE,0.70197094854495967
2022-12-30,UAE,1.213163623305678
2022-03-08,Saudi Arabia,0.75061356729701345
2021-04-09,USA,-1.2784457171287971
2021-01-31,Russia,-3.1018987573204351
2022-05-09,UAE,2.0717442560298416
2025-02-28,Russia,-1.6731346779618201
2023-01-03,Russia,-2.3206078643575823
2023-01-21,UAE,2.8229530170280981
2024-11-05,Saudi Arabia,1.44470577519345
2025-12-10,China,1.32104785178369
2024-12-25,Canada,0.38459135005338868
2022-05-05,Iraq,-3.7175718657266454
2021-01-08,Iraq,-3.0459714549504131
2022-07-05,Canada,-0.55169599871186425
2023-08-06,Russia,-2.6591404367082419
2026-04-03,Canada,-0.038580231286794282
2021-11-13,Russia,-2.0481472737758835
2025-12-27,Iraq,-1.4994411395667835
2020-08-09,Iraq,-2.5376864356756825
2020-12-06,UAE,0.859303524677361
2025-06-08,USA,-1.7875030407664183
2022-06-02,Iraq,-4.3100954837180421
2020-11-25,Saudi Arabia,-1.183021895276817
2024-12-20,Iraq,-1.7719172058203347
2024-10-03,Canada,0.042310363982670809
2022-11-14,Canada,-0.18277824662136774
2022-02-25,USA,-1.5874300890440054
2024-12-27,Russia,-2.530806661942449
2023-06-25,Russia,-2.9506937203948937
2021-01-01,China,0.17831724179889108
2021-12-19,Saudi Arabia,0.33733740160029896
2023-02-07,Russia,-1.8717421814601973
2025-07-14,Russia,-1.9681122762002465
2025-07-15,USA,-0.86586187136438419
2024-08-12,Iraq,-2.4143132811224066
2026-01-07,Canada,0.033183770286530162
2025-04-25,Russia,-1.9203272828775735
2022-08-24,Iraq,-2.8033508755956169
2024-07-21,Canada,-0.55403632056443675
2020-04-20,Iraq,-2.7950301507783779
2021-07-19,Canada,-0.32496129205940161
2025-03-24,UAE,0.55283863604510919
2022-08-12,Iraq,-2.1760337245417438
2020-01-16,Canada,-0.49056458932924007
2021-06-09,China,0.27804911348771905
2023-12-20,Canada,-0.33594480964525075
2025-11-10,Canada,0.42049626932706341
2024-03-03,Russia,-2.4323976373167038
2020-05-08,USA,-1.4623134236593394
2024-09-28,UAE,0.51934217828611717
2026-01-28,Saudi Arabia,0.6621166301947885
2025-01-25,Canada,-0.37114456354356162
2025-12-28,China,0.9471654266185604
2020-05-24,Russia,-1.8249738204493389
2021-04-01,Saudi Arabia,-0.03972980674804924
2024-06-27,Russia,-1.8721760284197349
2022-08-12,UAE,1.4174802939455284
2022-08-13,Saudi Arabia,0.14610299400648474
2021-10-25,Saudi Arabia,0.979504395666919
2025-03-19,Russia,-1.7443230817052471
2025-05-25,Iraq,-0.35849757520010406
2022-09-30,Saudi Arabia,0.57724831727929848
2024-12-04,Canada,-0.1476127391240542
2021-03-03,Saudi Arabia,-0.90424010285735723
2021-02-01,Canada,-0.38763151541387181
2024-02-17,UAE,0.880008113174032
2020-07-01,UAE,0.29353862943591741
2025-01-06,Canada,-0.66446803415390432
2021-04-01,USA,-1.1079245775230764
2025-03-14,Iraq,-1.4877772536106824
2025-03-06,Russia,-1.5718151620436465
2024-08-29,USA,-0.80203343435994279
2023-10-05,USA,-0.673285629347439
2020-09-04,Iraq,-1.5790890098807868
2022-04-22,Saudi Arabia,0.2944868638686915
2023-01-13,UAE,1.4626240937041282
2025-04-15,Iraq,-1.929816551268247
2021-07-01,Saudi Arabia,0.02120563281203788
2022-10-19,UAE,1.9103124221580183
2021-02-18,USA,-1.2077527903811909
2020-04-25,USA,-1.5153581602502018
2024-02-19,UAE,0.16935175366665392
2025-10-12,UAE,0.3908773268518857
2022-12-07,Iraq,-2.2227005014288292
2023-05-14,Canada,0.010431949654149952
2022-03-16,USA,-0.96165619124092139
2024-01-28,UAE,2.0921963811941247
2021-03-23,Canada,-0.75526154440507465
2026-03-08,Saudi Arabia,-2.7972880031532892
2022-02-05,China,1.2873403823586849
2020-10-17,China,-0.09876182106876101
2025-09-16,USA,-1.0866245271524935
2021-02-06,UAE,0.053956416100766805
2021-09-30,Iraq,-1.6654989677985221
2020-09-23,China,0.3403568877543362
2022-06-27,China,1.0059608845328889
2026-04-15,USA,-1.2197756279128453
2025-06-10,UAE,0.546133301587312
2026-04-28,Russia,-2.1436431201735626
2024-09-08,Canada,0.021359665023717764
2025-08-28,Canada,-0.17038478801094586
2022-05-02,USA,-0.73459003617614027
2022-05-15,USA,-1.7924965023393717
2022-01-31,China,0.53093473028527194
2020-09-07,Canada,-0.62425435193867063
2022-07-04,Iraq,-2.516074990580627
2023-01-14,USA,-1.061809622213302
2026-01-26,Saudi Arabia,1.093303525249238
2023-12-03,USA,-1.1014641568445382
2025-06-10,USA,-1.4265926269397977
2025-06-11,Iraq,-1.3592864427529947
2025-10-05,USA,-1.2740961013501331
2024-07-01,Iraq,-1.3129103933580661
2020-01-07,Russia,-1.2103425411344324
2021-08-12,Iraq,-2.3954528793180665
2020-01-05,Saudi Arabia,-1.5418416780066462
2024-03-22,USA,-1.0388575082205842
2023-08-27,China,0.8204757842444319
2023-03-20,UAE,1.8033077475536023
2024-03-03,USA,-0.7239267677178981
2021-08-04,China,-0.23102890550893315
2025-04-21,USA,-0.91322386801347222
2021-08-07,Canada,-0.84468195888937569
2021-09-18,Canada,-0.57272494902808768
2023-03-08,China,1.2773586289315393
2025-10-31,China,1.6660357156182188
2021-04-26,UAE,-0.074438289771744423
2025-10-20,Saudi Arabia,1.1324302774759374
2026-01-25,USA,-1.7972970964766237
2023-08-14,USA,-0.98093261655563457
2023-08-10,Iraq,-2.45316666270473
2020-09-26,Canada,-0.67362825691996786
2023-07-13,China,0.87080026674915856
2025-08-29,USA,-1.0788606851424458
2025-12-02,Canada,0.2611083643633082
2022-05-11,UAE,1.4949372769901457
2023-07-02,Iraq,-2.6816618891665644
2024-06-08,UAE,0.84223700132219181
2020-09-15,Iraq,-2.7908478933049459
2025-04-30,USA,-0.81722885043167393
2025-07-13,UAE,0.12524870987128617
2024-12-06,Canada,-0.54892356832760281
2020-01-25,China,-1.9809349746583473
2025-11-01,China,1.5672937050716116
2026-03-29,Saudi Arabia,-2.0924890387959261
2024-04-28,Iraq,-3.2346281627689031
2025-12-20,UAE,0.18695233094494096
2021-06-16,China,0.26734705870191788
2026-04-29,Russia,-2.0519369568811547
2023-02-11,Canada,-0.69898272030546349
2026-02-14,Saudi Arabia,0.95570907286253781
2024-12-12,Canada,0.1781523995029469
2025-11-18,China,1.1359383584427969
2023-08-31,China,0.86961044455156233
2025-04-27,UAE,0.7389631565948187
2020-09-25,China,0.25073336908752969
2021-12-26,USA,-1.1117297727416582
2021-01-12,China,-0.25313148816753817
2025-01-09,China,0.51526825054663539
2021-01-22,USA,-0.86629432507268189
2025-03-10,UAE,1.9357672012862437
2025-03-18,Canada,-0.1542003275090027
2025-07-25,Canada,-0.275125268723439
2023-12-29,Canada,-0.87954103848697052
2021-11-14,China,0.302930491354756
2021-06-11,Canada,-0.59342363627736594
2025-08-20,Saudi Arabia,1.0945953797199872
2023-07-16,Iraq,-1.3417964061309802
2024-09-08,Russia,-2.0841509020655633
2025-05-21,USA,-0.84906403458705115
2020-10-08,USA,-1.3719903262505659
2024-10-05,China,1.3008304069371752
2021-12-08,Russia,-1.0451395217730284
2020-06-09,Saudi Arabia,-1.3854878549338203
2024-08-30,China,1.4529471084638645
2024-06-17,Russia,-1.8536729720839469
2023-10-27,UAE,1.2076376517066596
2023-10-25,UAE,1.4337425131798296
2020-08-25,UAE,0.37553132783727783
2022-05-13,Canada,-0.18328640705196958
2021-08-29,Canada,-0.72094440106891866
2021-11-17,Iraq,-2.9228879737338591
2025-02-24,UAE,1.8147765450854403
2025-02-13,Iraq,-1.4939389218724863
2025-07-13,Russia,-2.0025329352524386
2023-04-07,Canada,-0.29204628642723718
2025-09-16,Russia,-2.068881254839309
2022-08-29,UAE,0.35503604111304382
2020-02-25,USA,-1.3897153191767866
2022-03-28,Saudi Arabia,-0.052813456885800809
2023-08-07,USA,-0.96976928777044813
2025-10-24,Russia,-1.9590775511663581
2025-09-05,China,1.326975249102964
2021-06-15,USA,-1.066810972623093
2024-01-20,Canada,-0.54155084234384976
2026-02-18,Saudi Arabia,1.0097764541437917
2020-12-28,Iraq,-2.5307831037018382
2024-08-31,Canada,0.31848591945172477
2020-10-04,Russia,-2.3964531962991797
2024-10-02,Canada,-0.25839813102855796
2024-05-26,Saudi Arabia,1.0981485919591165
2024-05-22,Canada,-0.62808627263530337
2021-02-25,Russia,-1.8892555840089396
2024-03-03,Canada,-0.169804903688013
2023-12-14,USA,-0.75543680989765472
2025-04-06,Iraq,-2.7306740025031364
2022-03-03,Iraq,-1.6358304077101655
2023-04-14,USA,-1.0267653472933609
2023-04-14,Canada,-0.076748163739856837
2021-08-11,Russia,-1.9169640852200271
2024-01-16,USA,-0.46078105682600179
2024-08-19,China,0.99406787377702055
2022-09-18,Russia,-2.6422150435140246
2023-01-18,China,0.80844107426917422
2025-04-15,China,1.1579104019189408
2022-01-21,UAE,0.18613570119309167
2022-10-22,Canada,-0.27629732304703986
2024-02-19,USA,-0.78123272970356261
2022-01-27,Canada,-0.22950277442592829
2022-01-27,UAE,1.430320030285628
2025-12-23,Russia,-1.9903025204242759
2023-11-14,Saudi Arabia,-0.062001523213055271
2022-03-15,Saudi Arabia,-1.0787829837090517
2022-01-09,UAE,1.8538326855140472
2023-11-02,Canada,-0.221453936028662
2020-01-03,Russia,-1.2152686850567265
2020-03-12,Russia,-1.526558864332261
2020-09-18,UAE,-0.2040207903497368
2023-12-26,China,1.2141855588216484
2021-05-17,Canada,-0.59253892358460092
2025-02-04,USA,-0.85131268193586063
2024-03-01,China,1.4407688881970737
2022-08-24,Russia,-2.3441670589711627
2022-10-01,UAE,0.82437976858040518
2020-02-14,Russia,-1.4977613707039008
2025-01-27,Iraq,-0.28766400230712519
2021-07-14,Iraq,-3.3327244390754429
2022-09-08,UAE,1.3742939085777588
2025-10-13,Russia,-1.9664091416770211
2022-08-06,Russia,-2.6038065213835737
2022-03-03,USA,-1.3148072567111095
2020-05-13,UAE,-1.2839586537403631
2023-07-24,China,0.95273476438642812
2022-11-14,Russia,-1.9141920545685529
2020-06-14,UAE,0.33356378523625424
2020-06-12,Russia,-1.0628500116013406
2024-06-18,Iraq,-2.0946600105196751
2023-01-29,Saudi Arabia,-0.27396926846636982
2021-08-20,Russia,-1.5775841428581523
2021-07-20,Canada,-0.60998352036551373
2025-11-10,Saudi Arabia,0.56650725119222933
2023-01-04,China,0.32193827041891149
2023-06-21,UAE,2.1507349620687539
2020-06-25,Saudi Arabia,-0.66886469201337129
2020-02-22,Russia,-1.616491150356824
2020-11-03,Russia,-1.8998763570644095
2021-07-16,UAE,0.21653381426566265
2020-05-22,Iraq,-0.091396739601307481
2023-07-18,Russia,-2.4605306353147109
2026-02-09,UAE,1.7351119989750923
2022-07-25,Russia,-1.8277808814773449
2022-11-27,Russia,-2.2302179617033349
2020-03-10,UAE,0.12689672039111527
2024-08-24,Canada,-0.36224453023925823
2021-05-08,Iraq,-2.6640389323486406
2025-10-31,UAE,1.9275133619588305
2020-07-17,China,-0.076601332979488429
2020-09-28,Russia,-2.101690503452752
2022-10-23,China,1.7593027215721426
2026-01-30,China,1.3229413782875326
2022-08-05,Saudi Arabia,0.27613556211439072
2026-04-17,Russia,-1.909606606978302
2025-08-22,Saudi Arabia,0.63810193251988767
2022-03-21,UAE,1.6646147329115986
2023-09-14,UAE,-0.22120103998303309
2023-04-13,China,-0.098882940454077015
2023-11-03,UAE,1.2086431926912404
2022-05-02,China,-0.28262800574679747
2021-03-22,China,0.077382958924726991
2021-03-24,Iraq,-1.7501076733709966
2020-08-18,Saudi Arabia,-0.58119763998918039
2025-11-23,UAE,0.53236315427099079
2021-02-24,UAE,1.508693058675916
2026-03-11,USA,-1.4081170060744812
2024-08-10,Russia,-2.9575834774303682
2023-10-16,Canada,-0.13317761240096648
2025-09-22,USA,-0.90718065874679132
2022-06-12,Russia,-1.7308074096398898
2022-08-15,Canada,0.16251028238796023
2025-03-11,Russia,-2.4520050119430565
2022-12-13,Canada,-0.034455898993440176
2023-02-25,Saudi Arabia,0.77961311291028723
2024-01-18,USA,-0.96986646607528326
2024-08-26,Iraq,-2.46742193038201
2024-05-29,Canada,-0.24490406978675991
2020-04-10,Saudi Arabia,-1.9841984984588512
2020-04-04,UAE,-0.90513364669917007
2020-08-31,USA,-1.3453383727586092
2020-11-05,Canada,-0.631102379797555
2024-11-02,Iraq,-2.3379723177952427
2023-08-12,USA,-1.2641617981488615
2025-08-22,Canada,-0.4328580024736351
2024-06-25,Saudi Arabia,0.21685741397252231
2021-10-21,Canada,0.016246245058921832
2025-08-15,Iraq,-1.4589590977766831
2024-10-28,Russia,-2.0634118862490394
2021-09-11,Canada,-0.89296511115479138
2020-01-10,Saudi Arabia,-0.66051836582948154
2020-01-19,USA,-1.2078476482733542
2020-01-02,Saudi Arabia,-0.21799777405476975
2023-03-24,Russia,-2.1886146550243559
2023-08-21,Saudi Arabia,-0.818920077556463
2026-03-17,China,1.0442214614829803
2020-01-25,Iraq,-4.2440717491462365
2022-09-24,USA,-1.3089392193095393
2025-09-29,UAE,0.91030757193311873
2024-11-10,Iraq,-0.94150096512884651
2025-10-30,Iraq,-0.6318084985503678
2024-07-21,Saudi Arabia,-0.96325921668883363
2024-11-22,Canada,-0.38703786005760343
2024-09-22,China,1.6267642844703547
2024-08-24,Saudi Arabia,0.81267077008904576
2023-01-11,Iraq,-2.2689121043950018
2024-08-12,Russia,-2.6477378355185976
2023-09-04,Russia,-1.6291066586671956
2024-05-08,Iraq,-0.96047692560215459
2025-01-23,UAE,1.990401895459964
2024-04-30,UAE,0.88412846846402426
2024-02-11,Saudi Arabia,-0.13309760175465313
2021-12-28,USA,-1.3926123502602192
2021-10-18,Saudi Arabia,0.37430375272323618
2024-07-03,Russia,-1.7044647497594929
2022-03-18,China,0.26326534664205054
2026-02-19,Russia,-1.8147073971700853
2021-09-15,China,0.32449197322008683
2020-08-30,Iraq,-3.23560826306179
2024-01-10,Canada,-0.48639657731205377
2025-11-30,UAE,1.3451820045742382
2022-02-20,Russia,-2.45728487649646
2024-03-20,UAE,1.44868995887068
2022-11-30,Russia,-1.648190049922847
2023-10-07,Saudi Arabia,-3.1212125299696436
2023-10-17,USA,-1.089020492262921
2026-01-09,Russia,-2.7102592374364893
2021-05-21,USA,-0.96367222900686522
2026-01-10,Iraq,-0.86768525716658351
2020-02-19,Canada,-0.84289661808703242
2024-09-28,China,1.8903413040339563
2024-11-07,Canada,-0.24879096976687834
2021-03-30,Canada,-0.7052577275578692
2025-03-22,Saudi Arabia,-0.78349809964054429
2023-09-30,Saudi Arabia,0.320561412607373
2021-09-02,Canada,-0.29455739213385235
2025-06-02,Canada,0.0044336175231912169
2023-06-27,China,1.1409782462394158
2023-04-29,Canada,-0.14951163505730597
2024-06-02,UAE,0.93630055887293684
2022-04-14,China,0.17621474725117536
2022-06-30,China,0.78218657967036864
2024-03-25,Saudi Arabia,0.348384236002205
2025-10-26,Russia,-2.3313481084957131
2026-01-21,USA,-0.92405878272921282
2025-01-24,USA,-1.0522797148619121
2020-02-05,China,-2.0213671211806625
2023-03-11,Saudi Arabia,2.1701337405068628
2020-07-05,Iraq,-2.6253555932137567
2026-04-12,China,1.1168079813571088
2023-07-13,Iraq,-1.1970356889598894
2021-06-23,USA,-1.1509115429900121
2022-03-15,China,-0.1688190471845718
2021-04-15,UAE,0.56556297566095493
2023-09-16,China,1.3022262417538046
2022-11-13,China,0.86848221920650015
2021-12-04,China,0.74207839894133532
2025-08-02,China,1.1089759437757176
2021-12-13,Russia,-1.6171786186161776
2020-01-05,Iraq,-4.0221420771105008
2024-08-06,Russia,-2.5317885865144261
2025-02-15,Russia,-1.8720785350791143
2023-01-23,Russia,-1.8338565283463704
2021-02-03,Russia,-1.6912163378886012
2020-02-16,Saudi Arabia,-1.3865996234456406
2021-09-29,Russia,-1.4541523923971682
2023-12-12,UAE,0.31635991324458762
2025-01-09,Iraq,-1.1059898069209393
2025-03-23,USA,-1.0404748560450783
2022-12-06,Iraq,-1.5389992414501275
2021-01-20,Iraq,-1.3517731910179955
2023-11-22,Russia,-1.6407920109429166
2026-02-19,China,0.92750911735951647
2024-10-03,China,1.238220758909093
2020-06-09,Canada,-1.0238214993238324
2023-11-06,USA,-0.84410811694243326
2024-06-04,UAE,1.6580085353295251
2020-08-18,UAE,0.46341799282646706
2021-07-24,Russia,-1.2327955399665347
2025-07-12,China,1.0727559918457841
2025-07-16,USA,-0.82780208280069634
2024-03-10,Saudi Arabia,0.38376508132072412
2023-04-04,Iraq,-2.0069668522341311
2023-09-02,Saudi Arabia,0.7114935455991005
2020-11-04,Canada,-0.616522036464091
2023-03-19,USA,-1.1730288925777024
2026-02-02,Iraq,-1.2126629172281722
2020-11-22,USA,-1.2680021014236691
2024-10-08,China,1.2863963638476448
2023-09-13,Canada,-0.43944822300023512
2020-06-07,Russia,-1.9453879037420962
2020-10-30,Saudi Arabia,-3.6091288539066113
2023-06-08,Canada,-0.54301411359633911
2025-02-19,China,1.0303867331368484
2022-09-25,Russia,-2.4042024210887321
2025-11-02,USA,-0.94582997819099757
2023-10-19,Saudi Arabia,-0.67052044101510311
2023-05-28,Canada,-0.24536897514749961
2025-04-19,Iraq,-1.2035848181698088
2022-03-28,Iraq,-2.9246228572695459
2026-01-26,UAE,1.8792385591430967
2022-10-16,Saudi Arabia,0.72460556628757788
2022-10-23,Iraq,-1.151212091389169
2021-09-30,Saudi Arabia,0.64731190440188657
2025-10-09,Saudi Arabia,1.148407587429684
2021-09-06,Saudi Arabia,0.14264263434990102
2024-01-14,Canada,-1.0015954593671335
2023-01-28,China,1.5318101292931749
2023-12-19,Canada,-0.38454930066136506
2025-02-01,Iraq,-2.0369072431627537
2020-05-01,USA,-1.4432235394983532
2025-01-28,UAE,2.0906756320755586
2022-12-31,Iraq,-2.0808091772620334
2020-04-27,Canada,-0.90665152014476957
2024-09-16,USA,-0.96069479848634309
2021-06-26,USA,-1.4676690675046093
2024-09-08,Saudi Arabia,0.75358825545103736
2021-10-27,UAE,1.2903454198502744
2020-10-09,USA,-1.5432390270709975
2021-01-02,Russia,-1.2187638523401434
2021-06-03,Iraq,-3.4000065710131029
2021-08-29,Iraq,-1.8354458975612347
2024-03-27,UAE,2.1041513346212475
2024-06-08,Iraq,-0.82682515284432168
2023-03-23,Iraq,-1.6357033210397214
2021-03-02,Iraq,-1.6667754240796837
2022-08-29,Canada,-0.31177787698676668
2023-08-01,China,0.33701248734416356
2024-11-08,Russia,-1.8350725260081555
2022-08-02,UAE,0.92940725965275717
2025-01-05,Saudi Arabia,1.000941857909841
2024-09-06,USA,-1.1488478945790266
2025-01-01,China,1.6141805731603327
2024-10-22,China,1.2379320044987856
2021-04-17,Canada,-0.82724178955101579
2024-01-16,UAE,1.496805306373578
2025-07-29,UAE,0.4956773409639334
2024-01-03,Saudi Arabia,0.25128119258363446
2024-06-08,Canada,-0.57409950339625815
2022-07-30,Saudi Arabia,0.16457024411853075
2023-06-10,Canada,-0.4067300427840686
2021-03-08,Saudi Arabia,-1.0647774844731361
2022-08-27,Canada,-0.3168135453469525
2022-12-27,Russia,-1.7526882376390331
2025-01-22,Russia,-1.9294806906756528
2025-08-30,Russia,-2.0433929428206694
2025-12-15,Saudi Arabia,0.92596580466930689
2020-06-03,Saudi Arabia,-1.2799883287367693
2022-09-12,Russia,-1.9991913836895576
2023-12-23,Saudi Arabia,-0.2851606776461949
2024-03-05,Saudi Arabia,0.48157724670235647
2024-08-15,UAE,0.6907595726324286
2025-02-02,Iraq,-1.1734327074049813
2025-04-20,China,0.93049239839482223
2021-02-04,China,0.0868882145896366
2023-11-30,UAE,-0.073599420182077241
2025-04-11,Iraq,-1.4546275787042344
2023-08-16,Russia,-2.0539558638551307
2024-07-18,Russia,-1.8385094026860023
2024-09-19,Russia,-1.8225525911822547
2025-06-04,Canada,0.13348017291973185
2025-06-01,Canada,0.48659297676043967
2022-01-08,USA,-1.2686222073895312
2020-02-27,Canada,-0.75459121317074718
2023-02-25,Russia,-2.3576870308107494
2020-06-04,Saudi Arabia,-1.4019124090343176
2021-01-02,Canada,-0.836536351093109
2023-04-26,Saudi Arabia,-0.96690183955717668
2024-12-11,Saudi Arabia,1.0576962208581786
2024-06-02,Saudi Arabia,0.276991478702254
2024-05-23,USA,-0.81251563109390856
2022-04-18,Saudi Arabia,-0.86618454608618534
2021-07-30,Saudi Arabia,-0.31773025662501636
2025-09-29,China,1.3888456915515763
2023-05-19,UAE,0.81922968883072589
2020-08-05,UAE,-1.9817996294766265
2023-07-15,China,1.0207067658884204
2021-01-22,China,-0.24853059426799207
2023-05-10,Saudi Arabia,0.084375959872092482
2024-04-08,China,1.4482425114511128
2023-10-21,USA,-1.3667751713257121
2020-08-24,China,0.60561186747283369
2025-03-07,Russia,-1.7137062587898986
2021-03-22,UAE,1.0513564205513295
2024-06-05,Canada,-0.14207142610924178
2025-07-27,China,1.2151516232702471
2021-05-02,Russia,-1.3138743982637591
2021-07-22,UAE,-1.1690418665914333
2025-05-09,Saudi Arabia,0.55706261660487555
2025-05-09,Canada,-0.1515814378870789
2021-07-31,Canada,-0.28646742186700874
2022-02-05,Canada,-0.81528383781515723
2025-04-25,Iraq,-0.5459508075022903
2020-04-30,Russia,-1.84743748801601
2026-04-04,USA,-1.4533623490651042
2020-09-29,China,0.23654147081566254
2024-11-05,China,1.5821573439548655
2024-02-13,Saudi Arabia,0.596751649253298
2025-12-21,Iraq,-0.699890695007306
2024-06-27,Canada,-0.0466618227327704
2021-10-25,Iraq,-3.6870771770863366
2025-08-06,Saudi Arabia,0.24987082860604878
2023-10-23,UAE,1.6458973358228564
2020-08-21,USA,-1.5668553847707549
2021-12-13,Saudi Arabia,0.20369393927726731
2022-05-19,Canada,-0.15269215883457044
2021-05-04,China,-0.074760971295070519
2022-07-13,Russia,-2.0218923135815383
2023-05-26,Russia,-1.989546268414276
2020-02-21,Saudi Arabia,-1.4919152305824395
2025-10-30,Canada,0.29618145283733061
2024-02-26,Russia,-2.1268795175142214
2021-09-20,Canada,-0.20025776382571592
2021-04-25,Saudi Arabia,-0.38968890925033023
2023-08-11,Russia,-2.3959794143078579
2025-08-31,China,1.3834408824238471
2023-12-05,Iraq,-1.2811530495300172
2021-06-18,UAE,0.0061988318906797766
2024-04-03,Iraq,-2.4007503602348019
2023-05-16,Iraq,-1.2662192093857152
2026-02-24,UAE,1.1548869317595931
2024-03-20,Canada,-0.21147059540001284
2024-08-20,Saudi Arabia,0.7916245019779502
2023-03-27,Canada,-0.32930022545023024
2022-04-28,USA,-0.94117435432848273
2023-04-07,China,-0.509225413418285
2024-05-18,Saudi Arabia,-0.56871183517481594
2023-10-12,Canada,-0.20784194675909523
2021-03-08,UAE,1.3379704747932886
2021-02-05,UAE,0.02232122585480192
2025-05-25,USA,-1.2430339847615968
2022-11-12,Saudi Arabia,0.59791748073096429
2023-06-06,Russia,-3.5405048488649409
2020-04-14,UAE,0.33756360364066151
2023-03-21,USA,-0.97267607115912746
2024-03-14,Russia,-2.072681791762351
2023-10-11,Russia,-2.0309654693285619
2025-04-20,Canada,-0.091303977273648376
2023-08-09,Canada,-0.3684112299137845
2023-05-22,China,0.812954704538976
2021-07-03,USA,-1.4950867329756565
2022-12-27,Saudi Arabia,0.649232180249939
2022-10-10,Russia,-3.2957888067376317
2021-07-19,USA,-1.2433888120729464
2025-01-12,Russia,-2.41537883915217
2021-06-22,Iraq,-2.0158325698210895
2026-02-14,Canada,0.13965290990944179
2021-01-03,China,-0.072357503757935274
2025-11-28,Saudi Arabia,0.76186860221202735
2020-03-10,China,-1.6951522559693954
2026-03-07,USA,-1.7130721621301968
2021-10-06,Russia,-1.4143827287379591
2025-07-22,UAE,0.77767730687740044
2020-01-30,USA,-1.2631595040012227
2024-07-27,USA,-0.73415943375313863
2024-07-22,Iraq,-1.3893018663681902
2024-04-11,Iraq,-2.6751915258611896
2025-01-19,Saudi Arabia,1.5432360471663065
2024-10-17,Saudi Arabia,0.60533150860632257
2025-08-10,USA,-1.0030536519072231
2023-06-25,Canada,-0.4895171822036537
2024-01-18,Saudi Arabia,0.24855017312792077
2021-08-29,UAE,0.7216813246346564
2023-10-31,Russia,-2.3060859996872436
2023-12-20,China,1.0327480640263698
2025-10-30,USA,-0.9445503217064749
2020-04-26,Iraq,-2.918134826023719
2021-08-30,Iraq,-2.336473911466562
2025-10-01,Iraq,-0.7877865345792614
2021-04-07,Canada,-0.55579335825768039
2022-12-10,China,0.17650038700262038
2024-12-22,Canada,-0.47311791095802119
2023-10-27,China,1.0555112735365915
2022-02-25,Russia,-2.7519582856282176
2025-05-18,Saudi Arabia,1.0642876022541368
2022-09-10,Iraq,-2.2776589163781233
2023-06-07,Saudi Arabia,1.2652293801343284
2022-09-22,Russia,-2.267140918340985
2020-01-27,Canada,-1.1278808139196213
2025-04-22,Iraq,-0.70349986060154335
2022-10-08,China,1.0635472129524641
2021-02-09,Russia,-1.4821864543532262
2024-04-13,Saudi Arabia,-0.48795204894795674
2024-09-22,Saudi Arabia,2.5281755843315397
2022-05-30,Iraq,-2.4333592554979959
2020-06-15,Russia,-1.8994236991078783
2024-12-25,Iraq,-1.2167169546927201
2024-12-29,Saudi Arabia,0.734903724244503
2021-08-11,Saudi Arabia,0.28023473585293984
2021-08-13,Saudi Arabia,-0.15946053562219184
2020-12-14,Canada,-0.1495575693206716
2021-07-26,Russia,-1.2795992999983536
2025-07-19,Saudi Arabia,0.66375853382918115
2021-09-21,China,-0.09119489144695106
2021-11-08,UAE,1.6598976461482082
2022-05-20,Russia,-2.0928123885737153
2020-08-03,Canada,-0.77382538748101459
2025-03-21,UAE,0.509241638669372
2025-06-12,Iraq,-2.3028989694636421
2024-10-19,Saudi Arabia,0.47287282986628942
2021-06-28,Iraq,-2.9472469179001441
2021-05-25,Russia,-1.7866222952692159
2026-02-22,China,1.4226392079250292
2020-08-25,China,0.54744218323467353
2024-03-30,Canada,-0.14770557247610253
2026-03-07,Iraq,-3.4247279137718509
2024-03-16,Canada,-0.33488120586363029
2023-04-02,Saudi Arabia,-0.046409207880095518
2020-05-02,UAE,0.030631241876805281
2026-01-26,Canada,-0.0597526563431772
2025-10-10,Saudi Arabia,0.729176434428586
2024-07-15,Canada,0.18271040046246734
2023-05-01,Russia,-2.4257020717527986
2023-02-15,Saudi Arabia,0.96417624045843753
2022-05-31,UAE,1.8105590424285547
2022-11-19,Saudi Arabia,0.75096811119605533
2025-05-22,China,1.32615044522439
2023-07-09,China,1.0442552731017947
2023-02-03,Saudi Arabia,0.013677999137859276
2024-08-26,China,1.1722982144640233
2022-09-11,Saudi Arabia,0.82841983613532966
2023-12-19,Saudi Arabia,0.24944564276810866
2022-04-30,UAE,2.6501538695753228
2024-07-28,USA,-0.73188994978566146
2022-06-12,Saudi Arabia,-0.35367751568073347
2021-04-26,Russia,-1.6098887996111695
2021-06-12,Canada,-1.0049002706164127
2025-01-06,Iraq,-1.4341847581962237
2024-09-18,Canada,-0.31060556416195928
2021-01-25,UAE,1.1517130351167877
2022-08-17,USA,-1.0697168042681509
2021-04-15,Canada,-0.384739444479939
2026-02-12,Iraq,-1.3987502555620144
2024-10-09,Iraq,-2.16339590228017
2021-08-10,Iraq,-4.17975315002212
2020-12-12,Canada,-0.23205444977187925
2023-11-05,Russia,-2.2377484432614234
2023-02-09,UAE,1.8128829029407212
2024-08-08,Saudi Arabia,-0.43702783195038997
2024-03-09,Saudi Arabia,0.42300630653701388
2022-04-14,Iraq,-2.6276202557814616
2026-03-17,USA,-1.0049346595929312
2020-10-27,USA,-1.2246413685323758
2025-07-18,Canada,-0.2022468491384877
2023-10-11,USA,-0.945182552616871
2021-08-03,Russia,-1.6384208505130027
2020-02-23,Saudi Arabia,-1.9963226489541488
2021-10-31,Saudi Arabia,-0.28277039788735503
2026-04-09,UAE,-0.88844577986374373
2025-12-24,UAE,0.9638226548972989
2021-11-15,China,0.48809878540829243
2023-07-16,Canada,-0.35555017394887489
2023-11-26,Iraq,-1.2417406143933158
2022-08-22,China,0.59825491812736864
2024-10-08,Iraq,-2.3755890893218861
2021-03-21,Saudi Arabia,-0.84048706082457636
2020-03-19,Iraq,-2.6022998021746115
2021-05-08,USA,-1.2186540100474057
2023-06-01,Iraq,-0.73016312473332634
2021-08-03,China,-0.20987458734353931
2022-10-06,China,0.42523810617644175
2021-04-26,Saudi Arabia,-0.38069194490658176
2022-06-23,Saudi Arabia,0.81760068428619226
2023-05-02,UAE,2.0464987682369875
2021-04-18,Iraq,-2.8306657005478688
2024-12-11,UAE,1.5046293527229371
2020-04-12,USA,-1.8728606671374552
2025-07-19,Iraq,-1.3560426400420975
2025-09-28,Canada,-0.26699455973034208
2020-06-27,China,-0.4874575146683694
2022-09-22,Saudi Arabia,0.11307115996689551
2024-07-30,Russia,-2.0626193851463821
2025-09-22,Canada,-0.23992225618246049
2020-10-12,China,0.15216879777444683
2020-07-23,UAE,0.47339910787975642
2025-10-11,UAE,0.80572227493611936
2022-06-29,China,1.0318620923154516
2024-07-07,USA,-0.61221762845313332
2021-10-25,Canada,-0.0050181456866884118
2024-06-29,China,1.4622941150985269
2020-01-12,Iraq,-4.3196936239294352
2025-05-17,USA,-1.3943177148637194
2020-08-12,Saudi Arabia,-0.4107843537794868
2024-06-09,Russia,-1.8051839001129297
2021-05-05,China,0.04231981610220989
2023-01-25,UAE,1.4790845069189158
2022-04-23,USA,-1.2656170475463357
2025-09-14,China,0.98398260346984
2023-08-19,Saudi Arabia,0.7668506883682592
2024-04-17,Russia,-2.1980878348525108
2024-10-21,UAE,1.4928345838132042
2022-08-22,Canada,-0.10291461229723611
2020-10-05,Russia,-1.7704846292892766
2023-09-25,USA,-0.50958897730952069
2020-08-10,Russia,-2.0855460743027785
2023-10-15,Canada,-0.23691677000154562
2020-01-26,Russia,-1.6243530748182575
2026-03-28,USA,-1.558499096946953
2020-05-09,Canada,-1.1610866765800634
2025-03-29,Canada,0.19341922281284923
2025-06-12,Saudi Arabia,-0.020677546504222294
2021-10-26,Saudi Arabia,0.43967481306331774
2025-08-07,Iraq,-2.0122509190336912
2026-02-26,USA,-1.0124771134739969
2024-01-11,USA,-0.94887562743101028
2023-09-22,Canada,-0.66231489151761913
2023-08-21,UAE,1.8724648773152153
2025-02-23,China,1.2740733730651161
2024-05-30,Russia,-1.755676576932987
2023-04-06,USA,-1.027899653971817
2020-06-23,USA,-1.5189514951859684
2023-08-30,Russia,-2.5940957961407625
2024-02-22,Iraq,-1.2830132393184559
2020-07-15,USA,-1.4161039789632039
2021-09-21,Saudi Arabia,0.69138682539762675
2021-04-29,Canada,-0.32316318193908872
2022-01-17,Canada,-0.63654182181979824
2023-05-31,China,0.80547502524486092
2021-04-30,Saudi Arabia,-0.54230059367367933
2025-10-07,UAE,1.9193230507723382
2021-09-03,Iraq,-2.21138578555918
2022-03-21,USA,-1.0788014318385162
2023-07-21,Saudi Arabia,-0.17538717200620987
2023-07-21,Russia,-2.3733841088550292
2022-02-27,USA,-1.4887624278687017
2025-11-29,China,1.072981442906459
2022-01-30,USA,-1.4968303158101632
2021-07-28,Canada,-0.39355135604734642
2025-05-06,Iraq,-1.6671838369155574
2022-02-10,Canada,-1.2638255465017758
2023-01-17,Saudi Arabia,0.527638443575324
2025-01-31,Saudi Arabia,0.93818129097208292
2025-01-31,Iraq,-2.9059462845564012
2026-01-16,USA,-0.61630201797157924
2024-02-24,Saudi Arabia,0.83766161481479484
2024-07-29,Russia,-2.2365998825982252
2020-07-02,USA,-1.4166072843253323
2024-09-10,Saudi Arabia,0.425746846410603
2021-09-04,UAE,0.70517604114438981
2024-06-24,Saudi Arabia,-0.72181669587594977
2020-12-24,China,0.13331646626750107
2020-03-20,China,-1.6747724541374491
2023-09-28,Iraq,-2.7395320734750706
2021-01-08,Canada,-0.72563115170969816
2022-02-02,Russia,-1.5326239927414929
2020-09-11,China,0.39482489613684041
2024-03-12,Russia,-2.2072699676155594
2023-01-03,Canada,-0.725926716922872
2021-06-17,Saudi Arabia,0.17137487626460704
2020-03-06,UAE,-1.1009108577317512
2022-11-14,China,0.83942380439613318
2026-02-22,Canada,0.73164842477911807
2022-07-22,Iraq,-3.8038682825684722
2020-12-13,China,0.026467842796882624
2024-03-23,Canada,0.29278312370691351
2026-03-08,Canada,-0.24899441566879194
2025-07-21,USA,-0.94125137338982279
2025-02-17,UAE,1.9367804155076083
2023-03-28,Iraq,-1.6796723650547207
2023-06-21,Russia,-1.8887483793544608
2020-09-08,China,0.022306305830874805
2026-01-12,UAE,0.868063087252648
2021-09-23,Russia,-1.3912120210615901
2023-03-19,Russia,-2.1828810900205555
2022-10-13,UAE,2.143686956654907
2021-07-14,Canada,-0.407311951525572
2024-11-09,Canada,-0.21555524208523885
2023-07-17,UAE,2.191338124906864
2021-06-27,Russia,-1.6989422485429182
2020-01-08,Iraq,-4.0636577984474318
2020-08-20,Saudi Arabia,-0.1412578266421787
2021-10-09,China,0.33396730114218737
2022-04-14,USA,-1.3526484615071237
2023-12-23,China,1.2350005426179895
2023-06-08,Russia,-2.6182250195308208
2025-07-15,Russia,-1.9236658165869345
2024-07-31,China,1.3607465893587305
2022-02-16,China,0.77769001975831575
2023-06-13,Iraq,-1.321859072258645
2020-10-14,China,0.031849278232091292
2020-02-18,Canada,-0.87078295649516657
2021-11-05,USA,-1.0455687767722857
2025-10-18,Iraq,-1.1558316141818485
2020-08-06,Canada,-1.088923753148336
2020-08-06,China,-0.012424798609217158
2025-01-07,Russia,-1.9588999483838609
2026-02-08,Iraq,-1.5290854324504566
2024-04-06,UAE,1.1927557700173428
2020-12-27,China,-0.60980983269099109
2024-10-06,Saudi Arabia,0.983379787372658
2024-01-01,UAE,1.9338203454789642
2021-10-05,Saudi Arabia,0.95083766502876066
2023-06-07,USA,-0.98876236824480324
2020-10-10,Iraq,-0.41308764078122495
2022-07-16,China,0.46074768377064323
2025-02-07,UAE,1.9767376003445432
2021-11-02,UAE,2.0049474731028134
2025-04-03,USA,-1.1019502085427635
2020-02-01,Russia,-1.6138987212324643
2026-04-10,Saudi Arabia,-0.71319811429031443
2021-11-11,Saudi Arabia,0.22794027777403039
2022-06-26,UAE,1.8873216413357261
2021-09-04,China,0.62750620356558851
2023-10-23,Saudi Arabia,0.56189112666903929
2025-05-12,Saudi Arabia,1.1753565341608803
2021-06-09,USA,-0.94460374883459985
2020-10-19,Iraq,-2.3623665711904223
2020-11-15,Russia,-1.8853240008161836
2022-08-31,Canada,-0.37674129915968513
2022-06-11,China,0.054979289666751252
2020-11-04,Iraq,-2.4895134235754348
2025-03-22,USA,-1.01901855567562
2025-08-17,Canada,-0.85443675840857369
2025-08-17,UAE,0.87872173564954459
2025-05-24,USA,-1.0197177782201443
2022-07-24,Iraq,-2.6095804607050446
2021-05-31,Iraq,-2.3605561208913275
2023-12-22,Iraq,-1.8074746528542414
2023-03-20,Saudi Arabia,0.95384624519964512
2021-05-20,Canada,-0.24291179125320492
2024-05-06,China,1.5606641400525385
2022-08-26,UAE,1.0059595274523814
2026-01-20,USA,-0.6865674414175108
2020-11-03,Saudi Arabia,-0.725119002824662
2022-04-01,USA,-0.89593207784944973
2022-10-10,UAE,2.1304258143573045
2024-07-16,Saudi Arabia,0.94432502598769241
2024-02-19,Russia,-2.8446961398087431
2023-02-15,Russia,-1.9907355239135853
2024-04-06,Canada,-0.47211301142055739
2022-01-09,USA,-1.3821724790317023
2025-03-11,China,1.161462451110423
2022-11-12,UAE,1.4420679696281766
2020-06-04,UAE,0.13327168050271385
2021-03-14,UAE,0.24262742738800414
2020-06-05,Saudi Arabia,-1.293627159224745
2020-03-22,Iraq,-4.1128165533512586
2020-05-31,Saudi Arabia,-1.4595629838455455
2024-03-16,UAE,1.0974590760171807
2022-07-03,Russia,-2.5365021247447408
2023-06-13,UAE,1.9123027726740658
2024-07-27,Iraq,-0.69408903041101511
2025-04-04,UAE,0.89365911212290861
2023-12-14,UAE,1.2150737755582539
2025-06-06,Canada,-0.17937514066781862
2021-10-10,UAE,1.6035621877093182
2025-06-01,Saudi Arabia,0.6732002642814352
2025-03-17,Iraq,-0.26507094659914554
2022-01-06,UAE,0.8583025329416617
2024-10-27,Saudi Arabia,0.70239837226387514
2023-02-27,Russia,-2.0703115898135249
2021-12-11,Saudi Arabia,0.57121666590044462
2025-11-28,UAE,1.7380355711261868
2023-06-05,Saudi Arabia,-0.024550503001251625
2023-12-18,Canada,-0.14803523448182665
2023-01-26,Canada,-0.36163979887550207
2021-03-07,Russia,-1.427362862081883
2025-01-23,Canada,-0.10056967123116323
2021-07-16,Canada,-0.45686979603872968
2024-04-11,USA,-1.00605367188451
2021-06-15,Russia,-1.3283977621222351
2023-11-13,Saudi Arabia,-0.20691153868074105
2020-12-03,UAE,0.87034113917745448
2020-05-12,China,-0.67577501784770733
2021-06-25,Russia,-1.6843752373688179
2022-06-08,USA,-1.0435710877875737
2022-01-01,USA,-0.69262586555555561
2021-04-14,Iraq,-3.0441012221781554
2024-10-26,Canada,-0.3717818695991727
2024-10-04,UAE,1.3151473519986734
2024-06-19,UAE,0.81638648797926838
2020-01-07,Canada,-0.32022262215736141
2024-01-03,Iraq,-6.4321493512299188
2026-03-05,China,1.2936045281568969
2023-03-20,China,0.97182303280213422
2020-05-09,UAE,-0.99659097022579024
2024-11-19,Iraq,-1.3477092598175318
2025-01-27,China,1.2321957853102079
2022-10-15,Canada,-0.5831304339529344
2023-03-10,Iraq,-1.9598662234560762
2026-04-15,UAE,0.92087350666311685
2022-06-23,Iraq,-2.2035013781760067
2022-03-07,USA,-1.3862791564878703
2023-07-18,Saudi Arabia,1.3651676335891765
2024-02-08,USA,-0.79921287410438446
2022-12-11,Russia,-1.9013694080737193
2021-09-08,Iraq,-3.2379945328249637
2021-09-13,Iraq,-1.471373579678902
2024-12-10,Saudi Arabia,0.70850812071893532
2022-11-26,UAE,2.3104573218222137
2021-01-02,USA,-1.570520071772693
2024-08-05,Russia,-2.42236369469526
2023-08-01,Russia,-2.7858531081293418
2021-04-26,Iraq,-3.1948141356017072
2022-10-14,Canada,-0.34764726372585547
2025-09-01,UAE,1.0813247251041795
2020-07-09,China,-0.18462056648446698
2022-05-22,USA,-1.0638806118699304
2023-07-12,Iraq,-1.2809484028025873
2024-04-05,Iraq,-2.3818692385325129
2025-08-10,Canada,-0.81404215837558147
2025-03-16,Iraq,-1.240568235583962
2020-08-21,Russia,-2.2086584744846944
2021-03-10,China,0.49025624685792535
2021-01-04,Canada,-0.62829605648596309
2025-07-29,USA,-1.074109128672361
2025-11-19,UAE,1.833719899612801
2025-07-21,Iraq,-1.3967451161669044
2023-12-21,Canada,-0.55513616882112782
2021-05-10,UAE,0.34697438023058463
2021-05-12,China,-0.040351004329938843
2020-09-05,Russia,-1.5838632863876261
2020-04-03,UAE,-0.84664481237112077
2025-02-05,Iraq,-1.4453521803824303
2021-03-07,Canada,-0.70203270856064182
2020-02-22,UAE,0.29260454534745278
2022-01-19,Russia,-1.6443951016152376
2022-12-30,Saudi Arabia,0.42375570480380742
2022-01-29,Canada,-0.78879397772927018
2026-01-31,Canada,0.0579125246141588
2024-02-09,Russia,-1.8057319552752107
2024-04-24,Iraq,-1.2529349095711342
2025-01-01,UAE,1.6378929235640953
2021-04-16,UAE,0.21393228150312915
2025-03-08,China,1.795452564860978
2020-01-13,UAE,0.32796971739291053
2022-05-14,China,-0.42338067299591936
2020-04-19,Russia,-1.7232938057247416
2020-06-24,UAE,0.38964234202777781
2025-10-23,Saudi Arabia,0.98424094217327251
2020-02-10,Saudi Arabia,-0.1054352931185602
2023-03-17,USA,-0.84034527897896649
2021-12-25,China,0.70535172969825655
2020-12-05,Canada,-0.95122847183679771
2026-02-02,China,0.9431940253683434
2020-05-20,China,-0.18840504577098249
2025-03-29,USA,-1.0307262842299985
2024-09-09,Canada,-0.19354622071305921
2023-07-22,Iraq,-2.6884755599422934
2022-12-14,China,0.27932058639959456
2022-02-21,UAE,1.711280054483941
2022-05-14,Russia,-2.3109070458879408
2021-11-19,Russia,-1.4813035006965292
2022-10-29,Iraq,-1.9770568227122629
2025-11-12,Canada,0.422651750498151
2025-09-29,Russia,-1.931656155884905
2026-04-09,Canada,-0.079587027213483957
2023-05-14,Russia,-1.2575386334209315
2020-07-25,Canada,-1.0479248652006639
2021-09-12,UAE,1.1765773739399679
2024-08-30,Iraq,-1.8369885491605371
2024-06-17,USA,-0.70576935181467548
2021-08-13,UAE,0.68108154171081758
2020-10-01,China,0.20507673412632277
2021-12-18,China,0.023957444537541676
2025-11-21,USA,-0.75456789219999787
2021-02-25,Saudi Arabia,0.41459316765122928
2025-02-05,UAE,1.7020143130131631
2020-12-31,Russia,-0.63284561674085671
2024-02-22,China,1.0613083930992941
2023-03-02,China,1.2833841130113648
2024-07-29,Iraq,-2.9089387251418812
2020-09-29,Canada,-0.9096179173104757
2025-09-01,Iraq,-2.0871308043507808
2025-03-26,Iraq,-1.3345234551716449
2023-02-12,Russia,-2.2272247276348276
2021-04-14,China,0.357422456000012
2023-10-29,China,1.3133293946927607
2023-10-25,Russia,-1.860358136116508
2020-08-27,Canada,-0.67525491298591822
2023-04-26,USA,-0.80289464574803071
2021-08-22,Saudi Arabia,0.3506264076256862
2022-04-12,China,-0.19884707591103126
2025-02-19,Russia,-1.9771623004267407
2023-08-06,Saudi Arabia,0.19153495229188433
2020-07-14,China,-0.47703705334131347
2024-07-21,Russia,-2.1625757067089335
2020-11-12,USA,-0.82688403832709623
2024-11-22,Iraq,-1.8575116084487484
2025-04-12,Iraq,-0.72867956428010983
2020-11-01,Russia,-2.3418284570074315
2022-10-15,Saudi Arabia,0.53295587450925819
2025-10-07,Russia,-1.7737571355302892
2022-08-19,UAE,1.2531811683435548
2022-05-30,Saudi Arabia,0.875240300302746
2025-05-24,Russia,-2.5068033589203234
2023-09-19,Iraq,-1.7437509171992702
2024-06-19,Russia,-1.4074579424659155
2025-08-01,Canada,-0.38651275386972683
2021-08-25,Saudi Arabia,0.2438659882913157
2026-03-03,Canada,0.27718691989273486
2022-04-18,China,-0.28653793848749187
2020-04-17,Canada,-0.74718891117491493
2023-10-03,Saudi Arabia,0.71801730245241191
2023-12-20,Saudi Arabia,0.57257826817991586
2025-02-19,Canada,-0.54799924961962732
2023-03-26,Russia,-2.2319141431431309
2025-07-10,Iraq,-1.9554363328230895
2022-09-27,Saudi Arabia,1.2876591022056452
2026-01-08,China,1.1482135385410819
2021-03-02,USA,-1.1533246012494698
2026-01-13,Russia,-2.4416390203015084
2024-05-07,UAE,1.6680437696448809
2025-04-12,Russia,-1.9213573118661535
2026-04-08,Russia,-1.7346701534605136
2020-05-27,Saudi Arabia,-1.2641457422425626
2022-01-05,China,0.35769438113871832
2022-07-24,Canada,-0.87183064485794692
2023-09-20,Russia,-2.3686885195032437
2025-12-18,Iraq,-1.5169575510745816
2024-01-07,UAE,0.70662756619873457
2020-10-17,USA,-1.4823052579357
2020-10-19,UAE,0.68741962544545809
2022-12-22,UAE,2.0776747980942059
2020-02-13,Canada,-0.65388897568243087
2023-07-31,Saudi Arabia,-0.15019440752357893
2021-09-27,Russia,-0.886891243700175
2025-01-24,Iraq,-1.6754839336236553
2023-02-14,Iraq,0.083969231367891251
2024-10-30,Iraq,-2.0712829082592839
2020-08-04,China,0.028163284878697771
2024-02-09,Saudi Arabia,0.9438225559768767
2026-04-27,USA,-1.4592498206732463
2026-04-29,Saudi Arabia,-0.35977357169865454
2025-06-02,Saudi Arabia,0.79387960258284629
2021-12-06,Russia,-1.0396631778290966
2023-06-26,Canada,-0.37691263737952563
2020-12-10,USA,-0.92579562501935608
2021-01-03,Canada,-0.89991682326932909
2024-05-25,USA,-0.91399420176417623
2023-12-23,Canada,-0.29989202769158119
2021-05-06,Canada,-0.2916228000942338
2020-01-22,Russia,-1.2652985541362376
2024-02-22,Saudi Arabia,1.8918077726400295
2021-04-25,Canada,-1.0656836179142433
2025-10-27,Canada,0.28741535647840821
2021-11-16,China,0.6265958836352471
2025-01-07,UAE,1.5234647395937457
2022-03-11,Iraq,-1.6929190665335654
2024-10-21,USA,-0.80284560492071277
2022-11-19,UAE,1.4728850056280511
2023-04-22,Canada,-0.48886350742209156
2021-02-23,Iraq,-2.4112021405392663
2023-12-21,Iraq,-1.78990970951312
2023-09-07,Saudi Arabia,0.65973414543294928
2021-03-02,China,0.21924424783968502
2021-05-24,Saudi Arabia,0.29899413663481333
2020-02-13,China,-1.9804807540707137
2024-02-28,Russia,-2.1084957701844109
2025-10-27,Russia,-2.1734696937156359
2020-11-07,Iraq,-3.0592584492579853
2023-08-18,Russia,-2.0826182533640449
2023-08-10,Saudi Arabia,0.16801872899729842
2023-11-17,Canada,-0.093298928624592076
2025-06-09,USA,-1.6410220682445673
2024-04-02,Russia,-2.5641502100362259
2024-09-06,Canada,-0.38985302446766185
2023-07-26,Russia,-1.8271862792257476
2021-06-08,Russia,-1.2847446366162996
2021-03-24,USA,-1.2263795519828775
2020-05-30,Russia,-1.8559092330087301
2022-04-12,Saudi Arabia,0.50894214553248618
2025-02-14,China,1.3161288590453597
2025-02-18,Saudi Arabia,0.3258572885828242
2020-10-11,USA,-1.4867095283546605
2023-01-16,China,1.0097126142837356
2024-11-17,Saudi Arabia,0.82229226699698688
2026-01-13,Canada,-0.24061361134978793
2021-02-08,Saudi Arabia,-0.67192639055669579
2022-01-15,Russia,-1.9180802217378023
2025-09-02,China,1.1129308631656007
2021-12-27,China,0.60834903386457828
2020-03-09,Iraq,-2.8729088800119755
2024-01-25,Saudi Arabia,0.66707020569886433
2020-07-29,Iraq,-2.129681792487196
2023-07-20,Canada,-0.24697817999663477
2020-12-28,UAE,1.5458806511089747
2024-06-14,Iraq,-1.5828552555387692
2020-03-29,Russia,-2.2215729836065954
2024-11-24,Iraq,-1.3773422596253442
2025-02-07,Saudi Arabia,0.69739390042991634
2025-10-23,Iraq,-2.0251577574035884
2025-01-21,Russia,-1.5994543663048839
2021-02-17,Iraq,-2.1348998119754774
2020-02-02,USA,-0.92199500059449968
2024-07-16,USA,-0.92286778395490077
2020-12-02,China,-0.077856978836136542
2024-07-04,China,1.2784046766185451
2020-05-15,UAE,-1.3867531305886565
2024-09-05,USA,-1.0008208756966051
2024-01-25,Iraq,-1.6348936698873546
2021-03-19,Iraq,-1.8055677697965156
2024-05-26,UAE,1.1733809206924604
2025-05-04,Russia,-1.8157992939913961
2025-11-12,China,1.1446839123052985
2023-05-22,Russia,-1.9646699275094455
2020-02-13,UAE,1.0606236655449595
2021-02-09,Canada,-0.48890484334227452
2025-10-21,Iraq,-0.60174638465463759
2025-10-16,USA,-0.65981997657899316
2024-09-16,Iraq,-2.171645869348326
2022-03-02,Russia,-2.7929899075094418
2023-07-17,China,0.91910118763139881
2022-12-03,UAE,2.5781702739735697
2025-12-16,Russia,-1.7898268258468488
2023-10-21,China,1.477753460899343
2022-02-23,USA,-1.4186839799974691
2021-01-06,USA,-1.3323692436330914
2024-01-08,China,0.99844512217481352
2024-08-11,Saudi Arabia,0.85326263445485939
2022-09-26,Russia,-2.7290842996233371
2022-09-22,USA,-1.1970937545089504
2022-05-25,Iraq,-2.6612098653218146
2021-04-08,USA,-1.2457050135986243
2025-01-04,Russia,-2.88730048253373
2025-08-06,Russia,-2.043414490651231
2023-04-14,Iraq,-1.8607497396582142
2022-07-28,Canada,-1.0358709029901829
2020-03-23,Iraq,-3.2441014275968296
2021-08-15,UAE,1.3673266878687398
2024-08-18,Canada,-0.59075588676713864
2025-07-30,Russia,-2.2395275705233257
2025-07-28,Saudi Arabia,0.58706946396081583
2025-07-17,Saudi Arabia,0.50737912935013807
2022-04-30,China,-0.23543564435048922
2020-10-16,China,0.28784166883907358
2026-01-12,USA,-0.91630421319059607
2020-02-18,Saudi Arabia,-0.35351401048523834
2020-02-11,USA,-1.0097879938355414
2021-02-19,Canada,-0.47989309085030357
2020-07-09,Canada,-1.0512014760080541
2023-11-17,China,1.3732795772412514
2021-12-31,China,0.86859801021564709
2025-08-24,Saudi Arabia,1.3430619850600449
2023-05-05,Canada,-0.31315560760062455
2024-03-25,USA,-1.1294716469500368
2026-03-13,Russia,-2.1542599719663671
2021-05-12,Russia,-1.9025613606878029
2022-04-28,Canada,-0.060603764709602395
2024-05-08,UAE,2.1550262035801842
2023-08-12,UAE,1.1647145318083418
2024-11-08,China,1.3932855474681853
2022-06-21,China,0.41090678801170138
2023-11-17,UAE,0.78026456431766211
2021-01-13,Canada,-0.91007450586127014
2024-09-19,Canada,0.110218686744445
2025-06-05,UAE,1.3051036156227647
2025-03-26,USA,-0.910572379635255
2024-04-03,Russia,-1.9709997677439337
2022-08-19,Russia,-2.0891212392803249
2020-05-18,Iraq,-3.0549163965750989
2024-10-24,USA,-0.88984045670133316
2020-01-09,Saudi Arabia,-0.5034142570611615
2024-03-18,Iraq,-0.94923666974252474
2020-07-09,Iraq,-2.8545134247873416
2026-04-10,USA,-1.1375217795194799
2025-12-30,China,1.1950259107573462
2025-12-20,Saudi Arabia,-1.5071047382636165
2025-03-28,Canada,-0.18010931520518944
2026-02-15,Iraq,-0.85563272036958693
2021-09-15,UAE,1.1928871365627829
2021-08-12,Saudi Arabia,-0.083309167855878066
2023-11-02,USA,-0.83634923852369136
2025-03-01,USA,-0.84807638227573157
2025-05-17,Iraq,-1.3582691935804576
2023-12-24,Iraq,-2.6914524766353365
2022-05-17,Iraq,-3.3454083066660618
2024-08-04,Saudi Arabia,0.35676817681770506
2020-09-08,Iraq,-2.7463621559455951
2023-12-30,Saudi Arabia,0.56838367212411478
2020-05-07,USA,-1.5940124813915058
2022-01-19,UAE,1.0871951955567158
2020-11-13,Russia,-1.7103652142066987
2021-04-27,USA,-0.92726288504204513
2022-06-13,UAE,1.2752444524202489
2020-05-25,Canada,-0.95007559392135454
2025-01-07,Iraq,-2.4380502582766863
2023-11-20,China,1.4297964254603852
2021-04-13,UAE,0.70310877974369146
2021-04-11,China,0.15511381367383179
2020-12-23,USA,-1.091532890084091
2020-10-03,Iraq,-2.0955929972094829
2024-12-07,China,1.3396725678767032
2021-05-11,UAE,1.3085370281807482
2022-11-02,Russia,-1.7684985399702036
2023-06-16,Iraq,-0.45996877126094676
2022-08-27,Saudi Arabia,-0.40886519045885733
2025-04-05,UAE,1.3494204632592381
2024-02-10,USA,-0.83810132050406472
2023-12-03,Canada,-0.45259329983578089
2020-03-01,Saudi Arabia,-0.63083882851414275
2020-03-01,Canada,-0.832112732845152
2026-02-22,Iraq,-2.1039572081444295
2024-06-18,Russia,-1.8665353108846803
2026-03-11,Canada,-0.070281816144774661
2020-01-25,USA,-1.7504713669411158
2020-06-23,Canada,-0.904880152734451
2022-02-14,China,0.9082948265516626
2021-07-07,Iraq,-3.2981785525724661
2022-12-12,UAE,-0.38416032554380491
2020-03-22,USA,-1.9317363015449516
2020-08-28,Canada,-0.86198678732256029
2022-05-13,China,0.0016602018903881448
2021-07-20,Russia,-1.4050788869735304
2021-11-21,UAE,1.9420987629757174
2020-06-20,Saudi Arabia,-1.6725376702806931
2023-10-17,Saudi Arabia,-0.5007511396554557
2025-02-01,China,1.3070146602535091
2026-03-29,China,1.3736516313584977
2025-09-17,Russia,-1.8941156746340757
2025-10-31,USA,-1.1212670724673495
2020-02-22,USA,-1.3084461642674385
2025-10-20,Russia,-1.7053465456218782
2022-01-17,China,0.26515076171632673
2024-05-07,China,0.897646770631955
2026-04-02,Iraq,-2.6437293076819697
2025-10-28,USA,-0.83576263594724354
2026-01-26,China,1.4636384106902078
2024-11-05,Canada,-0.23820045304415355
2022-01-25,Russia,-1.9709573189584502
2023-07-17,USA,-0.69363464698061184
2021-04-12,Saudi Arabia,-0.14931822108969256
2022-01-06,Iraq,-2.3925443294963258
2021-05-25,Saudi Arabia,0.057213756822438559
2024-10-05,USA,-1.1699845396373685
2021-03-13,USA,-1.2786907694850311
2021-11-18,Russia,-1.6266071422378203
2025-05-09,Russia,0.2201751006267402
2020-06-29,USA,-1.5393145862767479
2024-02-23,Iraq,-2.1948991884661631
2025-04-10,Canada,-0.13638374439490791
2025-04-10,Iraq,-1.5761333371908175
2022-09-03,Iraq,-2.7595743130966643
2025-10-16,UAE,1.5021853005382522
2022-03-01,Canada,0.2308754501541182
2022-03-18,Iraq,-1.8839790217707837
2024-04-06,Iraq,-2.96835984114872
2020-10-03,Saudi Arabia,0.069114134056349891
2022-07-25,Canada,-1.5603830567392512
2020-12-11,Iraq,-1.7189680515592118
2023-01-12,Iraq,-0.98874966042834267
2023-12-28,UAE,0.582389646618898
2025-04-30,Canada,0.08010904822860182
2023-01-01,Saudi Arabia,0.46285851817446122
2023-03-21,Russia,-1.3410580370693042
2026-03-22,Saudi Arabia,-2.52855731026645
2020-10-15,Iraq,-2.1311172240830283
2023-05-26,Saudi Arabia,0.29269662364186905
2022-06-17,USA,-1.110522278783183
2022-01-15,UAE,1.5364087172241758
2026-04-01,China,0.99658096096965432
2026-04-14,Iraq,-2.2548413305008266
2021-01-15,Iraq,-1.976155124845292
2026-04-23,China,1.1877466667724312
2021-10-17,Saudi Arabia,-0.070681521169799019
2025-08-22,UAE,0.62347208778522978
2023-11-27,Saudi Arabia,0.57542054627021255
2021-12-04,Saudi Arabia,0.0871769483383206
2020-08-12,UAE,-0.47918564170190303
2022-10-25,China,1.1200018792779545
2023-03-25,USA,-1.4835288074398083
2020-01-20,China,-0.42105755473825962
2020-10-19,Canada,-0.37161081566363624
2021-09-17,Iraq,-1.4480320936285569
2021-02-04,Iraq,-2.8714267822555906
2025-10-17,Canada,0.47280940025174367
2023-11-13,Iraq,-1.8277558448538687
2025-08-23,UAE,0.10160707831239446
2021-04-02,Canada,-0.64658522177269029
2021-06-21,UAE,0.95489584353959112
2024-09-18,Saudi Arabia,0.87982338605461841
2024-01-29,China,0.88771317118209569
2023-07-26,USA,-0.98811016012788577
2020-06-06,Iraq,-2.3120341306875245
2022-05-01,Canada,-0.77137505007592855
2022-11-23,Russia,-2.2845608914392526
2022-11-20,Saudi Arabia,0.33565927464665435
2024-01-06,Russia,-2.3199278731072677
2024-05-20,Canada,-0.19114200395413522
2023-04-08,China,-0.60466263427082678
2023-04-02,Iraq,-0.49158122253799141
2021-08-01,Saudi Arabia,-0.19528831629299306
2025-04-22,Russia,-1.7704273774833079
2026-01-11,UAE,0.23619212479620938
2024-11-09,UAE,0.99668499568309965
2020-04-27,Saudi Arabia,-2.5742228017287254
2025-06-04,Saudi Arabia,1.0824262024079374
2025-06-06,Russia,-2.5168530868208046
2022-12-12,Canada,0.362691503309134
2023-07-23,Saudi Arabia,0.12655229659705755
2025-05-22,Russia,-1.8941676188974979
2023-06-25,China,1.5339754176544667
2025-03-03,Russia,-1.2102076655260978
2021-12-18,USA,-1.2303177164968016
2020-10-21,Iraq,-1.9608470232005613
2023-06-21,Iraq,-1.7480229092933202
2022-07-16,Russia,-2.5724104639816892
2021-03-07,USA,-1.2587706870072184
2022-10-08,UAE,0.526244690982719
2020-05-06,Canada,-0.922580247090994
2022-10-05,UAE,2.0836401934081277
2024-04-25,Iraq,-1.808516972306176
2022-03-21,Canada,-0.10908561550290657
2020-06-04,Iraq,-1.5416819920247682
2025-05-19,China,1.274219195411582
2024-12-16,Iraq,-1.538601888548468
2024-03-21,Iraq,-1.1286778119538687
2020-03-14,USA,-1.8639583818609617
2022-05-16,China,0.07504487059611796
2023-06-04,Saudi Arabia,0.29361672154811091
2020-06-22,Iraq,-2.5732066498409285
2024-11-24,Saudi Arabia,0.66052410206482415
2025-04-28,UAE,1.5454781970755087
2021-02-08,Iraq,-2.4063898927927969
2022-04-03,Russia,-3.2000569400108057
2020-05-25,Russia,-1.8110953296009935
2025-06-04,UAE,1.5441111382338475
2024-10-21,Canada,-0.22032495117242504
2026-04-30,Saudi Arabia,0.16146424022075156
2025-08-06,USA,-1.0435581733918491
2026-02-21,Iraq,-1.3721147450139053
2022-07-23,Russia,-1.8836528093295808
2024-03-25,China,1.2433931689152464
2025-07-20,UAE,0.46304626374979618
2025-07-23,Russia,-2.432826262510424
2023-12-30,USA,-1.1936355615800474
2023-10-14,USA,-1.048556225739828
2022-02-13,Canada,-1.9325250973318713
2020-02-17,Russia,-1.697884563810264
2024-11-02,Saudi Arabia,0.66027135661639724
2022-01-24,Iraq,-2.953470411591081
2021-01-31,Iraq,-1.5183708769796675
2021-01-02,China,-0.15203051696823497
2023-06-20,Iraq,-1.0680359725166775
2020-06-26,USA,-1.5075486178660564
2020-07-23,Saudi Arabia,-0.31211283943107132
2026-04-11,Canada,0.13496135706916562
2021-01-13,Iraq,-3.2765289429586733
2022-03-02,China,0.72903404070731526
2026-02-05,Russia,-1.8287898025711193
2024-09-01,Iraq,-0.38147870889948926
2024-10-18,Saudi Arabia,0.70651985586127963
2020-11-23,UAE,0.93745514070423985
2025-08-14,Saudi Arabia,-0.037441525522440761
2021-12-03,Iraq,-3.480824141498065
2020-08-24,Canada,-0.50000812820672869
2025-08-01,USA,-1.0209768966300174
2020-10-05,China,-0.0324158613509892
2025-03-04,Saudi Arabia,0.34158377402721257
2022-05-05,China,0.1548161244855803
2023-09-05,USA,-0.78547440397058321
2025-07-07,China,0.71745328248160767
2021-11-03,UAE,1.909377692246349
2021-01-18,UAE,0.31158640637839929
2025-03-30,China,1.3212390050238629
2025-03-14,USA,-0.9507323730342272
2023-06-30,Russia,-1.929550139891351
2020-01-19,Saudi Arabia,-2.1589137816179997
2024-06-18,Canada,-0.25875419258915072
2021-03-16,Canada,-0.0843458745817243
2025-08-03,China,0.89926254155030449
2022-05-02,Canada,-0.22530768882059876
2021-06-05,Iraq,-3.5175866209167719
2021-12-21,Canada,-0.32446163112557552
2024-05-25,Canada,-0.30599415836371097
2022-09-12,Iraq,-1.978271376729515
2024-08-04,USA,-1.0701655568329413
2025-02-25,Canada,-0.2501851694626232
2022-10-31,USA,-0.97445748058147541
2023-03-26,UAE,1.1566597706278094
2023-03-28,Saudi Arabia,-0.90300954146936629
2023-06-19,Russia,-2.2867111664720685
2020-07-22,Saudi Arabia,-0.3100272688779579
2021-07-12,Iraq,-3.2826590995032565
2024-04-21,Canada,-0.044860732989099886
2025-03-29,China,0.69077484561189073
2024-01-21,China,1.4528122270980512
2022-03-22,Iraq,-1.8540857635384127
2020-02-28,Canada,-0.66718628147438308
2026-02-21,Russia,-2.3672302951782811
2021-12-20,USA,-0.91345896532188442
2020-04-16,Saudi Arabia,-1.2912528161859691
2024-05-11,Iraq,-0.69740540317092581
2020-07-13,USA,-1.557410612316017
2026-01-27,Saudi Arabia,1.0109081068117365
2020-03-09,USA,-1.3959266046440568
2025-12-29,UAE,1.6160035103654184
2025-11-30,Saudi Arabia,1.1455135969244119
2020-12-11,Saudi Arabia,0.093239351894320754
2020-08-17,Saudi Arabia,-0.4003631155169069
2021-07-22,China,-0.56795121444798691
2023-03-21,China,0.96578442218242511
2023-06-04,Canada,-0.77206565228834489
2021-08-02,Russia,-1.5687308204339392
2021-07-02,Canada,-1.1159121298157511
2022-01-18,Russia,-1.676881578395317
2022-01-18,UAE,-0.8237838951805585
2025-04-11,USA,-1.1044072014361932
2021-02-12,Iraq,-2.4215829315333766
2025-01-14,Saudi Arabia,0.77878396889276669
2026-02-01,China,1.2906758637796392
2023-11-28,China,1.05067859716225
2025-07-23,UAE,0.863201529755225
2025-05-08,Saudi Arabia,0.79851801255334054
2024-11-24,USA,-0.74926037889582031
2023-10-13,Saudi Arabia,-1.1991805071225414
2024-11-13,Russia,-1.9000994375068265
2021-02-11,Canada,-0.38467596016290262
2026-04-16,USA,-1.2240833098059776
2024-07-05,USA,-0.70927458486856487
2024-08-31,USA,-0.9649447993325404
2020-10-05,Saudi Arabia,-0.52942007096619448
2020-12-10,China,0.33586858130222796
2024-05-21,Saudi Arabia,1.2512777257091052
2022-07-09,Iraq,-1.2249493295726588
2020-10-13,China,-0.083319929286712086
2023-05-28,Saudi Arabia,0.36521293164379348
2021-04-21,Saudi Arabia,-1.2661514229737418
2024-04-27,USA,-1.3720329618250129
2024-02-13,USA,-0.58986430775046006
2021-01-11,UAE,0.26293277153822514
2022-08-04,UAE,1.3289503564411158
2025-10-09,Canada,0.2543733447307478
2021-10-11,Iraq,-1.944272375158693
2021-01-27,UAE,0.36607256018660056
2020-11-23,Canada,-0.34223959603378773
2025-05-22,Iraq,-1.1789767073368258
2021-03-13,Canada,-0.52663039208328433
2023-09-27,USA,-0.79432055614563157
2024-01-06,USA,-1.4285098156842766
2025-07-25,USA,-0.99997640937335908
2025-02-25,Iraq,-0.6639387294504856
2024-08-10,Saudi Arabia,-0.17159984419994412
2020-01-26,Iraq,-4.3279408557129679
2023-08-30,UAE,1.3542414292513945
2026-01-27,China,1.1097387603574158
2023-08-17,Russia,-1.7729859688865113
2022-05-24,USA,-1.086887472068071
2022-12-08,UAE,0.52997859519315471
2021-01-28,USA,-0.98603430949477266
2020-11-27,Canada,-0.56606435903068253
2020-10-03,Russia,-2.2001841222291465
2021-08-29,Russia,-1.4026930475743
2021-07-23,China,0.042560288948882544
2023-08-25,China,0.864118222119052
2020-10-10,USA,-1.5832613113460345
2025-04-26,Russia,-1.8468178789023055
2020-02-23,Iraq,-2.8639391106607843
2026-03-30,China,1.2080549339513424
2024-02-28,China,1.3298656401914555
2024-07-26,Saudi Arabia,0.47560461392965925
2024-04-26,UAE,1.0985417601444498
2020-02-11,Canada,-0.464688619507584
2024-11-07,Iraq,-1.1353964910028205
2023-12-04,USA,-0.71904057910735908
2025-12-25,Saudi Arabia,1.135936311069266
2022-06-08,Saudi Arabia,-0.10918454938183508
2022-11-15,Iraq,-2.6288015365923481
2025-11-13,Iraq,-1.3921930157465718
2024-03-04,Russia,-1.9261322573480475
2023-08-26,Saudi Arabia,1.0500508134395519
2023-06-03,Russia,-2.2096258383922915
2021-01-15,China,-0.25512997540460575
2020-12-07,Russia,-1.3705826444181928
2023-02-15,Iraq,0.14265055822513009
2023-07-10,Russia,-1.7405990146439736
2026-02-10,Russia,-1.9837618132643557
2025-12-04,China,1.2058301431198892
2022-05-07,UAE,0.80504217493925478
2024-08-24,China,1.5843112163057675
2021-05-05,Saudi Arabia,0.32304477706859225
2023-01-03,Iraq,-1.9289674326501851
2023-10-16,UAE,1.791210978297308
2026-01-03,UAE,0.027722862410292412
2020-07-12,China,-0.567429563351441
2020-11-06,USA,-1.3505267771700189
2021-01-23,Iraq,-3.5195824315510875
2022-12-17,Canada,0.33109783826775224
2020-03-19,Russia,-2.085167087786858
2026-03-04,Canada,0.095139285883173719
2024-03-12,Iraq,-1.5737846603263366
2020-06-20,USA,-1.7849808981078659
2024-11-25,Iraq,-1.9523384882433101
2021-03-01,UAE,-0.30782484611261751
2022-07-10,China,0.084861036096926745
2024-02-27,USA,-0.78065820253721085
2022-01-22,Russia,-1.789828409116959
2021-09-30,China,0.35462800242000053
2020-12-08,Saudi Arabia,0.24549329834767708
2021-08-30,China,0.51488532646601148
2023-02-14,China,0.97366740407744967
2024-09-02,Russia,-2.1675049226522565
2023-11-21,Iraq,-1.9883682973612009
2022-08-12,USA,-1.2226129673054147
2024-01-24,Canada,-0.53226771925854766
2022-12-16,UAE,2.5856323191148998
2022-11-17,Canada,-0.078766606400539868
2024-10-13,USA,-1.0550423312196591
2025-07-29,Saudi Arabia,0.30646797376640883
2023-12-18,China,0.85748308050243249
2022-07-03,China,0.55809281352617923
2022-04-22,China,0.31262975369584634
2021-08-01,Iraq,-2.2909561095463333
2024-04-30,Saudi Arabia,0.28070871344345211
2024-02-12,Russia,-1.9118057135928967
2026-04-14,Saudi Arabia,-0.8568353883927895
2021-10-19,USA,-0.8868101924304711
2025-10-05,Saudi Arabia,1.0709888572876527
2025-08-22,China,1.1500632635914987
2025-10-04,Canada,-0.18438900077793569
2020-06-17,Russia,-1.7254766753133259
2021-03-22,Russia,-1.4538906223889125
2024-05-26,China,1.6063733715608244
2020-10-31,Russia,-2.1655598630362975
2023-08-22,Canada,-0.49717672207364483
2021-04-19,China,0.73586887959436509
2024-02-18,Canada,-0.089245846994653433
2025-10-02,Saudi Arabia,1.0364269770838515
2024-04-04,Saudi Arabia,0.86354751244304606
2022-12-12,USA,-0.73572377303525749
2025-12-13,Saudi Arabia,0.46863953517382473
2022-03-22,USA,-1.0214489478204418
2025-03-11,UAE,1.3271448112088122
2024-10-26,Russia,-2.3482400947298849
2022-12-17,Saudi Arabia,0.56155688684902172
2025-05-22,UAE,1.9869395489365134
2024-01-12,Russia,-1.8021527114951592
2020-08-11,Saudi Arabia,-0.78668713374555732
2024-08-05,Iraq,-3.1215370419919219
2022-10-29,China,1.0762603885807178
2023-01-24,Iraq,-2.0316721619347717
2025-11-09,Iraq,-0.42400720718716006
2025-09-23,UAE,1.3463969825033097
2026-01-11,USA,-1.5691338100850571
2021-11-06,USA,-1.3108410565742061
2024-09-25,Iraq,-2.8512499860245795
2024-04-23,China,0.6134332317424025
2022-11-11,Saudi Arabia,0.30324678230664576
2025-08-03,Saudi Arabia,-1.3904270290861
2024-12-12,USA,-0.708867287517904
2021-10-06,Canada,-0.097538495461723662
2023-08-21,Russia,-1.8945761477145233
2020-04-13,Saudi Arabia,-1.7231072412015163
2024-11-24,Canada,-0.44193940147475913
2022-11-07,China,1.0015688720614648
2020-02-13,Russia,-1.624420445152972
2021-07-09,China,0.44106883431337168
2024-07-29,China,1.4906657892495634
2024-09-24,Iraq,-2.517248016926211
2022-10-16,Russia,-2.5081517919338721
2020-05-22,UAE,-0.3087453001224697
2023-07-27,China,1.0763037219103984
2025-08-07,USA,-0.89132412259908322
2025-02-25,Russia,-1.6591461346625016
2025-11-11,Iraq,-0.40511552667547396
2024-05-13,China,1.1186387474878259
2022-01-15,Canada,-0.79958007872015069
2024-07-20,Iraq,-1.8988849049131651
2025-04-08,Saudi Arabia,-0.098567952373528361
2022-03-09,UAE,1.9899204891509574
2025-01-11,Iraq,-1.4171695381863991
2025-03-31,USA,-0.9985852733886339
2020-12-03,USA,-0.971750445931635
2024-01-21,UAE,1.3996902198649406
2021-01-23,UAE,0.26236645123157726
2021-08-14,Saudi Arabia,0.22284691379549679
2020-08-17,Iraq,-2.5683447410553883
2024-05-22,China,1.1641439764382824
2023-08-27,Russia,-3.0550919666679355
2020-06-27,Iraq,-2.4014801262991883
2020-06-29,China,-0.52303561011831745
2022-02-08,Iraq,-2.2124859168069917
2025-04-24,Canada,-0.13870094125109789
2022-04-07,Canada,-0.027923468323586307
2024-04-26,USA,-1.0298979006364875
2024-07-14,Saudi Arabia,1.0974926691679534
2024-04-16,USA,-1.0680970623440196
2023-02-18,China,1.1435779124847565
2026-02-11,Iraq,-1.2450372769996818
2025-08-13,Russia,-1.9620068630081475
2024-06-12,Iraq,-1.5304230785429533
2024-06-17,UAE,0.88164691446613186
2022-05-06,USA,-1.0942832216567859
2021-03-20,Russia,-1.3518061552094773
2024-03-23,Russia,-6.6708409691689337
2022-09-13,China,0.8112786644693587
2021-02-22,Iraq,-2.3009928020554375
2021-05-10,Russia,-1.2049133247207371
2023-04-06,Iraq,-1.7000922313068221
2022-02-16,Iraq,-1.6324630729348113
2022-07-10,Canada,-0.99786604836126469
2025-09-19,China,1.3606772362792887
2020-09-23,Canada,-0.57825720385953228
2023-05-02,Canada,0.043265055236842542
2026-04-24,Canada,-0.16010088894193109
2024-09-04,Iraq,-2.0598539837809056
2024-06-13,USA,-0.665258407960914
2021-03-12,USA,-0.90546633489552342
2020-06-04,China,-0.31118980922474626
2020-03-18,UAE,-0.596408377652403
2021-11-17,Canada,-0.26423712756746087
2021-05-05,USA,-0.967150787263129
2026-03-14,UAE,-1.7411801162320579
2023-12-16,UAE,0.99863431322226082
2025-02-07,Canada,-0.45790762956402631
2021-09-17,China,0.662815423832902
2023-07-31,Canada,-0.17747376281258212
2020-04-25,Saudi Arabia,-3.2938947829235046
2023-11-19,Saudi Arabia,-0.092293243578979
2021-06-13,Saudi Arabia,-0.47160047644490161
2026-04-22,China,1.221009298216102
2026-02-18,Canada,0.20220696217720754
2025-05-30,Saudi Arabia,0.88906549680019042
2024-12-21,Russia,-2.5540253870817962
2022-07-19,UAE,1.1393419714657818
2025-08-02,UAE,-0.29766759935087983
2025-02-28,UAE,1.9086838589608195
2022-09-16,Saudi Arabia,1.1123664971213838
2022-09-11,Iraq,-2.2211803209698782
2023-08-27,Canada,-0.43710022257049297
2025-07-18,UAE,0.68257671745827087
2021-11-27,China,0.071394169445777186
2020-01-27,Russia,-1.6198645093162349
2022-07-11,Russia,-2.3471115732819419
2022-12-20,Russia,-1.5810497414941231
2024-11-18,Canada,0.060460262768552542
2024-07-22,UAE,0.08773706462557429
2022-09-08,China,0.71907231506126779
2022-08-05,Canada,-0.58039834491624687
2020-12-02,Russia,-1.183551428502811
2022-05-29,Saudi Arabia,0.58387877654725806
2021-04-11,UAE,0.35024920869126025
2023-07-23,China,1.1204021458602587
2022-07-29,China,1.1493507716174678
2021-08-18,Russia,-1.5095449571375514
2020-08-13,UAE,1.0306341455069028
2021-12-22,Russia,-1.3641947136945392
2020-01-24,Russia,-1.5409238112242163
2023-10-11,Canada,-0.5376632726205659
2023-06-11,Russia,-2.665758285322402
2022-01-11,USA,-0.9584011095700512
2024-09-28,USA,-1.4710648787160907
2020-11-07,USA,-1.2572379487981353
2022-10-22,China,1.6197091011203397
2021-11-11,UAE,1.740062355050437
2024-01-30,Canada,-0.50687925355797092
2024-07-01,USA,-0.719378736013618
2020-07-30,UAE,0.882699470015798
2026-02-17,USA,-0.8389173625432067
2026-02-20,USA,-0.86747432421999693
2024-01-12,Iraq,-2.8919952758654821
2023-07-08,Saudi Arabia,-0.46217504149300603
2020-10-26,UAE,-0.036440304010502717
2024-12-05,USA,-0.7804569186221636
2026-03-18,Russia,-2.0846104317613476
2021-10-30,USA,-1.2977352220873706
2025-04-02,Canada,-0.16966148615736926
2020-08-08,Russia,-2.5050560609986969
2024-09-22,Russia,-2.3346568668241585
2023-01-31,Iraq,-3.4172147959245165
2022-05-13,USA,-0.98654045507820953
2021-01-09,USA,-2.2552308055398704
2024-06-06,UAE,1.1893506618707419
2024-01-08,Iraq,-2.348726806467734
2020-08-18,Iraq,-2.0553986037312368
2021-10-09,Iraq,-2.6072617147880925
2022-07-09,Saudi Arabia,0.51339630068535724
2020-09-09,Iraq,-3.4908559296970032
2025-02-03,Canada,-1.140465152768382
2021-09-18,UAE,1.0315559364716651
2026-04-25,Iraq,-0.7833090329715231
2025-08-29,Russia,-1.7118788345663534
2024-01-28,Saudi Arabia,0.66989342848806888
2021-05-27,USA,-0.93136161259074191
2025-05-21,Iraq,-0.6303177091755171
2021-01-03,Russia,-1.4414901176762283
2020-08-14,USA,-1.2918174966944713
2023-01-02,Iraq,-1.6781863323520048
2024-11-27,Russia,-1.741885678551
2022-11-03,USA,-1.0030533282183853
2024-05-16,Russia,-1.6584101640358975
2020-01-28,USA,-1.4044775114588208
2023-06-17,Saudi Arabia,0.71741257741954789
2020-02-01,China,-2.0052926435184579
2023-03-17,Canada,-0.46399798137254361
2025-10-14,Iraq,-1.0870686210337488
2022-08-07,USA,-1.570523789998201
2025-06-14,Saudi Arabia,-1.1089379353461584
2023-02-19,USA,-0.9592595995093911
2025-08-23,China,0.75355367891442226
2021-04-03,Saudi Arabia,0.654655000757228
2021-09-07,Iraq,-2.9000083293614805
2021-09-10,China,0.6921238260510455
2022-07-21,USA,-1.0222628494624637
2022-05-05,Russia,-2.0825088333999475
2025-11-22,Russia,-1.8575989053887554
2023-06-01,Saudi Arabia,1.822259229952258
2022-11-05,Iraq,-1.4993112747499755
2023-06-22,USA,-0.692534298429712
2020-07-17,Saudi Arabia,-0.64103014569961625
2023-05-18,Iraq,-0.17046852304149079
2022-10-14,UAE,2.0333570331287114
2026-04-18,Saudi Arabia,0.32821921588583924
2024-04-17,UAE,-2.8971060157343085
2022-03-07,China,1.2582864678227168
2022-08-18,China,0.57303726096750873
2022-08-13,Russia,-2.359332223021485
2025-05-26,Canada,0.34492072259046114
2026-02-22,Saudi Arabia,0.23719123191220176
2023-10-25,USA,-1.0318152622904364
2024-10-15,China,1.3575328001255871
2024-05-26,USA,-0.83222800541030717
2021-02-28,Russia,-1.6010418219307039
2024-11-27,China,1.0971949634459812
2020-01-29,Canada,-0.99270470684055723
2025-04-19,China,1.1076245730606622
2022-12-23,Canada,-0.7598941915222901
2021-09-26,Russia,-0.79569265783519438
2022-03-02,Saudi Arabia,-0.55133533855400141
2026-02-03,Russia,-2.208031014342914
2020-05-15,Russia,-1.8093091472804916
2020-07-28,Canada,-0.6741786311699467
2021-03-12,Iraq,-2.1246807128857363
2023-04-28,Russia,-2.2584844910301789
2021-12-23,Russia,-1.2054512233009078
2022-10-28,China,0.91867304245104286
2022-02-01,USA,-0.98894013026746275
2023-03-27,China,-0.45429409985134728
2024-12-07,UAE,1.5962988064898271
2022-08-24,Saudi Arabia,0.35724543518618324
2024-11-12,Russia,-1.8748874751604487
2020-11-10,China,0.12185439620536229
2024-04-28,China,1.7637335779591874
2026-01-31,Iraq,-1.6229128195299702
2025-03-10,China,1.4679196949137758
2022-07-26,Saudi Arabia,1.0189252784247904
2024-10-13,Russia,-2.5292921226632794
2022-11-27,Saudi Arabia,0.060622946528605712
2024-06-03,UAE,0.84780902443333794
2021-07-24,UAE,-0.19479384330594676
2023-01-06,China,0.51700287042387871
2020-10-19,Saudi Arabia,-0.24367368062207023
2024-11-10,USA,-0.61918610925626161
2022-12-23,USA,-1.1720535771313711
2024-07-27,Canada,-0.49012263912628151
2024-11-19,Canada,0.080642196628312929
2020-07-13,Canada,-0.83085380569233258
2025-01-29,USA,-0.94973636873911382
2020-09-20,USA,-1.339775318231194
2024-12-16,Russia,-2.1194837936504793
2024-03-22,Iraq,-1.3125457121848716
2021-11-17,China,0.52712122159955532
2021-11-21,Canada,-0.95252831043714992
2020-04-07,USA,-1.5305075953095408
2024-11-26,Saudi Arabia,1.3346378744292617
2026-01-06,China,1.3089787369900463
2023-05-25,UAE,0.90218627241792571
2020-07-23,Canada,-0.83392116206035194
2020-07-23,Russia,-1.4792818158917891
2021-07-04,Saudi Arabia,-0.10272277768263942
2022-10-15,China,1.1400569509584608
2024-07-13,Canada,0.12199435078086925
2022-06-29,USA,-1.2569961445608087
2021-06-12,USA,-1.1862606764390846
2021-06-14,UAE,0.66233514097279889
2021-09-05,Iraq,-3.9388847926516757
2023-07-25,Iraq,-2.8925636586708681
2023-04-17,Canada,-0.34832211085399878
2020-06-13,USA,-2.0785977318314517
2026-02-21,Canada,-0.29831744867169468
2024-01-03,USA,-1.2232152056720462
2022-03-28,UAE,1.2212347522266918
2022-06-16,China,0.74259617103091513
2024-05-08,Russia,-1.5976040620490231
2022-09-02,USA,-0.97643978470265547
2021-11-06,China,0.387406482649795
2022-09-04,China,0.284224432668188
2023-12-03,China,1.0090986328342477
2024-04-18,Canada,-0.086919349129649187
2022-03-01,UAE,1.8812896159540464
2023-07-10,USA,-0.72560549816205611
2020-03-03,China,-1.507249812778668
2023-02-10,China,1.1953358324784342
2022-12-19,Canada,-0.85786565791575331
2025-08-08,Iraq,-1.3867241206602487
2024-12-17,Iraq,-1.5511065623837881
2025-11-17,China,1.1119130296306747
2020-04-19,UAE,0.017470918772023836
2025-09-30,Saudi Arabia,0.88772096971023329
2024-08-14,Saudi Arabia,0.685647275290356
2024-03-17,Iraq,-1.183145743913099
2022-11-02,China,0.911478790004997
2022-03-29,Iraq,-1.777137897470201
2022-01-17,Iraq,-1.9526173730865091
2022-04-05,Russia,-3.0248761281638843
2021-11-12,Russia,-1.8189640595428886
2022-05-28,USA,-1.5895312011462737
2021-10-15,USA,-1.0898770939870757
2023-02-23,Saudi Arabia,0.43064449331171051
2020-11-20,UAE,0.5369303769664493
2020-06-08,USA,-2.0852508779830856
2020-06-09,Iraq,-2.8152696454906616
2025-05-10,Russia,-0.57019953509812982
2023-11-01,UAE,1.0422570883233053
2025-08-02,Russia,-2.5297586937694767
2021-01-03,Iraq,-3.5621515827045012
2020-12-17,USA,-0.90246260037177728
2021-03-25,China,0.22345668810965474
2020-10-27,Russia,-1.85043906093054
2024-05-10,Iraq,-1.6819618960947262
2020-10-14,UAE,0.22067961097900904
2024-11-13,Canada,-0.34328320642628279
2025-09-02,Russia,-1.4892046401564165
2020-02-03,Iraq,-3.0012667372012034
2025-10-06,Russia,-2.3128754834855263
2024-09-20,UAE,1.5465168786272392
2020-03-05,USA,-1.2762752586730448
2024-04-22,Iraq,-0.98157658876922582
2024-06-26,China,1.3884944135414083
2022-08-16,UAE,1.0020717395861742
2022-01-07,USA,-1.2744412218846763
2023-03-22,Canada,0.0888310706961489
2023-06-09,USA,-1.1276267355343328
2021-11-21,China,0.43514450992295634
2026-03-23,China,1.2531172566549114
2024-03-02,USA,-0.81732577783348026
2021-03-08,Russia,-0.71016367832976846
2022-11-09,Saudi Arabia,0.87791068953603635
2021-09-22,UAE,1.5871161371674976
2023-05-18,UAE,1.8034003629530573
2022-06-13,Saudi Arabia,-0.11360715184516118
2022-09-07,Saudi Arabia,0.20247855303478507
2025-12-23,Saudi Arabia,0.63860134617804309
2021-06-15,Canada,-0.21911264681627368
2025-08-26,Iraq,-1.6489088858592815
2024-01-27,Canada,-1.3968599712059742
2024-01-19,China,1.1976735330003847
2025-05-15,China,1.1878596362809906
2021-06-06,Iraq,-3.0888241683193023
2025-11-07,China,1.5789417584005758
2022-02-16,Russia,-1.6786574255023816
2021-03-06,Canada,-0.500511623994271
2024-11-12,Canada,-0.40393550711969517
2021-11-09,Russia,-1.856939092012897
2022-10-11,Russia,-2.7067462096065844
2021-07-16,USA,-1.4421948654392271
2021-11-10,Saudi Arabia,0.18565754830740072
2020-12-01,China,0.12569035698110997
2022-12-07,Russia,-2.030808485859358
2024-04-02,Canada,-0.559550510745108
2021-12-05,Russia,-1.3859899018336019
2024-12-26,Russia,-2.7808685966113527
2020-03-28,USA,-1.8461932378737886
2024-12-18,Russia,-2.4516538031667934
2021-12-12,Canada,-0.56980297109308087
2024-08-28,USA,-0.9077017508704569
2024-08-06,Iraq,-3.3431691462437403
2023-12-27,Russia,-1.6071277459730657
2022-04-11,Iraq,-1.6221428205771742
2022-12-22,Iraq,-0.79458136781312283
2021-07-05,Russia,-1.5065044876306064
2021-04-24,Saudi Arabia,-0.81372066845788649
2024-11-03,Iraq,-1.3966192059589551
2021-01-26,Saudi Arabia,-0.31343916722838838
2021-06-26,Saudi Arabia,-0.12471399870207248
2025-12-08,Iraq,-1.0603472318119358
2024-10-14,Russia,-2.1867029550443631
2023-09-08,Saudi Arabia,0.0071518222391057859
2023-11-05,China,1.7019801800438101
2021-03-28,UAE,0.24565176887505258
2020-08-16,Saudi Arabia,-0.24767999123662818
2024-08-23,Canada,-0.6363633859754515
2025-02-16,China,1.3472712938948386
2023-03-24,USA,-0.94766973007414612
2022-07-13,USA,-0.9654361775351552
2024-02-11,UAE,-0.343638851572529
2023-03-12,USA,-0.98474859607695964
2021-01-14,Canada,-0.748729928912267
2023-07-19,Saudi Arabia,1.4335994389471329
2023-11-20,Iraq,-1.0389047516554639
2025-03-10,Saudi Arabia,0.88946239707257568
2020-08-23,China,0.592143164554561
2025-05-20,Saudi Arabia,0.88263734089211
2021-11-18,China,0.530780991743823
2023-10-04,Iraq,-2.455370848711131
2025-11-07,USA,-0.79741110992896136
2025-11-07,Iraq,-1.6351401211308898
2022-04-22,Russia,-2.3512073902688071
2022-04-25,Iraq,-1.1361436682339243
2021-07-02,USA,-1.2526576875231676
2024-07-22,Saudi Arabia,0.9635503262580154
2021-07-07,Canada,-0.29260957278333249
2021-04-28,UAE,0.557044861860848
2025-10-04,Russia,-2.7038239126314685
2022-05-30,China,0.72592946006831649
2023-05-03,Iraq,-0.93903457974849036
2025-03-02,Saudi Arabia,0.4309025620922825
2022-02-20,UAE,1.9355559547240011
2024-01-05,USA,-1.2404512480000733
2025-07-18,USA,-1.0473117650770278
2025-09-24,Russia,-2.1974516991969368
2025-01-23,Saudi Arabia,-0.0024238066523666058
2021-04-30,UAE,-0.36505378758841872
2021-07-14,UAE,1.6054763983808407
2025-10-07,USA,-0.78988359001237851
2024-02-07,Saudi Arabia,0.37163988535083886
2021-06-28,Saudi Arabia,0.065483327361736982
2023-02-28,Saudi Arabia,0.85821665214965237
2023-02-26,UAE,1.4951322489125034
2022-05-04,Russia,-2.4755185048869115
2021-03-29,Canada,-0.73653058541733529
2024-06-09,China,1.5355457671729327
2022-04-17,Saudi Arabia,-0.25355198991510386
2023-10-06,Russia,-2.0611815985570341
2025-11-04,Saudi Arabia,1.1613986277613064
2021-03-03,Canada,-0.59108876219786932
2023-05-27,UAE,0.75465225621062859
2022-12-21,USA,-0.841698939418952
2022-08-30,USA,-1.0568271551569466
2024-09-27,Canada,-0.34928120858419004
2024-09-10,Canada,-0.0440549246360883
2025-06-14,Iraq,-2.61675863379413
2021-09-02,Saudi Arabia,0.50647516659000313
2024-10-20,Saudi Arabia,0.51077226125129938
2023-07-21,UAE,1.284067587714246
2020-12-24,UAE,0.84909758484008124
2022-02-22,Canada,-0.94859801096915763
2021-12-12,UAE,2.2249227304298342
2020-10-28,USA,-1.3707048803926383
2020-10-29,USA,-1.3051561079279184
2020-09-04,USA,-1.5933449215180315
2021-05-19,UAE,-0.52545585808928874
2025-02-06,USA,-0.79369714353406928
2023-08-08,Russia,-2.3132738818890712
2020-07-11,UAE,-1.0473729905057483
2021-07-07,China,0.35951703514391264
2026-04-08,Saudi Arabia,-0.87140832191932038
2024-09-14,Russia,-2.1332368526707737
2023-07-17,Iraq,-1.15280930411797
2024-10-30,UAE,2.039062854703837
2022-06-09,Iraq,-3.0035246660599615
2022-07-27,UAE,-0.21007356884697598
2025-05-13,Russia,-1.6048895282779403
2024-12-03,Saudi Arabia,0.66259708904807113
2023-08-23,Canada,-0.37612873863647062
2025-07-17,Russia,-2.1911346675346337
2022-04-23,Canada,-0.37327855666430865
2025-11-09,Russia,-2.4554632445336484
2023-06-13,Russia,-2.243219037438521
2020-11-18,Iraq,-2.5616884431158238
2021-11-08,Canada,-0.38595846384890981
2022-12-05,Iraq,-2.375079742381053
2020-05-17,Canada,-1.2074806397791265
2025-03-06,China,1.4754768794761084
2020-12-12,USA,-1.2373138117674347
2021-12-14,Iraq,-1.8770409193299935
2025-07-24,Iraq,-1.4726450783316909
2021-10-08,Saudi Arabia,0.32940644979350192
2026-03-06,Russia,-1.9015786518002584
2022-09-13,Canada,-0.32341910317597772
2024-12-08,USA,-1.0655099208659249
2026-03-11,UAE,-2.2400252884296843
2024-11-17,USA,-0.72033024776462273
2025-09-14,Canada,0.042873312382926639
2025-09-01,Russia,-1.3643796584383403
2025-06-11,China,1.1466645901892971
2024-09-20,Russia,-1.8946616711011479
2024-02-09,Iraq,-2.7751801045364668
2020-08-05,Russia,-1.9842324054428806
2024-09-02,Saudi Arabia,0.94339012030095637
2021-09-13,UAE,0.43983853376717319
2024-01-14,UAE,0.091117288507203964
2023-06-27,USA,-0.91591920013418182
2024-10-10,Saudi Arabia,0.48437629105991764
2022-05-01,UAE,2.6436021089628232
2023-11-05,Canada,-0.65251096032401323
2023-11-07,Russia,-1.9948581650455675
2020-12-17,Russia,-1.1513390142695179
2024-03-09,Canada,-0.71964091074686509
2020-06-21,China,-0.099234074797964339
2020-01-20,Saudi Arabia,-0.74469428962709039
2021-04-19,USA,-1.3335582545577112
2020-07-16,Russia,-1.8911517374638103
2023-08-03,Russia,-2.4528747456461835
2024-02-29,Iraq,-1.2527073673895419
2020-04-29,Saudi Arabia,-0.69502379953497984
2022-06-27,UAE,1.89642266431644
2024-07-02,China,1.3919928978525724
2022-11-12,Russia,-1.8154093217587159
2021-08-18,Canada,-0.82107477388782213
2020-08-26,Iraq,-2.0136451357744543
2020-03-18,Iraq,-3.1177446177444352
2023-06-07,UAE,1.835198663643844
2021-11-26,UAE,1.3590818258292066
2021-07-03,Canada,-1.2343835925762261
2023-03-19,Canada,-0.59428019437332114
2024-07-11,Russia,-1.9893405834595952
2026-04-22,Russia,-1.8705618540595847
2024-04-24,UAE,1.2182695609784087
2021-04-02,Saudi Arabia,-0.06897147514486103
2021-04-05,Russia,-1.675860430698783
2026-02-04,Iraq,-0.94230702096421692
2020-07-31,UAE,1.0651322440053941
2024-06-28,USA,-1.2715079476144902
2024-10-29,China,1.2378393938098124
2024-06-12,Saudi Arabia,0.93976766180170546
2022-02-26,China,0.92586120768500757
2022-02-25,UAE,2.344375740897835
2020-08-27,USA,-1.8556793798556059
2020-09-18,China,0.13841993585198506
2023-10-05,UAE,1.3571346401047788
2024-02-25,Iraq,-0.74327425002596359
2022-12-29,Canada,-0.59510590807090313
2026-04-12,Russia,-1.3797253894802772
2021-04-11,Canada,-0.81828383866957044
2025-03-19,Canada,-0.16061361604705698
2020-01-15,China,0.30568593134342553
2024-06-13,Iraq,-1.7854008702055373
2023-10-20,USA,-1.3213670556520174
2024-10-10,China,1.3675602136863716
2024-08-16,Russia,-2.415963890415747
2023-04-29,UAE,1.4148902839114936
2026-03-18,UAE,-0.89575296094985646
2022-11-09,Iraq,-1.6024897405301621
2023-05-21,Canada,-0.11358574616858375
2024-02-29,Saudi Arabia,0.019437045877165104
2025-10-15,Saudi Arabia,-0.65271852375827089
2024-04-20,UAE,-0.70257253856100688
2021-04-02,Iraq,-2.1823716732575518
2025-08-25,Canada,-0.094081610419630993
2024-07-01,China,1.4590148494140229
2023-09-15,Iraq,-1.3046161224639103
2022-07-26,China,0.82756746625204858
2024-08-17,UAE,-0.54053769488172654
2025-12-17,Canada,0.10302939824603058
2024-08-21,Canada,-0.807888285806057
2021-11-19,Saudi Arabia,0.17403119801662745
2020-12-31,USA,-1.2869113356682587
2024-07-25,UAE,1.3562719032744637
2025-10-25,UAE,1.9726982538776088
2023-05-30,China,0.80607824626556213
2023-03-12,Russia,-2.3747433551460388
2022-08-09,USA,-1.0788092622102736
2021-09-03,UAE,0.84820065996395777
2021-04-05,USA,-1.1445286308158391
2021-09-07,USA,-1.1322198611552956
2022-08-16,Canada,-0.44164501397541361
2024-06-21,UAE,1.186135161464787
2022-02-26,Saudi Arabia,0.13923358274954972
2022-05-10,China,0.14615942233207455
2021-06-04,USA,-1.0555766837223963
2024-12-12,China,1.2936938257017117
2025-09-28,Russia,-2.73485416625518
2025-02-08,China,1.3063723016943314
2022-10-08,Iraq,-2.7047802151464131
2020-07-16,Canada,-0.65759972242412434
2023-03-16,Canada,-0.14660829240489848
2020-05-19,China,-0.34978345670329675
2025-05-26,USA,-0.84901225722278362
2021-12-07,Saudi Arabia,0.057370212391045311
2023-10-26,Iraq,-2.9560854937096046
2023-10-20,Canada,-0.60760240919656217
2020-01-08,Russia,-1.6440033137869152
2022-02-20,Iraq,-1.3417082974123737
2023-09-29,Saudi Arabia,-0.012340886829603982
2022-04-10,Canada,0.31904509813656112
2024-03-18,Russia,-1.5526301321631037
2025-11-01,UAE,0.5151682076802071
2025-02-02,Canada,-1.0748505827856185
2025-07-04,USA,-0.86301124672759055
2023-05-28,UAE,1.9750684202563678
2020-11-11,Canada,-0.48574871710751166
2024-04-28,Saudi Arabia,0.25700441358791865
2021-07-18,Iraq,-2.5663931979204069
2024-09-11,Iraq,-2.0329341265027683
2024-07-08,Iraq,-1.81766471197485
2026-04-23,Russia,-1.7965269468057197
2021-06-02,Russia,-1.1081551221447798
2025-11-27,China,0.8009343853237767
2022-09-16,USA,-0.90016037633607027
2023-08-02,Canada,0.029111962166108105
2020-09-30,Canada,-0.59184404606980645
2024-09-29,Saudi Arabia,0.11300583444540442
2020-09-23,USA,-1.2261990196469783
2025-10-19,USA,-1.3447205833183342
2020-02-07,USA,-1.2400999988655494
2023-11-26,Canada,-0.39236550929863423
2020-11-27,Saudi Arabia,-0.54800054815515065
2024-08-17,USA,-1.1030320372880806
2022-11-29,Saudi Arabia,-0.012905568642165889
2020-04-02,Canada,-1.0632549847581831
2024-11-24,China,1.3385070469649585
2022-02-06,Iraq,-0.93966086522577641
2025-04-23,Canada,-0.098384985290262641
2020-10-16,Russia,-2.1056649899535587
2022-08-29,USA,-0.71982787019048067
2022-05-20,China,0.63718711067386258
2025-01-13,UAE,2.5079429860986351
2026-04-29,USA,-1.167639818387092
2020-12-22,Saudi Arabia,-0.49374634429335679
2020-08-21,China,0.465174859905758
2021-03-10,Canada,-0.3371877151496559
2021-11-17,UAE,1.9903671642324556
2022-09-10,UAE,1.3464325230552581
2020-04-17,China,-1.282941553641096
2020-10-30,Canada,-0.15642216698590988
2022-10-26,UAE,1.5113500092485186
2023-01-04,Canada,-0.28192144153780391
2026-03-20,UAE,-1.4167304723146956
2022-04-25,USA,-0.86512529343200018
2025-02-05,China,1.2308079023388072
2021-05-20,Russia,-1.1920839925998268
2022-12-24,USA,-1.5645591423380691
2023-08-02,USA,-1.3810892468396918
2021-04-24,Iraq,-2.5711076084692159
2023-12-04,Canada,-0.31893312661093171
2026-04-13,USA,-1.4754975520868352
2020-05-28,Russia,-1.76225377750699
2022-03-09,China,0.96328504470722209
2024-04-23,Iraq,-1.8058732123622481
2022-05-29,UAE,1.7185450055734377
2022-08-11,China,0.28779884934546884
2020-02-29,Saudi Arabia,-2.1167958607761594
2021-06-30,China,0.81001980221794456
2023-01-27,Canada,-0.13122374253561558
2024-10-12,Saudi Arabia,0.3088819410118811
2025-08-04,Iraq,-1.5710301800235478
2024-12-13,UAE,2.0606718257910126
2021-08-24,UAE,1.1943451890244079
2022-11-04,Canada,-0.26799169958166741
2023-01-22,Saudi Arabia,0.37486210670330622
2025-07-05,Russia,-2.5346106398932777
2020-07-11,Saudi Arabia,-1.3951352054287198
2025-10-28,Canada,0.28398958426434684
2022-06-20,Canada,-0.33099785214950012
2023-12-09,Canada,-0.68007363308342916
2021-01-10,Saudi Arabia,0.2419118199831346
2021-01-13,UAE,0.98881380402427432
2025-01-14,USA,-1.0796152021406091
2020-03-06,Russia,-1.6952786175642776
2026-02-03,Iraq,-0.71227883638251266
2024-04-08,Canada,-0.074802169581839009
2023-02-26,Iraq,-1.7347075173069271
2023-04-17,Saudi Arabia,0.031637352282743988
2021-11-19,Canada,-0.17412642846732129
2020-10-31,USA,-1.2684349515250901
2023-10-10,Russia,-2.2970959217711049
2024-11-15,China,1.7518095083869942
2022-01-11,Saudi Arabia,0.1998794061997736
2023-12-15,Saudi Arabia,-0.068319058148066034
2025-01-28,Saudi Arabia,1.1632886884761888
2024-07-12,Saudi Arabia,0.30550348020100021
2020-12-03,China,-0.059193434444062575
2022-03-04,Russia,-2.901800736013719
2021-09-05,Canada,-0.66304636859830446
2025-10-03,USA,-1.1000124455174509
2021-01-31,China,-0.30160727878074556
2024-10-03,Iraq,-2.4068806992877176
2021-08-19,USA,-1.3645559600834891
2023-09-22,Saudi Arabia,1.3236645539830882
2024-10-02,China,1.1958652506365877
2020-09-06,USA,-1.8032891211521189
2022-01-10,Canada,-0.905926924621326
2020-07-07,UAE,-0.25992331604723118
2022-08-04,China,0.036261196584565392
2025-01-14,Iraq,-1.4909000256421847
2022-03-09,Canada,0.2256725534090859
2024-02-04,Russia,-2.5298569868021112
2020-11-26,USA,-0.91583241678745919
2020-12-23,Iraq,-3.461334717143338
2021-12-04,Canada,-0.99260612206429022
2020-01-15,Iraq,-2.8999625244995211
2022-07-28,China,0.87385114528962915
2025-12-03,USA,-0.87862886209021318
2023-12-21,UAE,1.808036229395898
2026-03-27,Canada,0.25804250427520375
2022-10-04,USA,-1.0619040561042332
2024-05-04,Russia,-2.2731501021227616
2022-10-01,China,1.3655505336803757
2022-10-01,Saudi Arabia,1.0699843093152204
2021-02-08,USA,-0.74120860983936909
2024-09-29,USA,-1.28611715351163
2020-11-02,Saudi Arabia,-0.15587792826134034
2023-08-19,Russia,-2.5552977067594038
2022-04-08,Saudi Arabia,0.14521068175275723
2022-03-11,UAE,1.7257458535769876
2023-07-10,China,0.38195844059996342
2025-12-12,Canada,0.15435174985598496
2024-01-28,Iraq,-4.3155170829413043
2025-03-11,Canada,-0.63929109108102855
2022-03-24,China,0.21501149911923056
2023-09-10,Saudi Arabia,0.77149410704262433
2023-07-09,UAE,1.5949897467853664
2025-02-23,Canada,-0.14668987800501923
2023-06-14,UAE,1.9536252569050259
2020-02-25,Iraq,-3.7750436906310134
2025-10-24,UAE,1.6943759359360888
2021-02-12,Russia,-1.7747389947451719
2021-12-03,UAE,1.7156937074993364
2024-08-18,UAE,0.846283895871357
2022-11-22,Russia,-1.9576672332926013
2021-10-07,Saudi Arabia,-0.22186135993488321
2023-10-07,USA,-1.2373639950283126
2025-02-20,USA,-0.84367819106002018
2024-11-16,China,1.197873287245601
2020-11-15,Iraq,-2.124447228474315
2026-03-30,Saudi Arabia,-1.5039309513309769
2022-01-10,Saudi Arabia,0.14057149281785555
2026-01-21,Canada,-0.099794931639474727
2024-09-26,Russia,-1.8899381684563104
2021-04-30,Russia,-1.6960523763907922
2024-07-10,China,1.0677526160031963
2020-03-04,Russia,-1.7512039169054396
2022-01-07,Russia,-2.0029078258486539
2024-01-15,USA,-0.75425528983037
2021-08-12,UAE,0.54711069620485575
2023-06-28,Canada,-0.23747311370341528
2024-10-11,China,1.3213284662002651
2023-07-04,Saudi Arabia,-0.0757210664752366
2021-08-26,Russia,-1.5185269202638008
2024-08-22,China,1.2824120565917769
2021-07-23,USA,-1.1621576358857522
2024-05-31,USA,-1.743150822420986
2022-07-06,Saudi Arabia,0.26195558731220964
2020-10-12,UAE,0.1750055135455667
2021-08-08,USA,-1.1463507691979402
2023-05-26,Canada,0.062841996188364224
2021-07-03,Russia,-1.4138504166043797
2021-09-21,Russia,-1.6734518991057414
2022-12-28,UAE,2.010005140480938
2024-11-04,Iraq,-2.5669109393748837
2020-12-04,China,0.40352382354798588
2025-12-12,China,1.0789730773259349
2023-07-29,UAE,1.1270076776395836
2021-10-29,UAE,1.4493727280529132
2020-01-13,China,0.32059593470852171
2024-05-27,Saudi Arabia,0.46548418067986486
2023-08-26,Canada,-0.83433509611094769
2024-11-11,Iraq,-1.1331451433109558
2023-03-07,Iraq,-2.0196823405089996
2020-11-11,Iraq,-2.2636720796005694
2021-09-29,Iraq,-1.7677309411001525
2025-10-11,Canada,0.062223591557760777
2020-04-23,Canada,-1.1951657563416762
2023-09-30,Iraq,-1.7101347051274807
2022-12-10,Russia,-1.8265974939001242
2022-03-22,UAE,1.7533929073601642
2022-03-25,China,0.38171418184149347
2020-12-27,USA,-1.6026604487804499
2025-08-04,Saudi Arabia,-0.25067419501659238
2024-03-30,Saudi Arabia,0.87891373544957874
2024-08-17,Saudi Arabia,1.0467929249082908
2024-12-14,Saudi Arabia,0.12717490345197163
2024-01-06,Canada,-0.69063665246570649
2024-08-29,Iraq,-1.681798889717707
2025-11-15,UAE,1.0866413441580498
2024-05-30,China,0.89588285417809055
2020-01-23,Russia,-1.5553752353005559
2022-07-05,Russia,-1.8976562083691071
2021-07-01,Iraq,-2.2577828659658423
2023-03-15,Saudi Arabia,0.51961607073233373
2020-11-28,Canada,-0.52777133816268051
2022-08-22,Saudi Arabia,0.051437286228331221
2025-05-30,USA,-0.95222321698140833
2022-07-29,Canada,-0.62012440430855365
2022-05-07,Iraq,-3.1540326668683187
2024-12-16,China,1.3470285934462256
2021-10-01,Canada,-0.0751825229496754
2022-04-15,USA,-1.2061147898044742
2023-10-06,UAE,0.99865955002415219
2023-12-17,Saudi Arabia,0.47185716555916035
2023-01-05,China,0.20567701156227466
2022-02-13,Russia,-1.7167625757619986
2025-04-16,USA,-1.0507419629706145
2022-01-24,Canada,-0.17052627643480348
2022-08-05,UAE,1.4245787309288327
2025-10-02,Iraq,-1.0221433411023457
2021-09-06,China,0.51884801915872447
2024-06-26,USA,-0.99787777159120117
2026-02-27,UAE,1.5900031689077767
2021-08-18,UAE,0.20089216587670014
2024-08-16,USA,-0.95568057232505954
2024-11-25,UAE,0.067495821480205276
2023-06-14,Russia,-2.0778792841927967
2022-12-24,Saudi Arabia,0.0074310855539783671
2025-09-15,UAE,0.8305723150804406
2023-07-31,USA,-0.62750630566157839
2026-01-29,UAE,2.207533292295075
2024-02-15,Saudi Arabia,0.7685780731359072
2024-11-07,USA,-0.30387772646480793
2020-09-24,Russia,-1.311213015673558
2020-04-21,UAE,-0.15490305666467868
2020-04-21,Saudi Arabia,-1.8625745719524232
2023-05-01,Iraq,-2.9696496816246447
2026-04-21,Saudi Arabia,0.37299203667821634
2024-04-09,Canada,-0.22689322708598919
2020-07-27,UAE,0.585179443816678
2021-09-11,Iraq,-2.7566579290812738
2026-02-24,Saudi Arabia,0.83826603685847134
2024-12-29,Canada,-1.010003647239432
2021-05-31,Saudi Arabia,0.145740637692853
2025-05-10,Canada,-0.77701399648085723
2020-12-16,USA,-0.84111411092491273
2022-11-30,USA,-0.83948552311476077
2025-02-26,China,0.96168341038988059
2020-03-17,UAE,-0.88031065552544674
2021-02-21,USA,-1.6016795685584153
2022-10-27,Iraq,-1.1088344654010531
2021-05-19,Iraq,-1.827497296590652
2022-04-23,Iraq,-1.656847767576072
2024-02-27,Russia,-2.2080482839787212
2021-09-28,Canada,-0.20414664825539827
2025-10-28,UAE,2.144072265929541
2024-09-26,Canada,-0.28179397917798632
2024-02-10,Iraq,-2.5268679725296788
2020-09-20,Saudi Arabia,-1.0477932690540337
2022-08-10,USA,-1.1063091644299141
2025-12-11,Canada,0.21622596348006143
2022-11-18,UAE,1.6311681468475672
2021-12-16,Canada,-0.12214611268068327
2021-01-04,China,-0.034910283040322114
2022-06-30,USA,-1.0590374853152851
2024-05-11,Saudi Arabia,0.81209385324190464
2025-04-05,China,0.44449933504696626
2025-10-16,Saudi Arabia,0.53362458880899954
2022-11-16,Iraq,-1.5589260203830568
2020-03-25,USA,-1.52583683313323
2025-05-01,China,1.187181653762845
2021-11-20,China,0.033329298422998657
2025-11-10,USA,-0.6384476610464459
2025-02-12,Saudi Arabia,0.94471900110760465
2023-12-17,China,1.3134321804018576
2026-01-07,Saudi Arabia,-0.069952057893649028
2025-04-28,China,1.3585310469853475
2020-02-13,USA,-0.98662924592845636
2021-02-06,Saudi Arabia,-1.1647178371951359
2022-04-03,USA,-1.2561998890089514
2023-12-13,China,1.4436820660521781
2023-12-15,UAE,0.55280227564127371
2021-12-26,China,0.45415203155488765
2025-08-29,Saudi Arabia,-0.21594032967348165
2024-01-29,UAE,2.4424695383998269
2025-01-02,Russia,-2.3906690177964069
2021-09-10,Russia,-1.0477318535899049
2020-06-14,Saudi Arabia,-1.2651468037884934
2020-06-05,China,0.067794808661870654
2021-05-30,UAE,1.0536281726126768
2020-03-23,China,-1.3228212521652909
2022-05-05,Saudi Arabia,0.031214266057169843
2025-02-27,Iraq,-1.2322369025006574
2025-02-22,USA,-1.0809276649954478
2024-08-15,USA,-0.96681737759350339
2020-10-28,Saudi Arabia,-0.10401249183576194
2025-04-19,Canada,-0.55841365358030615
2026-01-13,China,0.875108842192284
2024-07-28,Iraq,-1.7630718369192375
2021-02-09,China,-0.070934279178371085
2020-11-11,Russia,-1.2660566732388248
2024-07-10,UAE,-1.2751136000754453
2022-05-24,Russia,-2.4265997751379542
2025-10-06,China,0.72245935899257185
2021-08-31,Iraq,-1.9393825029776024
2025-06-05,Russia,-2.0249549877824879
2021-01-25,Saudi Arabia,-0.10957043582576451
2025-03-18,USA,-1.0984767328361169
2025-12-06,UAE,1.2573557431935134
2021-08-12,Russia,-1.902330070227723
2023-06-26,Russia,-2.6586319324408625
2024-03-30,UAE,-0.14425000364928284
2020-12-16,Iraq,-2.37936285290091
2024-06-06,China,1.4506059656879813
2021-03-26,UAE,-1.0294292518220294
2022-07-30,UAE,-0.13739573548191292
2023-03-20,Russia,-1.508851846740151
2022-11-01,Canada,-0.32705110107974711
2022-09-23,Canada,-0.85882227232812991
2026-01-20,Iraq,-2.4492833606418589
2020-04-23,Iraq,-2.0296065423620337
2024-02-08,Russia,-1.8710734781107006
2025-06-12,UAE,0.17135355194043544
2021-01-26,Russia,-1.5464294862007195
2021-01-28,Canada,-0.67640059233934136
2025-03-15,UAE,0.016601182450212415
2020-11-26,Iraq,-2.6075863364226395
2023-04-18,UAE,0.55263820493041893
2022-11-19,Russia,-2.2998983225818295
2020-06-16,USA,-1.5312918912657945
2021-06-01,Iraq,-2.6108539036385046
2021-12-19,China,-0.11972970574310073
2021-01-06,Saudi Arabia,0.52616977118140229
2022-04-18,Russia,-2.716631598842421
2024-06-09,Saudi Arabia,0.20279840670811605
2025-07-20,Iraq,-1.8151508366012643
2025-02-18,Canada,-0.77220342963174671
2021-08-02,Canada,-0.54953438804224108
2022-10-04,Russia,-1.8536370169831689
2022-10-09,China,1.1899649308298832
2020-07-14,UAE,0.19710148006808384
2026-04-06,Saudi Arabia,-0.91738047359328245
2025-09-04,UAE,0.78342980532236373
2026-01-23,Saudi Arabia,1.0125570724672195
2023-08-16,USA,-1.0931782360822184
2023-07-27,Russia,-1.8018754149923939
2025-08-08,Saudi Arabia,-0.39538647811318728
2023-06-27,UAE,1.1477667603907424
2023-09-08,Iraq,-1.722463914143503
2024-01-04,Iraq,-5.679860027358818
2023-07-03,Russia,-2.2396105030860332
2021-07-22,Iraq,-2.4046349851464024
2020-10-22,UAE,0.82105285014643248
2025-09-30,China,1.430215283491262
2023-12-16,Saudi Arabia,0.33018481758148266
2022-11-04,Russia,-1.9318456712154388
2025-11-06,Iraq,-0.92324464658517835
2022-04-29,Saudi Arabia,0.42700010384089415
2020-09-07,Iraq,-3.3743639723432741
2026-03-24,China,1.2228563155873455
2022-08-26,Canada,-0.036272455549259168
2023-03-14,China,1.0479583245680504
2025-01-10,Russia,-2.1259252972888154
2021-09-09,Saudi Arabia,0.038771494500184488
2024-09-05,Iraq,-0.3013850016948299
2024-10-20,Canada,-0.44262798594286612
2024-01-24,UAE,1.4617407955769577
2021-01-30,China,-0.45233435965431817
2023-07-22,Saudi Arabia,-0.70535054335608571
2021-08-17,Saudi Arabia,0.17682587090281138
2024-03-22,Canada,-0.54688588191681275
2020-03-19,USA,-1.6143854385594691
2020-08-15,USA,-1.4854993339950775
2021-12-23,UAE,1.6422178711789643
2024-05-23,Russia,-2.1722589175143305
2024-05-29,Saudi Arabia,0.14121405884936541
2020-01-22,Canada,-0.44359455715310409
2022-04-24,UAE,1.7600816437746933
2026-01-08,Russia,-2.0634969486413755
2024-05-05,USA,-1.0364633393424731
2022-08-26,Russia,-2.0120719373763589
2020-02-15,Saudi Arabia,-1.450642422123128
2022-06-15,Canada,-0.19481073192237466
2022-04-03,China,-0.46605770904706117
2024-11-04,Saudi Arabia,0.89381802380455821
2021-12-25,USA,-0.8675283562445022
2023-07-30,Russia,-3.3293579438476275
2025-12-13,UAE,1.2762557899744413
2023-05-14,UAE,1.8199847932586528
2024-04-09,Saudi Arabia,0.94558267755842207
2024-01-14,Iraq,-3.1768960446584318
2021-12-09,Russia,-1.2272211651838327
2024-01-16,Iraq,-4.4402205736800564
2021-06-01,Canada,-0.45465750200384158
2020-08-19,UAE,-0.21028145037862864
2023-10-31,China,1.1594349257066763
2023-06-22,UAE,2.2229793083525102
2022-12-23,Saudi Arabia,0.39813976046248267
2020-11-03,UAE,1.6230580449136782
2026-04-12,Saudi Arabia,-0.33881941474975719
2022-08-07,UAE,0.76025983421903409
2025-01-15,USA,-0.85823439376497712
2022-08-20,Iraq,-2.2339031105649121
2021-10-21,China,0.25834723595413289
2024-06-29,UAE,-0.43163337154688247
2024-10-23,Canada,-0.45844281752958321
2026-02-22,UAE,1.0239400423448743
2023-10-26,Saudi Arabia,-0.51429821829615541
2021-08-11,USA,-1.1599437003865907
2020-03-29,Canada,-1.3381562767950168
2024-12-19,UAE,0.956397234777334
2021-02-26,China,0.36966910262693015
2024-11-28,Canada,-0.29875947892574467
2022-09-24,UAE,0.82067352899933732
2022-04-23,Russia,-2.537144646532036
2025-11-08,Iraq,-0.80981948533505266
2020-06-26,China,-0.66252635812286831
2022-02-15,UAE,2.0194768980792728
2021-07-05,Canada,-0.537145556590166
2022-10-21,China,1.4507248448051446
2021-01-29,Saudi Arabia,-0.011075811115711848
2020-03-27,Canada,-0.942630210996242
2025-03-02,Iraq,-0.90925974136660748
2021-12-15,Iraq,-2.0258757866332835
2025-07-29,Canada,-0.14376968779574406
2020-06-30,USA,-1.2477333988108898
2023-01-02,Canada,-0.796264132702886
2020-04-03,Canada,-0.99062780173674214
2022-02-08,Saudi Arabia,0.80894605706462419
2023-12-01,Canada,-0.533645803162938
2020-02-21,Canada,-0.929888112955894
2020-09-30,Russia,-2.0828324136317846
2024-02-26,Iraq,-0.98381987446699
2024-11-21,China,1.6448771159144435
2020-11-11,UAE,1.078794483306875
2025-10-26,Iraq,-1.6488059032457421
2026-01-30,Saudi Arabia,0.45781456064476417
2025-03-27,Saudi Arabia,0.47834106900353723
2025-01-05,UAE,1.5301562824473651
2021-01-27,China,-0.16843892100060456
2023-10-20,Russia,-1.8893005073469116
2021-08-10,UAE,0.16770323924638689
2024-10-12,China,1.6200591793755259
2024-01-03,Russia,-2.8028512824577114
2023-12-31,USA,-1.0865642290099531
2022-04-25,Saudi Arabia,0.27055324279683657
2023-09-04,Canada,-0.29816491073211809
2025-04-24,Russia,-2.3832327446193711
2024-11-16,Canada,-0.17982675980439444
2020-02-09,UAE,1.9375550999519531
2024-04-17,Iraq,-2.3570475260431865
2022-03-20,Canada,-0.40997593325650694
2023-10-21,Canada,-0.64235821166529838
2023-09-10,Canada,-0.18783536102436305
2024-08-27,Iraq,-1.7656934637436392
2020-09-06,Saudi Arabia,-1.1249577231945231
2022-12-01,Saudi Arabia,0.86059008092870737
2025-08-24,USA,-1.1562128363758022
2025-05-30,Iraq,-1.2264511597798764
2021-12-01,Canada,-0.45322754428057171
2022-11-13,UAE,1.1660401125269817
2020-01-18,China,0.64441199808452365
2023-04-29,Iraq,-0.38368861738402893
2024-12-16,USA,-0.77540742994719714
2021-03-24,Saudi Arabia,-0.2406267816105713
2021-06-09,UAE,0.86747113987684776
2021-08-21,China,0.156423014159438
2020-08-15,Iraq,-2.0461354821358144
2021-02-27,Russia,-1.6934131493293221
2020-01-26,Saudi Arabia,-0.20924176131325656
2022-07-13,Iraq,-1.4453866602518284
2024-03-03,UAE,0.72147007216763337
2021-08-01,China,0.17402091865835551
2021-05-24,Russia,-1.747156917618276
2020-11-19,USA,-1.1300119898108889
2025-09-12,Saudi Arabia,0.47687997478360222
2021-10-30,Iraq,-2.7622816415088156
2021-02-13,China,0.13988958978273125
2024-11-06,China,1.7426735851972437
2025-03-27,China,1.1935575110940491
2022-12-09,UAE,1.803287490870684
2023-11-23,China,0.55854951424111943
2022-08-11,Iraq,-2.396417819738268
2022-03-25,Iraq,-0.99234193009808713
2021-10-23,UAE,1.2989664977509068
2023-04-14,Saudi Arabia,-0.35636911653328845
2021-05-16,Canada,-1.0256672356276966
2023-10-17,UAE,1.3277870516959267
2024-05-19,USA,-0.89855024831309738
2021-08-08,Canada,-0.52163619465054323
2024-02-29,Russia,-1.9142663672820295
2021-09-23,UAE,1.7532937574280565
2025-10-29,USA,-0.88036479063558015
2020-11-07,Saudi Arabia,-0.20740472847258346
2023-08-10,UAE,1.2895783337171336
2020-07-07,Russia,-2.0438369567083532
2022-05-22,China,0.49257471193237284
2025-08-28,Russia,-2.3126807405043213
2020-07-26,Iraq,-2.655109580640842
2022-11-12,China,0.94609638634656135
2024-10-13,UAE,1.1490079757913647
2021-08-21,Saudi Arabia,0.793040384685788
2022-04-18,Canada,-0.025798229322777019
2023-12-01,Saudi Arabia,0.70265445038093644
2024-07-27,Russia,-2.3224976717218468
2021-02-05,Canada,-0.80890522943156462
2025-12-26,USA,-0.943801693370325
2025-01-11,Canada,-0.14563875412641286
2023-07-14,Russia,-1.7158483049021043
2022-12-02,Saudi Arabia,0.8690560790097932
2024-09-06,Russia,-1.8471273770505461
2024-06-20,UAE,1.2533735538870954
2023-09-16,Russia,-2.0139314742017214
2021-08-14,Russia,-2.3620323180317588
2023-09-27,Saudi Arabia,1.0045645169290818
2025-07-26,USA,-1.0127474005033814
2021-12-23,USA,-1.2166072559384635
2020-10-23,Saudi Arabia,-1.018386412959112
2022-11-01,USA,-0.90488894064709735
2026-03-22,Iraq,-3.525459647230611
2021-08-02,China,-0.27233749261362117
2025-10-27,China,1.3976086784572614
2020-02-07,Saudi Arabia,-1.0584174944077649
2024-09-12,Russia,-1.9868498633944127
2021-01-10,China,-0.681608709831037
2020-08-07,Russia,-1.8751650820896368
2026-04-25,Canada,-0.1102012908460237
2021-09-12,Canada,-0.78569153573323813
2020-03-23,UAE,-1.5777125835945489
2024-10-14,China,0.80063907630665321
2023-06-25,Iraq,-0.74687151263880036
2024-03-20,Russia,-1.8224283005339139
2022-09-17,UAE,0.98622026730306234
2025-11-14,UAE,0.258608596449001
2024-03-13,Russia,-2.370687366623184
2020-04-07,Saudi Arabia,-2.1859359080917091
2024-07-31,USA,-0.88866671429394772
2025-02-02,UAE,1.8085449877716613
2020-02-10,Russia,-1.8304118848000466
2020-03-07,UAE,-1.8040029017910715
2021-10-21,Russia,-1.4045552906020555
2025-08-12,Russia,-2.1225544338005604
2022-11-19,China,1.2377276047277108
2025-12-03,Canada,0.20506013002967438
2022-05-03,Canada,0.098831278441425252
2022-11-20,Iraq,-3.1407440172624681
2025-07-27,Canada,-0.066402350175243027
2021-11-22,UAE,1.8516594653365572
2023-10-10,USA,-1.0238191214773258
2020-11-12,Saudi Arabia,-1.0840118175070037
2023-08-13,China,0.050656899555112773
2020-02-01,UAE,1.1932044496437011
2021-11-12,China,0.67290968763143477
2026-02-26,UAE,1.6153775560363361
2025-03-07,UAE,0.58040293592420544
2023-10-07,Russia,-2.3302990696322965
2022-02-19,China,0.30533453083410306
2025-09-23,Saudi Arabia,1.1113664481765939
2020-11-02,UAE,0.99067699127380493
2025-09-07,Saudi Arabia,0.057806706901717256
2026-04-10,Iraq,-1.961166875401398
2025-08-23,Iraq,-0.53693639569156226
2025-05-25,China,1.5969945352402382
2020-01-17,Russia,-1.1307358244194303
2021-02-20,Saudi Arabia,-0.068899014977279183
2022-04-27,Canada,-0.016520538947924227
2021-08-08,Russia,-1.8817685940898419
2021-08-08,Iraq,-2.6430848273631122
2022-08-29,Russia,-2.0202144928403758
2024-11-18,Saudi Arabia,0.733050601227974
2022-10-19,USA,-0.93752792840645482
2020-07-08,Russia,-1.5086503518408563
2021-01-15,Saudi Arabia,-0.95952335144540757
2022-08-10,Saudi Arabia,0.37301033476458034
2022-03-13,Russia,-3.0228038807085129
2025-08-18,UAE,0.97683247109576454
2021-05-27,Russia,-1.5036186457120044
2022-07-21,Canada,-0.11790046628284777
2020-06-01,Russia,-1.1441271438685874
2021-11-17,USA,-0.90197199307012488
2020-10-21,Canada,-0.55547656871585271
2022-07-13,China,0.50096353667791194
2020-06-19,Russia,-1.5247376978848244
2021-08-03,Saudi Arabia,-0.437532312669131
2023-06-15,Iraq,-0.25091014883926432
2023-03-16,Saudi Arabia,0.51839274023870874
2023-08-17,Saudi Arabia,0.7816140400947007
2021-02-14,China,0.4241715626839585
2020-09-21,Russia,-1.6007358628825366
2026-04-16,Canada,-0.23215725073343849
2025-10-15,UAE,1.8826742170247233
2023-09-30,China,1.5545760454527211
2023-05-11,Iraq,-0.96723427782369731
2025-12-02,Saudi Arabia,1.3487845867510411
2023-04-24,USA,-0.83106378415423221
2024-05-21,Russia,-2.1508591563806241
2024-08-13,UAE,1.1167607338585821
2024-11-29,Russia,-2.2929263662335457
2026-01-19,Iraq,-1.737462700258658
2023-05-22,Saudi Arabia,0.40587536425072307
2022-08-23,Saudi Arabia,0.0638327873299625
2022-05-25,UAE,1.1591195693523262
2024-04-08,Saudi Arabia,1.3386427696295098
2023-05-05,USA,-0.818468973675236
2020-11-22,Iraq,-2.68903253018988
2020-06-03,China,0.0246119318180401
2022-02-22,Russia,-1.9634855570091176
2021-08-17,Canada,-0.28944890332501871
2023-11-02,Iraq,-2.1976310374124624
2020-03-17,Canada,-1.1991086924561811
2022-05-17,Russia,-2.1293934937500203
2025-07-02,Iraq,-1.1681408040477741
2021-09-20,USA,-0.93088371196123876
2022-06-15,USA,-0.84632885938418478
2025-09-08,USA,-0.941399750681928
2025-09-01,USA,-0.88973530401485412
2021-07-17,Canada,-0.74618186222550076
2022-04-08,USA,-1.1089394251655114
2026-04-12,Canada,0.54623086783000907
2025-03-22,Russia,-2.2077640143619157
2020-08-02,Russia,-1.4719534833386574
2024-10-19,USA,-0.85539904452124838
2020-07-31,Canada,-0.77944051059039954
2022-06-09,Saudi Arabia,-0.031454225299320362
2020-06-04,Russia,-1.7774124916593816
2020-10-02,China,0.10412183413841301
2024-12-13,Canada,0.088615649718847236
2025-11-27,Iraq,-1.7413894705901865
2021-10-04,UAE,0.84872310399242967
2021-05-13,USA,-1.1289151286746013
2023-09-05,Saudi Arabia,0.56837899644276235
2026-03-20,Canada,-0.15036966214610861
2026-01-09,Canada,-0.36516896874581745
2022-07-11,Saudi Arabia,0.78336471772197092
2020-05-02,Saudi Arabia,-2.6769250866435716
2020-02-17,USA,-1.0624797107516182
2022-09-09,USA,-0.72208818882252035
2020-04-28,USA,-1.2638865080360246
2024-02-02,USA,-0.916719538038874
2025-06-03,China,1.0827037560719956
2024-04-02,UAE,1.2912866307968349
2026-02-19,USA,-0.69275244868759456
2021-05-29,Iraq,-1.3687407840106536
2020-01-16,USA,-1.0226806053485034
2023-10-23,Canada,-0.41423594440505673
2021-08-26,China,0.51635624347407827
2020-10-24,China,-0.066553536613377734
2023-12-19,UAE,1.252113033473647
2024-11-26,Canada,-0.79790570666743044
2021-11-30,UAE,1.8805850718300137
2024-09-26,Saudi Arabia,0.40697833081770479
2025-04-07,Russia,-2.004469932089366
2026-02-01,UAE,1.2709919287261231
2025-08-13,China,0.76496043932094349
2023-09-19,USA,-0.77411837910300108
2024-01-19,USA,-0.99447381102918
2024-01-12,China,1.030307813721334
2022-02-27,Saudi Arabia,0.51915903154554155
2022-07-21,Iraq,-4.5274911707635317
2023-11-09,USA,-0.67821334387795429
2022-09-17,Iraq,-1.0142411938002063
2025-07-23,China,0.98750585310476613
2023-03-25,Iraq,-2.7404026436359858
2020-04-07,China,-1.150097464143476
2022-04-28,UAE,2.0195198868477906
2025-02-01,USA,-1.4402259189301478
2023-05-27,Canada,-0.39453398825435348
2020-07-22,China,0.18447381834547791
2023-05-21,Saudi Arabia,0.51789126041393241
2025-10-24,USA,-1.1859209811446112
2022-04-02,USA,-0.99066859408364538
2020-04-24,China,-0.628609022163546
2022-09-07,UAE,1.7512159817424122
2025-01-13,Canada,-0.29040061986361065
2024-07-02,UAE,1.7577995018598354
2025-06-08,Iraq,-2.0159319877713444
2025-10-01,Canada,0.29857047166211342
2021-06-27,USA,-1.3649981982551804
2022-11-18,China,1.026930832964088
2021-04-17,Iraq,-2.81944852856361
2021-03-29,Saudi Arabia,0.62859862163544455
2021-12-22,China,0.41529054098158913
2022-10-25,USA,-0.99873592695418134
2023-03-29,Canada,-0.37357146641382022
2020-09-04,China,0.22639198757178669
2021-05-17,China,0.14869380359862019
2022-07-15,USA,-0.99427804107804751
2024-07-30,Iraq,-1.4611814393248155
2025-04-22,Saudi Arabia,0.97570039076841952
2020-05-08,China,-0.21360893752586863
2021-04-28,Saudi Arabia,0.34320790597653134
2021-02-11,UAE,1.1527864213585926
2022-05-22,Iraq,-3.3654808401971397
2023-02-18,Canada,-0.57672045100264269
2021-04-11,USA,-1.2815678097871226
2023-07-22,Canada,-0.59032651903050337
2020-06-14,China,-0.4736651850242718
2024-12-27,Canada,-0.54440268452933616
2022-05-03,USA,-0.93593919314673812
2025-12-17,UAE,1.6397445681400709
2021-03-22,Iraq,-1.5340976509469013
2025-07-28,Iraq,-2.1939738032444556
2024-08-06,USA,-0.86520768718759511
2024-05-20,USA,-1.0183023959116797
2026-01-05,UAE,1.0442799819291793
2025-02-10,Canada,-0.18282761595292185
2025-02-03,Russia,-2.60380929094491
2021-08-06,Russia,-1.6322230411193339
2020-02-22,China,-2.0949470968751673
2020-02-17,Canada,-1.0665054117304382
2024-06-30,Canada,-0.37206087948552674
2024-09-12,Iraq,-0.70679764044548032
2025-12-27,UAE,0.64647792238983648
2021-03-30,UAE,0.52205593272387452
2021-10-10,Saudi Arabia,0.076335320460817424
2022-06-05,Saudi Arabia,0.57275010661379766
2025-08-09,Saudi Arabia,-0.645731846338651
2024-10-25,Saudi Arabia,0.8589247637532047
2020-08-20,Canada,-0.67092418073943172
2021-08-25,Iraq,-2.5653578193126543
2023-01-12,Canada,-0.30627397415768226
2021-11-20,Iraq,-2.3936732880814335
2020-01-25,Saudi Arabia,-1.0894110605435714
2023-01-14,Canada,-0.45563596388488137
2024-02-24,UAE,-0.30935189506435989
2024-09-14,USA,-1.0638142941308684
2022-09-07,Iraq,-2.1657275592893508
2022-03-17,Saudi Arabia,0.11266880811753426
2025-03-18,Saudi Arabia,0.69412027020316414
2023-10-28,Canada,-0.796641476318678
2022-05-08,Saudi Arabia,0.36780672862749009
2025-05-11,Saudi Arabia,0.77375208420289343
2023-09-26,Iraq,-1.699585056641161
2021-06-09,Canada,-0.62541362406592871
2024-03-08,USA,-0.61182777850323578
2020-04-16,China,-0.84195999333728655
2023-03-22,Russia,-1.3434497569917885
2023-06-03,China,0.65913278742599368
2025-07-10,Saudi Arabia,0.18072155354605104
2024-08-10,USA,-0.86889060149817
2025-11-02,Saudi Arabia,0.95928828473752548
2024-11-10,Russia,-2.4683382254373902
2020-02-20,UAE,1.2812900622207135
2020-07-11,Russia,-2.0722383847360892
2026-04-08,Iraq,-2.0731246924624434
2022-09-03,UAE,0.17925600511486423
2022-04-09,Russia,-2.8215075833263996
2023-03-17,UAE,1.8875208267380883
2024-09-16,Canada,-0.093224309039363809
2021-06-10,China,0.21198627388708266
2023-11-25,Canada,-0.31232705225694163
2022-08-13,UAE,1.1623707730792563
2026-04-30,Russia,-1.8520776293907697
2022-02-27,Iraq,-1.150717304065578
2020-12-19,UAE,0.89295461535545428
2020-06-01,Saudi Arabia,-1.0147168077668058
2024-03-08,Canada,-0.51276296500821827
2025-02-21,Canada,-0.21784462464914051
2025-07-14,China,1.1051844032492131
2020-08-31,Iraq,-2.4741574363672556
2021-03-06,Saudi Arabia,-0.9639259791938668
2025-04-22,USA,-0.92264705663280822
2020-05-05,USA,-1.3693232504405743
2022-01-19,USA,-0.92118799382068806
2022-09-02,Iraq,-2.7292296052512914
2025-01-24,Russia,-2.3218800767770187
2021-02-11,Saudi Arabia,-1.071845695648707
2023-12-13,USA,-0.770145226054374
2021-07-12,Saudi Arabia,0.50344955272304248
2022-03-07,Iraq,-1.348622207423436
2024-04-21,Saudi Arabia,0.47822764218237435
2020-08-05,Saudi Arabia,-1.0270396851953463
2021-04-04,Saudi Arabia,0.5622976539415242
2020-05-19,Saudi Arabia,-1.1195089440718193
2023-07-29,Iraq,-2.0306096672735827
2021-10-27,Saudi Arabia,0.22059367257441442
2025-05-05,Canada,0.0011577062033326507
2024-05-18,Canada,-0.54721378795837106
2022-10-07,Saudi Arabia,0.053522441556819483
2020-07-16,Iraq,-2.5559580302368619
2022-01-12,China,0.27552923129115259
2023-11-19,Canada,-0.44321239356600572
2020-12-05,Russia,-1.449339066388287
2021-10-12,Saudi Arabia,0.41230886966629426
2022-08-13,USA,-1.6614250911553783
2026-02-21,China,1.2809028469448653
2024-06-16,China,1.1630172570026858
2020-06-06,USA,-2.3123036747182408
2023-06-29,Saudi Arabia,-0.663011725318923
2022-05-11,USA,-1.0873755420532392
2022-09-16,Canada,-0.075431302124315272
2025-02-13,China,1.1530290235797296
2025-02-18,USA,-0.72277944763168145
2022-11-06,Russia,-2.9293197958312205
2023-05-24,USA,-0.87713850270733462
2021-09-17,Saudi Arabia,0.2198395283668278
2023-05-28,China,1.1085911438167475
2020-07-21,USA,-1.5839205797875948
2021-10-31,China,0.057361237543104182
2025-04-03,China,0.73743420474138022
2026-01-23,Russia,-1.384995190947852
2026-01-28,Russia,-2.0490211993595464
2026-04-10,China,1.2951406847589575
2020-05-26,Saudi Arabia,-1.3456529649746038
2020-03-08,Russia,-1.4206605176070644
2026-04-24,Iraq,-1.6788422134678695
2025-08-28,USA,-1.0304506111877949
2020-06-14,Iraq,-2.2891101143256547
2020-10-04,Iraq,-2.5400206656633548
2025-07-26,Saudi Arabia,0.40196984282499726
2024-05-20,Russia,-2.37792154353585
2025-11-16,UAE,1.0103545674045546
2020-06-21,Iraq,-2.1242152696180625
2022-09-23,Russia,-2.2491556031164346
2022-02-12,China,0.67563873634465244
2022-07-11,USA,-0.979871107085251
2022-10-08,Saudi Arabia,0.625038887213994
2023-08-02,Saudi Arabia,0.54124121177138851
2026-04-06,Russia,-2.4596965118778895
2021-09-03,Saudi Arabia,-0.39904672467927538
2025-08-21,Iraq,-1.8689942805834059
2024-10-18,Iraq,-3.6683303875113982
2022-08-10,UAE,1.1485902045755036
2021-08-14,Canada,-1.0421860646899563
2020-12-19,China,0.17191466921820694
2024-03-19,Canada,-0.36527249222614311
2021-05-01,Iraq,-3.1424228781790196
2022-10-29,UAE,0.83750245665048717
2023-06-02,Iraq,-0.91496376501218357
2022-09-29,USA,-1.432726182545214
2025-11-08,USA,-1.1517814820330055
2023-10-10,Iraq,-1.7870230124022952
2021-05-21,China,0.66456138938567411
2024-04-25,Canada,-0.52223774335692041
2023-05-02,USA,-0.76735969735196918
2021-01-18,USA,-1.3370891963834808
2024-02-05,USA,-0.38858386930694555
2023-05-11,Saudi Arabia,0.0058006622171250626
2021-01-28,UAE,0.095812976159019722
2020-05-11,China,-0.64782999459805457
2020-12-20,USA,-1.335933966239313
2022-07-28,USA,-1.1547951853325027
2023-04-29,Russia,-2.4132488333254751
2024-03-04,UAE,1.5575115391121781
2020-09-16,Canada,-0.58386556259351208
2023-03-28,USA,-1.1411735410659036
2022-02-10,China,0.83143682765780735
2021-04-22,Saudi Arabia,-0.10512173763388437
2025-04-13,Saudi Arabia,1.0766870061914264
2024-07-12,UAE,0.9926541823856968
2022-06-01,Canada,0.19432483626440877
2025-08-16,Canada,-0.48710242348476912
2020-10-06,UAE,0.55648543200131484
2021-06-02,UAE,0.21690023116612533
2020-10-22,USA,-1.1570302431662562
2020-01-23,China,-1.4488745926115827
2020-01-27,China,-2.3492180573767496
2022-04-22,Iraq,-3.23457629129949
2025-07-08,Russia,-1.908707575170584
2025-04-15,USA,-0.92994613865732889
2020-07-15,China,-0.24997031853003815
2024-05-08,Canada,-0.69302557999903636
2020-05-10,China,-1.0135034839232739
2023-07-28,Saudi Arabia,0.13515561938736886
2022-03-14,China,-0.00504858427840897
2024-10-29,Saudi Arabia,1.1161693299333133
2022-12-16,China,0.54992424129509088
2025-05-27,Russia,-2.0864130467173791
2025-08-07,UAE,0.13688273078108218
2023-09-12,Canada,-0.525053627347072
2020-10-01,Iraq,-2.2597589857961355
2025-11-24,USA,-0.72736638494136274
2025-05-09,Iraq,-1.1293447351379242
2025-05-05,UAE,1.14864330552035
2024-03-14,Iraq,-1.1329873635554131
2023-01-06,Russia,-1.9279655789745083
2020-06-20,UAE,-0.34692307144002132
2023-01-25,Canada,-0.3181550007120636
2020-06-28,Saudi Arabia,-0.94404845715501551
2022-07-02,USA,-1.5639204132426661
2022-07-12,USA,-0.93736135910253682
2020-11-16,China,0.24603539430618457
2025-10-17,USA,-0.865680592560611
2022-08-04,USA,-1.2637267695553247
2023-05-02,China,0.81427513700095677
2025-12-23,Iraq,-1.06797569574614
2024-04-04,China,0.74764050219176714
2021-09-13,Canada,-0.42370110822594986
2023-02-26,China,1.1855594922324528
2020-01-09,Canada,-0.93386745417849315
2023-09-22,China,1.5576461904449088
2022-11-24,Canada,-0.4420441204040928
2021-08-25,Canada,-0.39251811343863025
2022-11-30,UAE,2.4179645394970417
2020-03-17,China,-1.5205234985587746
2022-09-15,Iraq,-1.27744076875445
2025-11-13,Russia,-2.0676805209343216
2022-09-29,China,1.1490671619861785
2021-08-06,Saudi Arabia,-0.51623213778183452
2023-08-04,Iraq,-2.1643552755636062
2024-11-20,UAE,1.5204244416835229
2020-09-27,Russia,-3.0112269520748329
2024-04-30,Iraq,-0.7572549729715452
2024-04-15,Canada,-0.37544966472565444
2024-09-04,Russia,-2.1734663381465245
2025-01-01,Saudi Arabia,0.41374350230585527
2025-03-09,UAE,1.4852483015576357
2022-07-17,Iraq,-2.1500106869843938
2025-08-08,UAE,0.915843137418546
2021-06-05,Saudi Arabia,-0.73047922345330218
2025-07-30,Saudi Arabia,0.35632691687708762
2021-08-21,Canada,-0.46297977690420622
2021-03-27,UAE,0.74434518736327016
2023-07-05,Iraq,-1.3984509953066782
2026-03-01,Iraq,-4.0243758337969364
2021-05-06,USA,-0.82942788429999526
2023-06-23,UAE,1.4120925311600183
2020-10-18,UAE,0.10131226122442341
2025-09-25,Iraq,-0.77691257600431674
2023-06-15,Russia,-1.6832935912578939
2021-09-19,Saudi Arabia,0.86054991132682557
2023-08-05,Iraq,-1.0408659261306168
2022-06-12,Iraq,-2.4502684129678238
2021-11-14,Saudi Arabia,0.30744525119380733
2021-10-11,UAE,1.6693540502370039
2024-06-22,Saudi Arabia,-1.2261090327215898
2022-08-22,Iraq,-1.8273219168560526
2021-12-10,Saudi Arabia,0.92766773833894822
2022-11-23,Iraq,-2.4159226862114345
2020-08-12,China,0.15244096585590061
2023-01-20,Saudi Arabia,0.79925860247957525
2020-08-31,Saudi Arabia,-0.26530661050741977
2025-02-09,Iraq,-1.2234651913095742
2024-03-02,Russia,-2.5981026961085312
2025-02-08,Iraq,-1.4092327425303193
2021-11-05,Canada,0.17229749082994314
2023-12-07,Saudi Arabia,0.80456465140211275
2024-02-07,China,1.3955747945616908
2020-11-20,Canada,-0.69202939555367582
2020-01-03,Iraq,-4.3274226766305235
2021-06-04,Iraq,-2.8204696059071446
2020-03-13,China,-1.5959381830326871
2021-08-28,USA,-2.176768403609719
2025-11-24,UAE,1.525513190275031
2024-05-25,Russia,-2.0251613806290636
2025-11-09,USA,-0.980807056319062
2023-08-04,China,0.74667492085267184
2022-06-16,Russia,-1.6915941294541328
2026-01-21,Russia,-1.5532223280364892
2026-04-14,Russia,-1.9114067000190833
2024-09-13,Canada,-0.29259205155798262
2021-08-31,UAE,1.2784866660952827
2025-08-09,UAE,0.31566864913665404
2021-01-09,Iraq,-1.8847618636327326
2024-03-25,UAE,2.2046082372619575
2025-11-03,Saudi Arabia,0.89836259581359657
2020-04-05,Canada,-1.3255418008108044
2025-09-28,Saudi Arabia,0.81577228726356255
2023-06-23,Iraq,-1.6312729883516175
2024-11-12,Iraq,-2.8591042828855509
2021-07-08,UAE,-0.42402439022853894
2023-12-10,Iraq,-1.1448223400974438
2022-06-20,USA,-0.68938334245015709
2026-01-26,USA,-1.4162173634477611
2021-02-13,Iraq,-2.8951059632811091
2023-08-19,Iraq,-2.2554401144275569
2024-11-06,USA,0.04984477710018044
2023-02-11,USA,-0.98812941115876873
2023-11-27,UAE,0.69308618287820722
2024-09-03,Saudi Arabia,0.75705066653813624
2025-08-14,Russia,-2.0123960189057972
2024-05-20,China,1.1172944610946303
2023-12-26,USA,-0.906722550036757
2025-02-19,Iraq,-1.2136468006227144
2020-10-28,China,0.25606917363928755
2025-11-11,Russia,-2.1300520114557289
2020-04-07,UAE,-0.75173169822770236
2021-05-16,China,-0.17857036491209777
2022-04-26,China,0.10628944605167807
2022-02-18,Saudi Arabia,0.077937279434478479
2021-02-13,Canada,-0.8130466748329378
2026-02-07,Iraq,-1.3313527496075441
2021-04-03,Iraq,-1.459563501463254
2024-01-23,USA,-0.80298070810774913
2022-03-24,USA,-1.0754063973780936
2021-09-10,USA,-1.3020308006973165
2025-08-18,China,0.941013648725268
2023-09-18,USA,-0.84304598171810385
2025-12-07,Canada,0.065039030190599381
2020-08-30,Canada,-0.95375539070828075
2023-04-15,UAE,0.808290443474754
2025-03-05,Russia,-1.4330557034592251
2021-06-06,Saudi Arabia,-0.62972305835788778
2021-08-24,Canada,-0.40872396917863352
2021-08-27,China,0.40295039179647729
2026-03-02,Saudi Arabia,-2.9216711055857174
2025-07-22,USA,-1.0332949542354708
2023-10-07,Iraq,-2.8964668824935043
2021-05-14,Canada,-0.5042435041758746
2023-06-12,Iraq,-1.1000657818342945
2023-03-01,USA,-0.99065809795601423
2022-01-18,USA,-0.96014677452435526
2023-12-13,Russia,-1.6634949027374835
2022-12-31,Russia,-1.4691110908640057
2025-10-10,Russia,-1.6072658438334746
2022-09-09,Russia,-1.5996972434710661
2025-12-28,Canada,-0.098995589037195686
2024-01-31,USA,-1.0035106483403324
2024-04-12,Canada,-0.14520131074321718
2021-03-31,Iraq,-1.6920636682291368
2026-02-19,Canada,0.13708491688759011
2023-02-27,Canada,-0.20550762517242138
2022-12-16,Russia,-1.9270932889871435
2020-06-09,China,-0.16282160862297687
2022-05-09,USA,-0.88121401461196958
2023-06-28,Russia,-2.26942006368657
2023-06-25,Saudi Arabia,0.85418726331225936
2023-07-04,USA,-1.0721934490113114
2023-06-14,USA,-0.8450821223925713
2020-11-14,USA,-1.4060342106873094
2024-02-25,Canada,-0.64921470877911891
2021-04-22,Russia,-1.6036940441276368
2020-11-10,Canada,-0.61378895594157912
2020-11-10,UAE,0.75503340292739618
2021-11-07,USA,-1.3216127178424906
2020-02-11,Saudi Arabia,-0.2350790350588319
2021-01-26,UAE,0.64365747134443074
2022-12-15,Iraq,-1.6529891948265398
2023-09-11,Canada,-0.26810183990137976
2023-07-06,Russia,-2.2991090358479669
2024-03-19,USA,-0.88455002206882249
2021-10-08,UAE,1.5165645162027135
2021-02-21,Iraq,-2.2810536499557221
2024-12-02,Saudi Arabia,0.365610915752198
2020-04-10,USA,-1.5687251454554043
2023-08-30,China,0.569744407993717
2024-07-20,UAE,0.56024189863412788
2022-09-04,Iraq,-2.0396416186506419
2024-11-07,China,1.5776825218425885
2022-01-28,China,0.70280609927642457
2024-09-12,Canada,-0.19220570735354142
2024-04-20,Canada,-0.026774361070206348
2023-02-12,USA,-0.77139758824849125
2022-03-25,USA,-0.9688670561772994
2022-01-04,Iraq,-2.003683034654212
2020-06-08,China,0.14876567191864457
2024-12-28,Russia,-2.8667837580381761
2023-10-27,Saudi Arabia,-0.19468709901677853
2022-07-26,Canada,-0.84664575307002865
2023-07-02,Saudi Arabia,-0.0028613349700841728
2024-08-22,Canada,-0.72996135166083453
2023-12-31,Saudi Arabia,0.90167490369847547
2022-07-02,China,0.72287798385750091
2020-07-10,Canada,-0.96724219221141883
2023-08-18,Saudi Arabia,0.74024463577012944
2025-01-10,UAE,1.0919118791985194
2024-02-09,China,1.5392506536033226
2020-03-01,UAE,0.57044363281775035
2020-12-28,China,-0.46419475577566421
2020-08-30,UAE,0.46747244572400565
2020-03-22,China,-1.7401504427092365
2025-11-15,Russia,-2.4863940554940651
2023-06-04,Russia,-2.6920536255059391
2020-04-06,USA,-1.7045860173133174
2022-04-27,Iraq,-1.7226071737231199
2021-09-16,USA,-0.87726521042654071
2026-01-19,Russia,-1.8200715610580773
2020-02-20,Saudi Arabia,-0.6793308123725238
2025-09-03,China,1.1708497708696584
2026-04-07,Saudi Arabia,-2.0309633449281077
2024-02-14,Canada,-0.24434144968375415
2021-02-19,China,0.20473777521861158
2023-08-12,Saudi Arabia,0.5545165069316621
2025-10-08,China,0.79013725035577786
2020-12-07,China,0.27048956697681603
2023-02-11,Russia,-2.3045364771949055
2022-05-06,Canada,-0.20584555571572682
2021-10-01,UAE,2.3515682914166929
2020-09-19,Canada,-0.73506717920106379
2025-09-19,UAE,1.4602724178307291
2024-05-02,Russia,-2.1122268534277215
2021-02-14,Saudi Arabia,-1.2306778192159396
2025-09-08,China,1.2430637404822189
2022-08-08,Canada,0.21597474677964523
2021-01-11,USA,-1.7212603359601244
2025-01-17,Iraq,-0.72178640191676
2024-02-06,USA,-0.87787784431134042
2020-05-16,UAE,-1.0284033099095267
2024-10-27,Canada,-0.36503376958617367
2025-02-17,Iraq,-2.2546338459186095
2024-03-13,USA,-0.75116173928519625
2026-01-02,China,1.0536233313880525
2022-02-10,UAE,2.0769036520705138
2023-06-18,Iraq,-0.78529121066649354
2020-05-06,USA,-1.303372564931685
2021-07-02,Russia,-1.3887946076269411
2026-01-21,UAE,1.5367313805967853
2022-06-26,Russia,-2.1588625483871025
2023-04-30,Iraq,-1.2686440433472925
2022-01-04,Saudi Arabia,-0.65760931013129575
2020-03-29,USA,-2.1942345257240152
2025-08-04,UAE,1.2370304544051756
2025-11-29,Canada,0.46016879741492911
2024-01-09,UAE,1.5884183403827439
2024-01-02,Russia,-3.1914035792603066
2020-01-27,UAE,0.35220871706849172
2023-01-18,USA,-0.96291046739338915
2020-02-20,China,-1.7519955023911997
2022-10-02,USA,-1.5394042301877866
2025-04-04,Canada,-0.4258585659178748
2024-11-08,Saudi Arabia,0.89140326377010626
2020-04-23,Russia,-1.9409012978791587
2022-03-05,Russia,-2.8256909161987136
2023-07-13,Russia,-1.8867847370413797
2022-08-20,Canada,0.42877396974520643
2026-02-16,USA,-0.429190752015739
2023-04-10,USA,-1.1337426139194848
2020-01-11,USA,-1.6955207867015711
2023-09-25,UAE,1.6797021836466588
2025-07-29,China,0.542483220354257
2021-02-23,Russia,-1.4542699777534083
2023-08-27,Iraq,-1.9637290693574412
2024-08-11,China,1.7529664750855494
2021-07-02,Saudi Arabia,-0.024534425069756796
2020-11-05,Saudi Arabia,0.33605806500850222
2021-06-21,Russia,-1.4795985346559557
2024-01-28,Canada,-1.0688401064989699
2022-03-15,UAE,1.9768977881209182
2021-05-29,UAE,0.20355316833449366
2023-09-17,USA,-0.85072384329580075
2023-09-12,Iraq,-2.3916590851386728
2023-09-26,USA,-0.81160444559490863
2021-02-20,Russia,-2.1690172460360388
2022-02-17,China,0.6427180554699442
2020-06-19,USA,-1.3686262209149487
2020-07-21,China,-0.0019219081533408682
2023-03-02,Russia,-2.4665404575610053
2024-07-09,China,0.96382757944735453
2021-07-19,Saudi Arabia,-0.057126187877470633
2025-12-20,USA,-1.1237139965372964
2023-07-12,UAE,1.4402766498099648
2020-03-02,UAE,0.606959730876215
2022-06-08,Canada,-0.12154288335138579
2022-12-15,Canada,-0.085887816598897326
2024-12-18,Canada,-0.15631529935031852
2024-06-06,Iraq,-1.0218218526484137
2022-09-10,China,0.878176864476198
2021-02-25,UAE,0.85859710100055131
2026-03-23,USA,-1.4392716406536159
2021-04-24,USA,-1.4179005189690137
2024-02-24,Russia,-2.5804661094473142
2024-11-23,Iraq,-1.9686523747032674
2022-12-29,Russia,-1.9225167724273065
2026-01-20,UAE,1.8030492245291359
2025-04-12,Canada,-0.20014149445401191
2024-07-09,UAE,0.4758129303131361
2023-03-14,Iraq,-1.4311911841064981
2022-10-21,UAE,1.3719932789688649
2025-10-08,Saudi Arabia,1.0049069458178437
2021-03-31,UAE,1.6198961382965891
2022-03-05,Saudi Arabia,-0.47847463957098091
2025-03-31,Saudi Arabia,0.8309000696353156
2021-01-20,Canada,-0.46658948288021862
2022-03-23,Canada,0.056724887284637919
2021-09-10,Canada,-0.49832028142285667
2023-10-28,China,1.5769849987549058
2024-08-30,USA,-0.9222520288674575
2024-10-13,Canada,-0.49149582436910866
2023-11-04,Russia,-1.637264045603775
2024-08-25,USA,-1.2015089722915844
2021-05-07,Canada,-0.43160448742883961
2021-07-20,Saudi Arabia,-0.17154347764119118
2023-08-22,Saudi Arabia,0.1765243375007593
2021-05-11,Saudi Arabia,-1.6201942374766773
2022-09-24,Iraq,-3.6415860250406356
2023-04-01,China,0.29447644237170023
2024-05-02,Saudi Arabia,0.13509170198057793
2021-07-16,Saudi Arabia,-0.10050639714393803
2021-12-31,Saudi Arabia,-0.031367967929568905
2022-06-05,Iraq,-1.9849835219967538
2023-02-24,UAE,1.5904990197554705
2020-01-13,Russia,-1.3355852485551865
2020-03-22,Canada,-1.5931980331244993
2020-03-29,UAE,-1.0165847787363047
2021-12-13,Iraq,-1.5594129314895697
2025-05-05,Iraq,-1.2461513801980884
2023-08-21,China,1.0820742574451008
2023-06-09,China,0.89052601223591954
2025-11-02,China,1.5037820422721495
2023-06-23,Canada,-0.59999258672953126
2026-01-09,Saudi Arabia,0.32453364840479376
2022-08-30,UAE,0.98489200977046454
2022-01-17,Saudi Arabia,-1.2141866770112473
2024-11-04,UAE,2.3686121499724959
2026-01-29,Russia,-2.0816595573907826
2020-02-05,Iraq,-3.2176825098717297
2020-07-05,China,-0.20051337150616813
2025-10-07,China,0.73328268772595906
2024-02-18,UAE,0.63681063443101182
2023-11-19,UAE,1.0913610034559491
2021-06-19,China,0.14746174642626445
2023-07-12,Canada,-0.51264059704301457
2025-06-03,UAE,2.0448701678966583
2021-10-18,Canada,0.10353098408670111
2021-04-09,Canada,-0.39867734445001352
2021-01-26,Canada,-0.79298878593200339
2022-05-31,USA,-0.9587159567064848
2024-06-21,Saudi Arabia,-1.0165504578668205
2025-08-15,China,0.63889632579846212
2021-01-31,Saudi Arabia,-0.7726178559536363
2023-10-23,Russia,-2.0575809549676229
2022-05-11,China,0.081239521401989659
2021-06-02,Saudi Arabia,0.36493020962013573
2025-12-18,UAE,2.192663526790152
2022-04-11,Canada,0.090056526659431466
2024-12-01,China,1.485327991794104
2021-08-05,Iraq,-2.9817591421539622
2025-04-18,USA,-1.1431024446998475
2024-11-16,UAE,1.5537007225438535
2024-02-23,Saudi Arabia,1.2241818365282915
2026-04-05,China,0.68984613430532538
2021-01-14,China,-0.34217212391147278
2022-08-17,Saudi Arabia,-0.17520285769294711
2021-10-24,Canada,-0.468987652366468
2024-04-10,USA,-0.96186594377551793
2021-09-11,Saudi Arabia,0.21445520441065755
2025-05-25,Saudi Arabia,1.195156847347598
2023-10-26,China,1.2067110043482552
2022-05-07,Canada,-0.61343474372777451
2024-03-28,Russia,-2.9254802642212989
2024-08-03,Saudi Arabia,0.722509961390467
2020-09-07,UAE,-0.24590971996005609
2024-03-01,Russia,-2.195432081186528
2025-04-25,Saudi Arabia,1.1981732233675175
2024-11-30,Iraq,-1.4253779997743123
2023-05-28,Iraq,-0.13031736866836438
2024-02-25,UAE,1.461115618272369
2026-01-24,Canada,-0.41581096372383708
2024-02-18,China,1.6849295385875749
2023-07-29,Saudi Arabia,0.54578943203833052
2023-07-27,Canada,-0.63699965543655279
2025-03-08,Canada,-1.1040250040985977
2020-12-29,Russia,-1.3815573493771023
2020-01-11,UAE,-0.60954766731348231
2024-08-28,Saudi Arabia,1.1150255675715617
2024-10-01,China,1.281803278600828
2024-05-23,China,0.96823549812292675
2023-12-16,Russia,-2.0264762404488277
2022-07-13,Saudi Arabia,0.00083789167739990386
2021-10-31,USA,-0.91699317595715557
2020-02-17,Saudi Arabia,-0.41222166678793815
2020-04-29,USA,-1.2863251676590837
2021-07-12,Canada,-0.26606683670268788
2022-12-02,Iraq,-2.1966416293474396
2021-01-29,Canada,-0.75785450695722334
2024-12-26,Iraq,-2.0175131716650054
2024-06-16,USA,-0.978517800423923
2020-10-05,Iraq,-2.6947469627849023
2021-10-06,China,-0.31785361347754615
2021-05-02,UAE,0.98602518798847427
2024-12-03,UAE,1.5294910958548986
2021-07-26,Canada,-0.12775939641331596
2025-02-06,UAE,1.9616489095000447
2024-05-03,China,1.0600402842721106
2023-03-08,Saudi Arabia,1.2615052888227609
2023-12-15,Iraq,-2.0038053420160242
2021-02-10,UAE,0.57964364123882428
2024-02-10,China,2.2701291779715964
2025-10-11,Russia,-1.9060012716690868
2025-06-12,Russia,-1.2324136738407119
2025-03-18,Russia,-1.5476657770967894
2020-01-14,Iraq,-3.6806038168773023
2024-01-15,China,1.3197341743178013
2025-03-05,China,1.499222247958381
2024-01-04,China,1.1632555306660755
2022-04-29,China,0.35848311005682582
2024-05-18,Russia,-2.5425300146267884
2023-03-08,USA,-0.86816991509479224
2022-04-01,China,0.15600549241645331
2021-09-30,USA,-1.0455617136187723
2022-05-21,Russia,-2.2480973735631791
2023-07-14,China,0.67386908335906415
2023-02-17,Canada,-0.5256037401535395
2021-06-27,Saudi Arabia,-0.49941101655145387
2025-01-04,USA,-1.1539613122022598
2022-11-13,Iraq,-2.0893061221558482
2025-12-17,China,1.1603466343947921
2024-05-21,USA,-1.1328399916253662
2022-09-11,Canada,0.47258017996869073
2021-02-21,China,0.23479610027466055
2021-07-29,Saudi Arabia,0.079552878253735124
2023-10-15,UAE,0.20702311292556252
2025-04-23,Russia,-1.9047308839714954
2023-06-16,UAE,1.7040676662817278
2021-04-19,UAE,0.55043268355969788
2022-04-04,UAE,1.72938899304005
2026-01-20,Saudi Arabia,0.9230159999625932
2020-04-22,Canada,-1.4036782895812749
2022-05-24,Iraq,-3.6995618719981715
2023-11-10,Canada,-0.2430245838474398
2021-10-27,China,0.5507528312888651
2025-03-19,China,1.2640163153257709
2025-08-06,Canada,-0.2368290756581799
2023-04-24,China,1.0235835188631111
2022-11-21,USA,-0.638015239337509
2024-12-09,Canada,-0.10137727343367137
2023-06-12,Canada,-0.3162582820764252
2021-04-25,Iraq,-4.87025858539828
2025-04-13,USA,-1.0479321900149439
2022-04-08,China,0.32125156039472363
2020-05-23,Saudi Arabia,-0.34146659027124476
2025-10-06,Canada,0.28763967237661658
2026-04-28,USA,-1.1588858161293243
2024-02-06,Canada,-0.46577754000457006
2021-10-23,Russia,-1.5998314128615434
2025-12-09,China,1.0133055904822845
2021-06-30,Canada,-0.79934552329327113
2024-10-13,Iraq,-2.9119508295099843
2024-12-11,Iraq,-2.23471093473683
2025-04-30,China,1.1854142122036373
2020-04-05,China,-1.7312584178410266
2020-10-14,USA,-1.0955459557378577
2020-07-19,China,-0.28120875185903693
2026-04-04,China,0.88531736731919963
2024-04-29,UAE,1.208192000221832
2024-09-26,Iraq,-1.4159737316664835
2021-11-05,Iraq,-3.3090515433573087
2020-08-09,Saudi Arabia,-0.98779258783149926
2025-03-30,UAE,1.8537379744834224
2020-11-28,China,0.38258400837439932
2025-03-16,Russia,-1.892907986976333
2020-10-07,China,-0.013659133535316739
2021-03-19,Russia,-1.4082489523186483
2022-02-02,Canada,-0.41715138193449974
2020-04-01,Iraq,-2.9020617953978389
2020-10-10,Canada,-0.62292461580087921
2024-03-02,Iraq,-1.1886052976555268
2021-02-02,Russia,-2.2178921721999427
2020-04-30,China,-0.39128911076668521
2024-11-12,UAE,1.0097012324223789
2022-03-31,Russia,-2.1782507601938144
2026-04-03,UAE,-1.5470967048310427
2025-10-11,Iraq,-0.44639688012993173
2022-08-06,Saudi Arabia,-0.48698094407641157
2024-04-12,China,1.2761737600277134
2026-04-23,UAE,1.261465886181955
2022-12-03,USA,-0.94319419475114585
2022-03-13,Iraq,-4.00008282228037
2021-04-11,Russia,-1.681867147537494
2022-02-28,Russia,-2.6061641161724576
2023-09-26,UAE,2.0536925541458908
2020-01-01,UAE,1.7095960591617965
2024-01-07,USA,-1.0509630562363104
2022-04-14,Canada,-0.091061670119901322
2023-01-03,China,0.3507929001984702
2025-07-19,UAE,0.58768845400678671
2022-07-08,China,0.35339452573815461
2025-11-09,Saudi Arabia,1.4412677556665383
2023-12-09,USA,-1.1358099581723073
2024-09-30,Iraq,-2.6134867679149738
2025-12-24,Russia,-1.7475987134845969
2021-06-10,UAE,0.38139387530459462
2020-08-02,UAE,0.39008776043068627
2025-12-10,Iraq,-1.215217554923758
2024-06-21,Canada,0.32213780983923646
2021-08-09,Iraq,-2.3724871568086372
2023-01-28,USA,-1.44564999805486
2020-12-13,Russia,-1.8303991889757967
2025-05-11,China,1.0784142683556979
2025-05-12,Russia,-1.5863468531861964
2024-08-28,Russia,-2.4137681557943171
2023-03-27,Russia,-2.0741869648666329
2021-11-28,USA,-1.2431341922915975
2024-05-15,Russia,-2.1201624567626243
2021-08-04,Saudi Arabia,-0.3728039657011154
2020-02-21,Iraq,-3.4968443742891568
2023-08-07,UAE,1.575691943033003
2025-04-10,USA,-0.94356441279257131
2023-03-13,Russia,-1.9654219885219038
2023-11-26,China,1.1935931123029804
2026-02-19,Iraq,-1.7542328767804216
2020-01-19,Canada,0.0086298074488959878
2020-01-07,USA,-1.5517057294765317
2022-11-28,Russia,-1.9092591630662541
2022-07-30,Russia,-2.8583870240359865
2023-03-26,China,-0.267120483392559
2025-07-12,Canada,-0.54739426482330489
2025-11-07,Russia,-1.9712498648424024
2022-11-01,Russia,-1.9230482919673977
2022-02-11,Iraq,-2.3643427234395609
2020-02-19,China,-1.6743456667060881
2020-02-14,Saudi Arabia,-0.88447459293776043
2021-02-12,Canada,-0.49963497244801963
2020-11-08,Saudi Arabia,0.10496140129572906
2022-10-24,UAE,1.2684531601760693
2022-05-28,Russia,-2.082799988794259
2020-11-25,Canada,-0.62358651277932242
2020-03-26,Iraq,-3.5103943356223124
2022-02-28,Canada,0.19222065908659389
2025-02-27,USA,-0.66970198228268762
2023-06-08,China,0.95227932304590479
2025-02-13,Russia,-1.6735588735813181
2026-01-01,Russia,-2.3775451640367984
2020-06-25,Russia,-1.2914481763043808
2025-02-03,Saudi Arabia,1.2473304778534553
2021-05-20,Saudi Arabia,-0.41880336165209331
2022-08-29,Iraq,-3.4410101223941587
2024-02-13,Canada,-0.31249703284607561
2020-07-06,Iraq,-2.526683541835248
2024-04-18,Saudi Arabia,0.11149479610178255
2025-10-07,Canada,0.11391565315176182
2023-02-19,Canada,-0.47590933856382012
2025-03-14,Russia,-1.9759010766211333
2021-04-17,Saudi Arabia,0.1140200636404958
2020-12-22,Russia,-1.5424681501385302
2021-02-22,Russia,-1.7087111424706414
2021-02-25,Iraq,-2.7178889791279643
2023-08-20,Canada,-1.4423495412488334
2023-06-05,Iraq,-0.84068416154652048
2026-03-17,Saudi Arabia,-1.6962918055143739
2024-07-27,Saudi Arabia,0.79091108028763957
2024-11-19,UAE,1.6388703916484797
2022-01-23,Saudi Arabia,-0.73678374705137251
2020-02-06,USA,-1.1049431921109685
2020-07-09,Russia,-1.7663876752748018
2020-05-11,Russia,-2.2592024355879188
2022-06-01,UAE,2.0714647619215625
2022-06-03,UAE,1.2110971272989743
2020-12-21,USA,-0.926366472087235
2020-01-10,Iraq,-3.6032116931403886
2025-12-08,Russia,-1.4704846235631184
2025-05-11,Iraq,-0.86310636920535466
2025-07-26,Iraq,-1.1875548522933221
2026-03-21,Canada,-0.413462751632726
2023-05-29,Canada,-0.42916999320484989
2023-08-03,Iraq,-2.2154409468164928
2022-04-02,Saudi Arabia,0.056695125559647279
2024-07-11,Canada,-0.052827955680767133
2026-04-13,Canada,0.25974382591598383
2020-02-07,Russia,-1.7286475845201936
2021-03-30,Iraq,-1.8093270569661648
2026-04-23,Saudi Arabia,0.49337317726315438
2021-10-18,USA,-0.85614627163033152
2021-09-04,Iraq,-2.062384136282625
2024-06-12,China,0.91923986573591843
2022-09-30,Canada,0.14382917755430508
2020-08-28,USA,-1.7058087656298473
2024-03-26,USA,-1.2076357270353304
2023-04-21,Saudi Arabia,0.790606808482831
2021-11-25,Russia,-1.7598313484143817
2025-02-04,Russia,-2.2046800296408064
2025-06-07,Iraq,-2.0857778162338194
2021-09-07,UAE,2.0535920035278821
2024-06-22,Iraq,-2.0630257815541038
2023-02-28,Iraq,-2.77948308239142
2021-10-25,UAE,0.91029746961695046
2023-02-23,Canada,-0.21608768474795717
2023-10-24,China,1.0282906982352495
2020-09-15,Saudi Arabia,-0.40334006935852
2024-05-31,Russia,-1.774712625035513
2021-05-19,China,0.34631167844969568
2022-04-25,UAE,1.559516034651133
2023-03-03,Saudi Arabia,0.884609179425471
2022-01-15,Saudi Arabia,0.10510278775472323
2026-01-24,UAE,0.39888400766271892
2021-09-08,Saudi Arabia,0.27356644747263203
2024-07-01,Canada,0.5295726684634966
2022-08-17,Russia,-2.2053493230872876
2025-01-01,Iraq,-1.5287593564532493
2026-03-02,China,1.4387164378340085
2020-09-12,Iraq,-2.6248159626325305
2021-05-23,Saudi Arabia,-0.0413068705330625
2026-01-10,China,1.4822413906660337
2021-02-04,Russia,-1.7831888643855991
2025-04-02,Iraq,-1.5148488796836339
2022-06-29,Iraq,-5.5238076372649285
2024-02-19,Saudi Arabia,-0.015072502441111205
2022-05-22,Canada,-2.3312376807275528
2025-08-12,Canada,-0.74599047554204512
2024-10-10,Canada,0.11148028291424947
2021-11-22,Iraq,-2.9108693621556121
2023-05-18,USA,-0.87595991849945132
2022-12-27,UAE,1.4941931370421391
2021-11-15,USA,-1.0980381978392775
2021-06-16,Canada,-0.30997972115700539
2025-06-06,Iraq,-0.70667749039119254
2020-05-14,Saudi Arabia,-0.98199244184227807
2024-01-26,Canada,-0.38107589750757759
2022-03-14,Saudi Arabia,-0.6439868317820967
2020-01-16,UAE,0.66751339922743058
2021-06-07,USA,-0.66529790953195789
2023-12-22,UAE,0.66818581223805606
2020-10-25,China,-0.40132830875559355
2020-05-05,UAE,-0.12078939560858501
2022-06-18,Russia,-1.9725267967845215
2022-10-19,Canada,-0.28960254785063888
2025-03-26,UAE,1.4483987930920268
2023-05-14,Iraq,-0.570586260227442
2021-06-30,USA,-1.303701121836178
2021-04-18,USA,-1.6927227869038648
2025-05-16,Canada,0.61411827731327517
2024-12-14,Canada,0.28882924742088928
2020-08-18,Russia,-1.9408455268805458
2021-05-05,Russia,-1.241224240410123
2021-11-24,Iraq,-3.0994008328913583
2024-08-13,Iraq,-1.6375778038929427
2023-01-15,USA,-1.0669964568057169
2024-02-21,China,1.0956687941461629
2022-06-16,UAE,1.4033162461500857
2025-09-11,Iraq,-1.5145410622547153
2020-11-01,China,-0.46660746171223944
2021-10-18,China,0.30401186320368268
2021-09-06,Canada,-0.74228466779854663
2021-06-29,Saudi Arabia,0.20020801643333402
2023-11-21,Canada,-0.2133596510323017
2024-01-14,Saudi Arabia,0.32713388211385874
2024-12-29,UAE,1.1640886541865145
2020-08-18,USA,-1.1774805111055813
2024-03-07,Saudi Arabia,0.63995586019161865
2023-01-10,USA,-0.84653313609030478
2021-05-06,Russia,-0.969762999906259
2023-08-20,Saudi Arabia,1.0158606909780412
2025-07-12,Saudi Arabia,0.27938481689415634
2022-11-06,Canada,-0.39770891593426044
2022-12-24,Canada,-1.3143306006145667
2024-02-20,UAE,1.8922853581189654
2024-02-13,China,1.5143095549045751
2023-12-02,Iraq,-1.2593737414102872
2022-06-26,China,0.65516729427747822
2025-10-12,China,0.47164994744415734
2020-12-05,Iraq,-2.5751116338271776
2026-04-28,UAE,0.36599173063229257
2022-08-11,Canada,-0.18753659796658903
2021-10-28,USA,-0.94662436199853706
2021-04-18,Saudi Arabia,-0.093986012547055783
2020-06-15,USA,-1.579562069005531
2024-03-26,UAE,2.2904749258056469
2023-09-06,Canada,-0.4782849750650694
2020-06-27,Saudi Arabia,-1.5071325558497466
2023-06-21,Saudi Arabia,0.81277081221309921
2022-04-21,Saudi Arabia,0.66456223228532929
2020-01-29,China,-2.3628636379452312
2020-06-18,Canada,-0.65982372811989665
2025-04-23,Iraq,-0.82371976540309366
2025-09-23,Iraq,-1.5465392662795132
2025-04-27,China,1.6132107787747239
2023-01-16,UAE,1.6412976948292384
2021-09-23,Iraq,-1.8223119463953932
2020-02-10,UAE,1.2474516363476575
2024-07-17,USA,-0.8561080880766947
2022-06-24,Iraq,-2.7049265025885472
2023-02-21,UAE,1.3617305027393929
2025-08-07,China,0.80431562727548023
2024-06-11,Iraq,-1.201461784706868
2022-02-26,UAE,1.9510951895208839
2023-01-28,Russia,-2.0024069784982084
2023-11-02,Russia,-2.0689874849937038
2023-04-26,Canada,-0.41914318990868771
2026-03-06,China,1.6802616561268349
2025-02-24,China,1.0735682501509072
2023-04-07,Russia,-2.0561756809265677
2020-10-16,UAE,-0.042470206149954275
2023-08-09,Saudi Arabia,0.45702604035027267
2024-11-12,USA,-0.49832641513814363
2022-10-01,Iraq,-4.18954956135392
2020-07-18,USA,-1.6929810689193652
2021-07-09,Iraq,-3.424972846852131
2025-09-10,Iraq,-2.9443322987717373
2024-11-09,China,1.040885584388866
2026-04-17,Iraq,-1.1733858875436056
2020-05-23,UAE,-0.53245066014004883
2024-04-12,Iraq,-2.6239176958157042
2020-02-28,Iraq,-2.8837296620002655
2023-02-26,Russia,-2.2531498799412106
2022-11-17,China,0.934503468650078
2020-10-04,Canada,-1.0159173429336525
2024-10-10,Russia,-1.9242653895155655
2021-01-01,USA,-1.2226921658850516
2021-01-07,Canada,-0.70844679428886481
2024-08-11,Russia,-3.304143702223469
2023-05-24,China,1.1023852791893878
2025-04-15,Saudi Arabia,0.27991664544486528
2023-03-05,China,1.6552968365798273
2021-09-20,Saudi Arabia,0.56894787874620889
2022-06-10,Russia,-2.2048362585584038
2025-09-10,USA,-1.1777153017551638
2023-05-01,Canada,0.037954925086837267
2022-08-02,Saudi Arabia,-0.093291255204881962
2024-07-03,Saudi Arabia,1.0475908962637155
2020-05-16,Saudi Arabia,-1.0887533458083647
2022-12-19,Saudi Arabia,0.93740902090464906
2025-03-05,Canada,-0.48807761084283158
2020-06-01,USA,-2.8229076621915419
2024-12-15,USA,-0.78335718072072569
2023-04-21,USA,-1.0598702664517852
2026-03-09,Saudi Arabia,-2.7570399389952795
2020-04-06,Iraq,-3.2433891147469107
2025-11-06,Saudi Arabia,0.89400322767452522
2020-06-18,USA,-1.5198706923508876
2020-06-19,Canada,-1.4611059922876031
2020-07-19,USA,-1.8294139559743248
2021-09-28,China,0.24302783212739748
2022-06-20,Saudi Arabia,0.33655198195317487
2025-09-01,Canada,0.30377779837480984
2023-03-15,USA,-0.88783278876091887
2021-11-14,Russia,-1.9110816711462422
2021-10-15,Russia,-1.3531365655400955
2026-02-06,China,1.1107075789742864
2026-02-13,Canada,-0.10566921007977258
2026-02-11,Canada,-2.3883031241902959
2020-10-07,Canada,-0.37025274890131243
2023-04-18,China,-0.33552476537545634
2024-01-09,Canada,-0.57845478246240811
2026-03-17,Russia,-2.1203980710877097
2025-02-05,Canada,0.01759208795018527
2023-08-30,Iraq,-1.6956189842364038
2026-01-16,Russia,-1.8041008288279066
2022-08-31,Russia,-1.8548752385341787
2020-04-27,USA,-1.3990675135091901
2020-05-28,Canada,-0.76754537863163264
2022-03-23,Iraq,-1.2643152568197167
2023-05-08,Saudi Arabia,-0.083769274060592036
2020-06-03,USA,-2.3704224723496434
2021-08-10,USA,-1.1501262149466451
2020-03-20,UAE,-1.1270999763614746
2020-08-29,Iraq,-2.5051436160325604
2025-07-21,UAE,1.3914320043812838
2023-08-08,Saudi Arabia,-0.29504553318919013
2020-05-03,Russia,-2.5184547774007258
2020-07-15,UAE,0.3172976837642002
2024-07-27,UAE,1.3579429015132156
2024-02-27,UAE,0.98634381363112977
2026-01-22,Saudi Arabia,1.3323456280264749
2020-02-04,China,-2.12636704340889
2021-02-19,UAE,0.20499484227156167
2021-07-18,Saudi Arabia,-0.049264949994085455
2022-01-26,Iraq,-2.281161658752707
2024-09-09,Iraq,-1.6528062024762187
2023-02-23,China,0.89760165807278836
2025-03-13,China,1.0136421535491824
2024-10-29,Iraq,-2.1460881651614221
2026-02-25,USA,-0.94936605433004784
2020-03-27,Saudi Arabia,-1.7896256189428794
2020-08-27,UAE,0.71532107621239849
2023-11-08,China,1.3306530416734008
2021-07-25,Canada,-0.060817117031490682
2020-10-20,Canada,-0.65118124388736276
2023-03-28,Russia,-1.9656566590731663
2021-02-05,USA,-1.0892130700343046
2024-07-29,UAE,1.2673805528897355
2025-12-24,Saudi Arabia,1.0981758801613306
2021-10-11,USA,-0.997094636996197
2024-09-21,USA,-1.1588157872896425
2026-04-24,USA,-1.1835042105210838
2023-04-19,China,-0.61847699998126637
2025-03-07,Saudi Arabia,0.084476269071688426
2025-05-20,Iraq,-0.084595166022029822
2024-12-10,Canada,-0.1645737744229134
2025-05-14,Saudi Arabia,0.79658746910686162
2022-05-13,UAE,0.53554498985025956
2022-11-23,Canada,-0.59172104616365273
2020-09-18,Russia,-1.5065476431197307
2021-11-25,Iraq,-4.0409042534106154
2025-07-19,Russia,-2.6250702957144338
2020-04-07,Russia,-1.8860828571827013
2022-02-06,Canada,-0.54260445332116669
2021-03-02,Russia,-1.517421315607127
2024-07-22,Canada,-0.49851204604100241
2023-12-04,UAE,-0.11674992165324771
2021-06-16,Russia,-1.2101405652459614
2021-06-17,Russia,-1.2214805547632011
2023-07-30,Saudi Arabia,0.1494145010638967
2021-09-12,Russia,-1.5337630185655953
2022-05-10,UAE,1.7262836281252039
2023-11-06,UAE,0.51885237989213007
2024-01-02,Iraq,-2.7152811931793646
2022-07-07,China,0.39493148031773095
2022-07-02,Canada,-0.089075207776484866
2023-10-11,UAE,1.2727483740229317
2021-08-04,Canada,-0.15290889846734498
2024-02-21,UAE,1.9406235544516508
2023-12-13,Canada,-0.46063685068945404
2020-11-09,China,0.3498504421903974
2020-09-24,UAE,0.31182754233814608
2022-09-06,Saudi Arabia,0.32036582945676262
2020-05-22,Canada,-1.0267235004612987
2024-10-30,Canada,-0.18028930924022291
2026-02-13,Iraq,-1.7076176052703649
2023-02-23,USA,-1.3631302559978795
2025-08-13,USA,-0.94361963367069368
2025-08-09,Russia,-2.0654879652499418
2021-08-17,Russia,-1.5724744025818322
2020-08-25,Russia,-1.8814947684918866
2023-02-06,UAE,0.53070408217106868
2020-09-14,UAE,-0.3218142417538602
2024-08-14,Canada,-0.550142889340587
2023-06-02,Russia,-1.9343637387031281
2020-10-19,Russia,-2.1991514210554337
2021-04-20,Saudi Arabia,0.016167404456289603
2021-09-23,China,0.4839253419264114
2020-07-01,USA,-1.2777588150090406
2023-05-09,Saudi Arabia,0.017504790241700506
2020-01-12,USA,-1.8338524836799091
2026-02-28,USA,-1.9523988362331945
2021-08-13,Canada,-0.40186067999113984
2021-01-01,Saudi Arabia,-1.1914158683456553
2024-12-15,Russia,-2.3781030613423093
2021-08-25,China,0.51275969230111462
2021-03-27,Russia,-1.5632313868297114
2023-09-03,Russia,-2.1242049871233868
2025-09-25,USA,-1.0535216968356
2022-12-20,Canada,-0.41283243530504754
2022-06-12,Canada,-0.48690531396262476
2025-10-29,Canada,0.15456544774001879
2025-12-31,Iraq,-1.3448922102891763
2025-10-12,Russia,-2.1458639313692762
2021-12-29,Canada,-0.64790810611598193
2025-10-14,Saudi Arabia,0.82062755039545043
2022-05-23,USA,-0.88973671901265872
2022-03-15,USA,-1.1418721094893369
2021-04-10,USA,-1.4405637503507354
2022-12-14,Saudi Arabia,0.7867230619399489
2025-12-04,Iraq,-1.547236156319908
2020-10-02,Iraq,-2.2511587232512018
2020-08-10,Iraq,-2.8716280020141327
2024-01-05,Saudi Arabia,0.048452689767895671
2025-05-01,USA,-0.59708999122923989
2026-03-13,Iraq,-4.177498881267014
2024-11-28,China,1.1427608242553917
2020-06-19,Iraq,-2.5269375008204507
2024-09-25,UAE,-0.38142109444673494
2022-12-04,China,0.0080594736276054652
2025-03-21,Canada,-0.15989703140309933
2024-01-21,Iraq,-4.00572590010457
2024-10-18,Russia,-1.4924750140376348
2025-08-18,Saudi Arabia,1.2888881813948836
2025-08-09,China,0.89411298910245862
2023-02-22,Saudi Arabia,1.471179735336994
2020-10-09,Iraq,-2.0276621312562209
2024-01-14,USA,-1.0249466283118991
2026-02-27,Saudi Arabia,-1.8439931890740875
2022-05-12,China,-0.18591108242902407
2023-09-20,Saudi Arabia,0.83038780963194736
2025-07-09,Saudi Arabia,0.69928399106361061
2023-06-16,Russia,-1.4942009987463356
2023-03-18,UAE,1.1541181402232203
2021-07-10,Iraq,-2.620080537995737
2025-09-01,Saudi Arabia,0.53932550385992983
2020-12-05,UAE,1.1093408520257686
2024-04-22,Saudi Arabia,0.65124465927753628
2021-09-01,USA,-1.3681753277282127
2024-08-25,Russia,-3.4425364006722896
2023-04-03,Saudi Arabia,-0.13870081036868459
2020-05-08,UAE,-1.7671480701258648
2025-10-22,China,1.1352172645387786
2020-11-14,Russia,-2.0128182796562846
2024-05-08,China,1.4511868028067174
2022-06-10,USA,-1.0928006651821396
2020-05-28,Saudi Arabia,-0.78328269521838967
2025-12-26,China,1.335382139184383
2024-09-15,UAE,1.4267001810770867
2021-06-28,UAE,1.097884428583112
2024-06-29,USA,-1.0784962762561032
2025-05-26,Saudi Arabia,1.2426161983691979
2024-01-10,UAE,0.84745176793621235
2020-04-15,Canada,-1.2685485191235646
2022-09-13,Saudi Arabia,-0.14836391784678343
2024-05-28,UAE,1.4017287141116535
2020-06-20,Iraq,-2.4304200644204679
2026-01-06,Saudi Arabia,0.21544988972578766
2024-04-28,Canada,-0.0216408040348487
2025-03-24,Saudi Arabia,-0.27143214929840576
2021-04-05,Iraq,-1.6158405407457628
2023-07-29,Russia,-2.1873102813422851
2023-07-20,China,1.2031496012880685
2022-12-18,Saudi Arabia,0.885620535007498
2021-12-18,Saudi Arabia,0.53448811952867636
2022-04-19,Saudi Arabia,0.42471625258090184
2022-06-30,UAE,2.3889972920183533
2025-02-22,Iraq,-1.0554046739236531
2023-04-04,China,0.12385939473368615
2022-09-27,China,0.871305108186353
2021-04-19,Saudi Arabia,0.013195889410450353
2022-10-04,China,0.6070768895300922
2024-05-01,Iraq,-0.65890673453259685
2024-02-25,Russia,-2.8535225302799505
2022-12-30,Canada,-0.71450908502615351
2020-04-25,China,-1.0588797579262856
2026-01-30,Iraq,-1.2493974840138196
2025-06-03,Iraq,-0.1184667745806775
2025-06-06,USA,-1.2746292524008
2020-05-10,Iraq,-3.3600206497028857
2024-06-24,UAE,0.575742809046427
2023-05-04,Russia,-2.4557688621971812
2024-06-14,China,1.0759198872086893
2023-09-10,Iraq,-1.4329823267191728
2023-11-04,Canada,-0.24602208677047516
2022-04-18,UAE,1.2645821424794712
2021-07-20,Iraq,-5.5738098985212918
2026-03-19,China,1.2214190244357741
2020-10-11,Canada,-0.827079434454535
2022-10-05,USA,-0.92589225133235331
2023-05-20,China,1.1659732535241059
2021-09-23,USA,-0.931289600589441
2022-01-16,Russia,-2.3467140814834089
2026-04-04,Canada,-0.20258883961038343
2021-11-03,Canada,-0.035872538151703486
2025-08-24,Canada,0.30307318836852026
2022-12-10,Iraq,-1.4680182126633525
2023-09-24,China,1.7687938315194429
2020-03-11,Canada,-0.965449976456748
2025-11-26,UAE,1.3995945091363278
2021-05-06,China,0.44248322121577882
2023-06-23,USA,-0.9121468203846379
2022-02-10,Saudi Arabia,-0.584849974031694
2020-02-16,China,-1.9740969759639952
2022-10-11,China,0.753007009109157
2024-09-27,Russia,-1.9959507868024939
2023-08-16,China,0.69572187014035214
2024-04-17,Saudi Arabia,-0.63749640274363262
2023-11-16,China,1.0392831397824092
2025-01-18,China,1.4549894849240059
2025-12-19,Canada,0.10960531217596198
2024-10-25,UAE,1.5992944565232357
2020-06-06,Russia,-1.5862323331167791
2020-08-20,Russia,-2.7412070703808995
2023-06-28,Iraq,-2.3774321737923478
2022-05-03,UAE,1.7813636826395527
2021-01-02,Iraq,-3.3877220393695233
2021-03-21,USA,-1.6634657203358907
2023-07-04,Russia,-2.2900049660321771
2020-03-18,USA,-1.5541385786491471
2023-10-15,China,1.5332085214582383
2026-01-02,Iraq,-2.3289312427640656
2026-03-25,China,1.1292861716558218
2023-08-06,Iraq,-1.5975248656649765
2022-01-23,Canada,-0.63258840073659772
2025-01-26,China,1.6673489935930768
2023-12-04,China,1.1712452562474114
2020-12-01,USA,-0.80875209133450487
2020-07-27,Iraq,-3.2570496480725808
2020-12-22,Canada,-0.8950447368762503
2024-10-03,USA,-1.0609143713852891
2022-11-14,Saudi Arabia,0.57940882345961386
2026-02-25,UAE,0.69016690148855342
2022-07-23,China,0.6538719405946305
2024-08-07,China,1.1954722926800574
2026-03-16,Canada,-0.10706281074012272
2021-05-18,Saudi Arabia,-0.73982879007296587
2025-11-04,Russia,-1.345587699968
2021-11-30,USA,-0.99705711547718556
2025-04-26,Saudi Arabia,0.85939637955631309
2025-09-03,Saudi Arabia,0.91594697545564974
2020-09-28,China,0.44576372470223735
2020-02-12,Canada,-0.54730774060610921
2020-09-22,Saudi Arabia,0.61182698149028192
2021-06-19,Russia,-1.4733772567390342
2022-07-17,USA,-1.0711651475168
2024-01-13,Iraq,-4.6256824416318052
2021-03-14,China,-0.27534167298907652
2022-02-20,Canada,-1.6605743355353801
2022-11-22,UAE,1.9137939517825333
2025-07-24,China,0.91925992211571872
2024-08-28,Iraq,-2.2069004500273022
2020-08-11,Russia,-1.3362559551204676
2023-04-21,Russia,-1.8583118244241654
2024-06-02,China,1.335735540398733
2022-10-27,UAE,1.8348275617291472
2026-01-06,USA,-1.0388525209831034
2020-10-10,China,0.45998373700330858
2022-12-21,China,0.36216542340521368
2023-08-08,China,0.753838959540693
2024-11-18,China,1.5518180513889781
2025-09-11,Canada,0.20386113439072395
2025-09-04,USA,-0.865654152700618
2025-01-21,USA,-0.73626436609036672
2024-02-17,USA,-1.1308590176026723
2022-04-09,USA,-1.5657365781553576
2024-01-31,Iraq,-2.232376429448331
2025-12-23,USA,-0.881209001472254
2023-11-11,Canada,-0.60834260678458862
2026-04-25,Russia,-3.0854337900148825
2021-01-27,USA,-1.0591886166296529
2024-04-07,UAE,1.8483093709396543
2025-08-09,Canada,-1.194485919469334
2022-05-17,Saudi Arabia,-0.069975559078525762
2024-12-09,Russia,-2.0389277933897252
2023-04-05,Saudi Arabia,-0.23191255610293479
2020-06-21,UAE,-0.16021016216052827
2025-11-06,Canada,0.61167590636751146
2026-01-05,Saudi Arabia,0.7544797443897876
2024-02-21,Canada,-0.43316244477558946
2024-02-17,Canada,-0.42556890802229747
2022-06-24,Russia,-2.0726966773698479
2022-03-14,Russia,-2.7441229315937097
2020-12-22,UAE,0.90133314679472654
2020-06-06,UAE,-1.1909478360146895
2023-04-28,USA,-0.81194758415832569
2024-08-09,Iraq,-3.9368571169050868
2020-04-19,Iraq,-3.4874158088144256
2021-07-28,UAE,1.0181006956257286
2020-04-12,Canada,-1.399067522648118
2020-10-29,Russia,-1.8193391833801971
2020-09-06,Canada,-0.99814268274149454
2026-03-30,UAE,0.11026303726854969
2023-03-05,Russia,-2.2748606242277392
2022-10-10,Iraq,-2.7028265668552591
2026-04-28,Iraq,-1.1001522403704576
2024-06-20,Canada,0.11584052534813788
2021-12-06,Saudi Arabia,0.46550891173471837
2020-03-28,Iraq,-2.6643229398325943
2022-09-15,China,1.0220481704139157
2025-05-04,USA,-0.62220628107525378
2026-03-13,UAE,-1.3940340521939656
2023-06-02,UAE,1.9208535232246238
2021-03-05,Iraq,-1.8102690052718931
2021-08-04,UAE,0.0401565922029123
2025-04-19,UAE,1.2998648189536441
2024-05-03,Saudi Arabia,0.4807180931290968
2022-08-27,UAE,1.2875932371791194
2024-04-30,Russia,-2.327888928888572
2024-09-01,Russia,-2.9724957830804866
2024-06-21,USA,-0.77680649066026175
2021-05-25,China,0.22568076937724332
2021-08-11,China,-0.13586716114900987
2024-06-07,USA,-0.8905432459033259
2020-03-15,Iraq,-3.4542866535452688
2023-08-29,Iraq,-2.7657148887477359
2021-07-31,UAE,-0.98633411290263484
2020-10-15,UAE,0.49289265587678555
2022-11-07,Saudi Arabia,0.85414492273720377
2023-12-07,China,1.1929656590831064
2026-02-07,Canada,0.088202422533416647
2024-03-23,Saudi Arabia,0.240133479284818
2025-05-03,China,0.99285551040321074
2025-07-14,Saudi Arabia,0.84580048401445229
2023-10-14,Saudi Arabia,-2.5001316969455374
2023-01-18,Saudi Arabia,1.016490211434687
2023-05-26,UAE,1.4221989227343579
2021-09-17,UAE,1.0310509154696075
2026-01-15,Saudi Arabia,0.568289833901581
2024-07-20,Russia,-2.6178621571863103
2021-04-29,UAE,0.3695509209533836
2021-09-28,Russia,-1.3777201530895358
2022-01-22,Canada,-1.0706240146284909
2022-06-27,USA,-0.93314457346310931
2021-01-13,Russia,-1.6718939299291984
2020-12-03,Saudi Arabia,-0.52386274040826775
2023-11-24,Canada,-0.41726112136664756
2022-03-15,Russia,-2.7804557567011581
2021-01-30,Russia,-1.661211034890947
2024-06-17,Canada,-0.019615444064733617
2021-08-13,Russia,-1.8669654273786536
2021-03-17,Canada,-0.30026512036044306
2024-06-15,China,1.4838628509533365
2024-12-12,UAE,2.3380090837204772
2025-02-12,Russia,-1.6945461519678235
2022-02-05,USA,-1.400114015269361
2022-03-31,UAE,2.5946857131013443
2023-05-19,USA,-0.9151894009909779
2021-11-08,USA,-1.0326670834549554
2022-06-24,Saudi Arabia,0.36261912438794319
2025-03-30,Russia,-2.5132736237660995
2025-12-09,Russia,-1.6288794676960001
2021-12-01,USA,-1.222847399260266
2022-07-27,China,0.93931553337820461
2024-08-17,Russia,-2.4812888177981636
2023-09-23,Saudi Arabia,2.6060017970041485
2020-04-18,USA,-1.6878833448190425
2022-10-28,USA,-1.1765556723922184
2021-11-28,UAE,1.9657064182468549
2026-03-25,Russia,-2.2069953279069203
2022-02-14,Canada,-1.4708309176108789
2026-01-22,Canada,0.027608483765310624
2020-09-24,China,0.0648143031116516
2025-12-24,USA,-1.0274152598177773
2020-05-24,Canada,-1.3358087522653481
2023-11-29,Canada,-0.40734951155404442
2024-09-04,USA,-1.0857479090088453
2022-01-03,Saudi Arabia,-0.72952230634579018
2025-03-19,Iraq,-1.4706265768662858
2020-12-25,UAE,0.27614939501064772
2024-12-22,Russia,-2.5206712091804566
2021-05-29,Russia,-1.2364095699903117
2022-07-26,Iraq,-2.4177070419579225
2021-08-28,Iraq,-0.63521277088995121
2024-03-27,Russia,-2.8892157868305697
2026-03-09,UAE,-1.2382522810184802
2025-02-16,Russia,-2.19222454506964
2023-01-22,Iraq,-1.7518063806826565
2023-01-23,China,0.77381842575766469
2020-09-01,Russia,-1.5096871348864651
2023-10-16,China,1.1493582623230774
2025-02-10,China,1.1226071228280752
2022-02-17,Saudi Arabia,0.6292102087735616
2021-03-09,China,0.60622712035042159
2023-12-01,UAE,0.080373491934972757
2022-01-11,China,0.324986166938994
2024-09-30,Canada,0.31940443659131595
2020-05-12,Iraq,-2.5635458285739352
2021-09-07,Russia,-1.4209040638142107
2021-06-24,Canada,-0.67903030559082789
2023-02-20,Russia,-1.7405169412936383
2025-12-06,USA,-0.62069735292163153
2022-02-24,Saudi Arabia,0.18707210437223026
2024-03-22,China,1.2067174658041786
2021-03-25,UAE,0.51026112507028543
2023-01-26,China,0.60494446456019246
2023-10-17,China,1.4156439674909398
2026-01-11,Russia,-2.3591554757788638
2024-07-23,Russia,-1.9552584316938948
2025-04-12,USA,-0.87543519638863188
2023-03-13,USA,-0.53850042230671169
2025-10-08,UAE,1.609820358462239
2020-05-25,China,-0.11454334852171644
2024-12-31,USA,-0.92855621121984111
2024-04-09,USA,-0.88294628399924091
2025-08-10,Iraq,-1.9829407759147921
2022-11-18,USA,-0.74236460025027906
2026-02-23,Saudi Arabia,1.0806024715797007
2020-08-21,Iraq,-3.1554581893217377
2020-12-17,Iraq,-2.2249880638068724
2024-01-09,China,0.82334342915310355
2020-01-31,Canada,-0.9840391736464591
2023-01-12,USA,-0.67458826756147261
2021-05-08,Saudi Arabia,-0.48119638145983545
2023-03-29,UAE,0.72706016130575113
2026-03-19,Iraq,-3.7395159254057995
2020-11-19,Canada,-0.5843136659232876
2026-01-18,China,1.044316763805214
2022-01-22,China,0.096322410871183775
2020-07-02,China,-0.3362247404800639
2023-12-07,Iraq,-2.6752980558950079
2020-05-22,Saudi Arabia,-1.2845665146274141
2025-08-23,Saudi Arabia,1.131628134450511
2024-01-25,Russia,-2.5041528055484723
2022-01-08,Saudi Arabia,-0.020952685129513243
2021-09-14,Russia,-1.3089479976917491
2024-06-16,Russia,-2.2911691389878843
2023-02-09,Canada,-0.38491365688925844
2021-06-02,USA,-0.93659320399733659
2022-05-17,USA,-1.0531485328790395
2024-03-29,USA,-0.70110131712195212
2022-04-17,USA,-1.2517258186961671
2024-05-17,UAE,0.98651769543396073
2022-07-05,USA,-1.3676227758352031
2023-08-31,Saudi Arabia,0.364367134470876
2020-11-01,UAE,0.45030820634716878
2026-01-24,Russia,-2.0300267776258547
2025-09-06,UAE,-0.30896848450910114
2022-10-20,USA,-0.90332451072583
2022-06-21,USA,-0.82913346361328844
2021-10-20,UAE,2.5329855092782134
2023-04-17,Iraq,-2.2896393316302341
2024-06-15,UAE,0.898501258455163
2021-01-08,Saudi Arabia,-0.036663992387996058
2020-10-26,Saudi Arabia,-0.539920158247469
2023-01-21,Saudi Arabia,1.0308386027061927
2023-10-12,China,1.1558223462374893
2022-07-10,UAE,1.0045478000096628
2024-05-05,Russia,-1.7535753052451726
2026-01-17,Russia,-2.1968101826333846
2024-11-19,China,0.96246198926849269
2023-03-03,Russia,-2.1358243042045491
2024-07-20,USA,-0.99549450528725436
2021-09-27,Canada,-0.24087960029803543
2025-04-03,UAE,1.670090301738423
2025-09-06,USA,-1.1723780811660511
2020-02-06,Canada,-0.8391991501797853
2023-08-12,Russia,-2.9702491733546372
2023-03-11,USA,-1.0255235579068704
2025-03-31,Russia,-2.2942000740185233
2024-09-03,Canada,-0.3326214631133137
2023-07-29,USA,-0.78692477692829244
2022-12-13,Saudi Arabia,1.3160121331857015
2024-12-29,Iraq,-1.2619506289079541
2024-03-31,Saudi Arabia,1.1418409300533507
2025-05-17,China,1.2038626760829552
2024-05-20,Iraq,-2.5743110123761084
2023-03-27,Iraq,-1.8395077128868449
2025-02-18,Russia,-1.440005324616306
2022-10-30,USA,-1.5728955451859297
2020-04-09,USA,-1.6185749689477911
2021-03-06,UAE,0.604758538917539
2026-01-15,UAE,1.7557081416725284
2020-11-01,Iraq,-2.1677609136628528
2023-12-14,Saudi Arabia,0.73918351502123592
2025-10-10,China,0.82559189968035152
2024-07-17,Russia,-2.0039644223483912
2022-01-26,USA,-1.1284882486121646
2024-04-21,Iraq,-1.9263240415455709
2023-02-13,USA,-0.61397117875463
2023-11-23,Iraq,-2.9781170071829317
2024-09-05,UAE,1.1703807215528568
2021-12-07,Russia,-1.5599435631289613
2024-01-16,Russia,-1.9036537151942197
2021-03-16,Iraq,-2.7833507134869566
2021-10-05,UAE,1.8645708984989346
2024-08-29,Russia,-2.4985803600246483
2024-05-28,USA,-0.93645321893243916
2020-09-08,Russia,-2.1140176992313267
2021-04-26,China,0.68025985688474822
2026-04-07,USA,-1.2566653170349518
2025-12-25,USA,-0.67322452126835242
2020-05-29,Iraq,-2.2952888317458773
2022-03-07,UAE,1.9886073934351773
2025-01-10,China,0.88493004857720337
2025-12-23,Canada,-0.017020596423181808
2025-08-26,Canada,-0.12506815452279146
2026-04-24,China,1.5931229462983445
2024-04-08,Russia,-2.6835496749687033
2021-12-02,Canada,-0.19366694435406773
2021-08-16,Iraq,-3.3370841641825311
2022-07-20,UAE,1.5620222827541155
2020-08-17,UAE,0.13705049346215475
2020-03-15,UAE,-0.21092517243047543
2021-10-06,Saudi Arabia,0.28151893286893753
2022-05-18,Russia,-2.3769677977298609
2022-09-14,Iraq,-1.3527026367452755
2020-04-08,Saudi Arabia,-2.2248159562633996
2022-04-21,Canada,0.092546056948776878
2022-06-15,China,0.604802173311771
2025-09-10,Saudi Arabia,0.19243868341228548
2023-08-14,Canada,-0.31991049102799796
2025-12-14,USA,-1.3092371346967029
2022-06-06,UAE,1.0223864138275247
2025-03-19,USA,-0.98798649459530874
2025-03-18,UAE,0.7918066579353199
2023-09-16,USA,-1.2268679483389524
2024-12-28,Saudi Arabia,0.56469155079225553
2024-12-01,Iraq,-2.148928775593641
2020-04-02,Saudi Arabia,-2.1961726772762611
2025-11-02,Canada,0.36054482463729376
2025-09-16,China,1.0628546668673018
2022-08-25,UAE,1.7864115037641457
2024-11-20,Russia,-2.2629150958261235
2024-04-27,Iraq,-2.06798953707781
2022-04-08,Russia,-2.8310766236976574
2025-12-30,Saudi Arabia,-1.2675058999260074
2025-12-21,Canada,0.234530307324731
2026-02-10,China,1.2927152588092945
2025-03-12,Iraq,-2.0403202461482213
2024-06-10,Iraq,-1.2039215171184214
2020-03-22,Saudi Arabia,-1.4005124557743833
2023-02-09,Saudi Arabia,0.95932668973189228
2024-05-23,UAE,1.7332634408654637
2024-12-06,UAE,1.7650083603076239
2022-11-03,Iraq,-0.61078668430092886
2023-05-29,Iraq,-0.0049145194299133055
2025-10-22,Canada,-0.25367481786010582
2020-02-14,Iraq,-2.2165150194625727
2022-01-11,Canada,-0.29711911478483621
2020-02-10,China,-1.9122942351465151
2021-02-16,Saudi Arabia,-0.59531401342544021
2023-07-15,USA,-0.87809590021324024
2026-02-06,Canada,0.19802625692521586
2023-02-20,China,1.3815861889365528
2020-12-19,Iraq,-2.4161175634603733
2021-12-17,Canada,-0.045792707003640236
2021-06-06,Russia,-1.3329864749140263
2023-01-12,Saudi Arabia,0.29144494057791787
2025-11-14,USA,-0.59825964519161734
2022-02-02,Saudi Arabia,0.8649893670706561
2023-06-05,Canada,-0.5338260306601541
2023-03-25,Russia,-2.1336407722623729
2021-05-10,China,0.38406700576908637
2023-06-21,Canada,-0.32209782166937062
2021-03-08,China,0.81874942855043842
2022-03-27,Iraq,-1.4774348958861303
2021-07-08,Russia,-1.2927755668218555
2021-09-24,China,0.3395647476949088
2024-02-24,USA,-1.0692157486994089
2022-01-17,UAE,-1.2654379760072516
2024-04-26,Russia,-1.7789520186262617
2021-07-15,China,0.24480839550596187
2022-08-06,Iraq,-3.0415491765123659
2020-08-09,Russia,-2.1216552297767248
2020-08-02,Canada,-1.1001635726056316
2024-04-20,China,1.4402325148324211
2025-03-21,Saudi Arabia,-0.103659748701245
2020-10-07,USA,-1.2270130217713886
2026-02-28,Saudi Arabia,-2.6028572738758275
2023-11-04,UAE,-0.1588424736682702
2021-11-19,China,0.62850046566231443
2024-03-29,UAE,1.71689472633568
2021-07-22,Russia,-1.6046426071099364
2023-08-28,UAE,2.2649256956348016
2023-08-21,Canada,-0.63072948265334394
2022-12-21,Iraq,-0.89488908515739418
2024-02-20,Saudi Arabia,0.88420381256158787
2021-04-20,Iraq,-1.8361204211558251
2021-09-25,USA,-1.2894786589942426
2024-02-15,USA,-0.93449544672073437
2024-06-30,USA,-0.78156574626650832
2025-06-09,Iraq,-1.1785656676004665
2024-02-05,China,1.0885283410556312
2024-07-04,UAE,1.9344093557206878
2022-08-10,Iraq,-2.6814592449082975
2021-09-11,USA,-1.9063724257037544
2023-02-26,USA,-0.947988746343141
2023-07-08,Russia,-1.7402905919261895
2021-10-01,USA,-0.98708549473916185
2023-06-03,Canada,-0.57562222678300456
2023-01-15,Saudi Arabia,0.47659266679759227
2021-09-18,China,0.59426979923769807
2024-11-19,Russia,-2.4111454439323281
2022-10-17,UAE,0.48350428114666372
2020-02-06,Saudi Arabia,-0.933187130584055
2021-04-10,Canada,-0.50819935762066859
2023-07-25,Canada,-0.52002097364861966
2023-09-22,USA,-0.67272461232892189
2023-07-09,USA,-1.0429087582340517
2025-12-17,Iraq,-1.715763676160208
2023-09-26,China,1.2573679639162751
2023-03-28,China,0.019101383810930829
2023-04-08,Canada,-0.51948970888694923
2020-01-28,Saudi Arabia,-0.88664902573094784
2023-03-01,Iraq,-1.5228775663791789
2022-09-01,Canada,-0.067464749843781618
2025-10-14,Russia,-1.8602348279162795
2022-12-08,USA,-0.86409363190845945
2025-12-19,Iraq,-1.6341172634255763
2025-01-01,Canada,0.015263444781247217
2024-01-18,Canada,-0.35553045537620476
2021-12-10,China,0.674165491257275
2023-09-26,Canada,-0.65583784378553855
2021-01-05,UAE,0.46848741483617545
2020-12-09,Canada,-0.00035842422497995782
2021-12-21,Iraq,-2.6843364099385703
2024-05-19,Iraq,-1.8401476248648
2023-11-30,Iraq,-2.7513489340050481
2022-03-03,Russia,-2.6766816212098234
2020-08-04,USA,-1.414726861701606
2021-10-22,Iraq,-2.1020781271027573
2022-11-18,Iraq,-2.9023544185975565
2024-12-24,Saudi Arabia,-0.23739102126221306
2022-12-14,Iraq,-2.2272489894592229
2020-01-16,Saudi Arabia,-0.29580263202140739
2025-12-06,Canada,0.25321632979759512
2020-08-24,UAE,0.26907533654322013
2020-01-04,UAE,0.190841132354702
2021-06-03,Canada,-0.3322673059956916
2024-03-26,Saudi Arabia,1.0332900585052205
2022-01-30,Russia,-1.8121935107507816
2023-10-05,Canada,-0.43725701519032584
2020-01-21,China,-0.93940412650936111
2026-01-04,USA,-1.9448342804566734
2021-08-05,Canada,-0.0011039332725192141
2020-02-21,UAE,0.77996734941878465
2025-09-18,Russia,-1.9887838554428088
2024-02-26,USA,-0.908280778263853
2021-02-14,Canada,-0.99375133319193143
2023-05-12,Iraq,-0.60632475516590112
2025-08-29,Iraq,-2.0500444863177076
2026-02-17,China,1.6192422099177985
2020-11-23,Russia,-1.3523124941051996
2021-04-12,Canada,-0.82693045273892429
2020-03-20,Canada,-1.0722087657367005
2023-07-05,Russia,-2.3094339430142132
2023-12-26,UAE,0.8233123028246806
2023-10-03,Canada,-0.44424663193482455
2021-05-14,UAE,-2.1827865555689971
2023-10-14,Iraq,-2.4553228581671149
2025-09-19,Canada,0.063193987251146846
2020-02-24,Iraq,-3.5873931255119609
2024-05-02,UAE,0.78145977430010449
2025-01-30,Russia,-2.063490789614455
2026-04-10,Canada,0.046646493713221257
2023-12-05,Saudi Arabia,0.34478023223578724
2025-01-11,USA,-1.4963422015979713
2025-10-09,USA,-0.64865094821713287
2025-06-04,USA,-1.0959218246400046
2022-07-22,USA,-1.2250238150242738
2026-03-06,USA,-1.1828282020607856
2025-02-21,Saudi Arabia,0.31349449191567524
2023-01-06,Saudi Arabia,0.38141248900797375
2020-04-05,Russia,-2.5682223246304252
2023-08-02,UAE,1.78387450366708
2024-05-01,Saudi Arabia,0.10451392862018472
2026-01-14,Canada,0.11098212239580788
2026-01-28,Iraq,-1.6928046447658707
2025-01-26,Saudi Arabia,0.17452570401525616
2021-01-14,USA,-1.6571921506476408
2021-01-19,Canada,-0.60343427445805786
2026-02-01,Canada,0.0070426755911306357
2026-02-02,Russia,-2.2487210139382134
2020-07-27,USA,-1.5869247358611156
2021-10-26,Canada,-0.23053847249625251
2025-08-15,Russia,-1.7139001477198033
2020-12-27,Iraq,-2.2026114875940128
2022-05-15,Canada,-0.48465092084130157
2024-03-07,Russia,-1.6172272244221075
2023-12-21,Russia,-1.6452052385626441
2020-01-28,UAE,1.1596257274533255
2023-12-03,UAE,-0.68678078020566313
2023-02-14,USA,-0.96116141445474157
2024-01-27,China,1.5580491030321124
2023-01-31,UAE,1.5087329423664291
2025-12-02,Iraq,0.703464621953591
2021-08-14,UAE,0.47878799578575904
2021-10-05,China,-0.25778338292228542
2024-11-15,Iraq,-0.9631162536945661
2020-07-12,Russia,-1.9675324495745485
2022-06-18,Iraq,-2.0264310692436731
2020-07-19,Iraq,-1.2721841816063371
2024-11-20,China,1.1505010140176495
2022-10-18,Canada,-0.22782066275985768
2023-05-30,Iraq,-0.59092233860975318
2025-01-28,Russia,-1.9599351152229119
2021-06-16,Iraq,-2.0706483974599275
2022-01-02,USA,-1.585921648766297
2020-12-22,Iraq,-2.8482471337855997
2025-11-25,Saudi Arabia,0.34345719689327914
2023-12-25,USA,-0.72016455432255744
2024-05-20,Saudi Arabia,0.1710319830214023
2026-03-11,Iraq,-3.479173009062364
2022-02-14,USA,-0.82328033886129093
2021-05-20,China,0.64211270509027751
2025-09-17,Iraq,-1.0625678993603123
2020-02-18,Russia,-1.9627254016606914
2025-09-18,China,0.97152277310768942
2024-05-07,Iraq,-1.1662184696229581
2022-01-20,UAE,0.60397694526958656
2023-05-31,USA,-0.875615842605393
2024-07-15,Saudi Arabia,0.70668411978566348
2024-09-17,UAE,1.6698982340489159
2022-12-11,China,0.36794389190538174
2020-07-29,USA,-1.4532582791734847
2020-07-24,Saudi Arabia,-0.19668663550388055
2021-10-26,USA,-0.99573883859795409
2022-05-18,Saudi Arabia,0.48422774400296736
2024-08-14,China,1.1672599918342921
2024-03-12,China,1.3865813843405168
2020-09-01,USA,-1.4105292855167744
2022-02-10,Iraq,-2.5066805979123625
2020-05-05,Saudi Arabia,-1.6138529168089126
2024-11-18,USA,-0.75147470015391138
2020-02-14,Canada,-0.73457750449086312
2020-11-27,Russia,-1.4510216764966981
2020-06-01,China,0.38828879826388807
2024-06-03,Saudi Arabia,0.41703496953043107
2024-03-06,Canada,-0.22426987915885307
2024-03-18,UAE,1.2446397950275776
2026-03-21,USA,-1.5005586021742472
2022-08-27,Russia,-2.1834809960083752
2024-09-24,Canada,-0.16505783174100314
2021-07-11,UAE,1.3832036323110732
2020-02-29,Russia,-2.2884435367798486
2024-10-09,USA,-1.5096722067081205
2024-03-18,Saudi Arabia,1.0673572996929692
2021-11-24,Saudi Arabia,0.28220654773113163
2024-11-24,Russia,-2.2551816049633167
2023-10-19,Iraq,-3.3809779430214668
2022-12-20,USA,-1.2843584470240046
2025-04-06,Canada,-1.0077517047842051
2024-07-12,Russia,-2.2770094311162072
2020-07-04,USA,-1.6370606015794003
2026-02-08,Russia,-2.6277379573176889
2022-03-23,Russia,-2.4152709171982982
2021-12-07,Canada,-0.37579538241719529
2025-05-31,UAE,1.223038097025801
2020-01-14,China,0.23905488261095431
2024-06-16,Saudi Arabia,-0.25521171999411524
2022-11-28,UAE,-0.22403055130782934
2022-11-20,Russia,-2.2392036640900224
2021-06-03,Russia,-0.860556360410455
2021-10-04,USA,-1.0453209727132653
2022-04-19,Canada,-0.30488783278473314
2021-05-01,Russia,-1.4890557380171312
2025-04-16,Iraq,-0.89515007772392641
2022-09-03,Saudi Arabia,0.16183465197173497
2021-07-13,Russia,-1.3672914171982971
2020-02-08,UAE,0.63877682619607867
2026-04-16,Iraq,-2.1486650077557883
2025-12-09,Saudi Arabia,0.76368657335047774
2023-07-25,Saudi Arabia,0.28731915377016526
2025-05-29,Canada,-0.39631405148964161
2026-02-27,Russia,-2.0902829360597064
2022-07-23,Canada,-1.2004892621391778
2022-07-23,Saudi Arabia,-0.28282326901039678
2025-12-03,China,0.95022092979821615
2023-06-27,Saudi Arabia,1.0619253408914717
2020-08-25,USA,-1.3690255836566227
2024-10-10,USA,-1.6453525974670247
2020-01-02,China,0.2839532040641719
2023-07-05,China,0.62734484062196771
2024-03-09,Russia,-2.1668258709512238
2024-03-29,Canada,0.021044079939683949
2023-05-23,Saudi Arabia,0.24635190348682073
2024-09-27,USA,-1.1996463296521593
2023-11-13,Russia,-1.8357275987916324
2025-01-19,Iraq,-1.3141189197342675
2024-07-05,China,1.4571900375067635
2025-10-01,Saudi Arabia,1.2516189561256743
2021-06-27,Canada,-0.505907664219189
2022-08-21,USA,-1.0753303252797217
2025-03-15,Saudi Arabia,0.5060402945915583
2020-08-23,USA,-1.8647455865685483
2020-08-28,UAE,0.71264587282018133
2025-05-15,UAE,1.8611853275330505
2021-03-29,China,-0.055509667157019611
2020-08-19,Iraq,-5.1196327066153522
2026-03-05,Russia,-1.9493908813861265
2025-05-09,USA,-0.39453310269099373
2024-11-25,Canada,-0.4525574659596539
2023-10-18,Saudi Arabia,-1.5734843879850886
2021-09-24,Saudi Arabia,1.0695887501385497
2024-11-09,Saudi Arabia,0.63687833621943679
2025-10-18,Canada,0.30002820615155656
2021-12-26,Iraq,-2.6399335674691251
2021-06-18,China,0.46223481688189855
2024-02-02,UAE,1.484625255376832
2026-04-27,Saudi Arabia,0.002352735089125018
2020-03-03,UAE,0.53906435116347651
2023-05-07,USA,-1.3462076866954142
2022-12-16,USA,-0.96257523873922957
2025-12-01,USA,-0.687836806176581
2023-09-08,Russia,-2.2112321659218055
2020-08-28,Saudi Arabia,-0.73211780924469261
2021-01-04,UAE,1.0561626816175895
2020-01-01,Iraq,-4.4727462610242936
2024-08-13,Canada,-0.67917403311740021
2023-12-16,Iraq,-1.6768509821175996
2020-01-24,Canada,-0.85718154573091088
2020-06-29,Iraq,-3.7285972016073159
2025-04-26,Iraq,-0.78048169773377718
2025-07-09,China,0.81987347596630844
2025-04-18,Saudi Arabia,0.46357064619422006
2022-10-03,Canada,-0.15220476218981083
2022-03-29,Russia,-2.2262498080088187
2024-07-22,Russia,-1.9583642940669892
2020-07-19,UAE,-0.17521423105162845
2022-01-11,Iraq,-1.4737188539726034
2022-06-25,Canada,-0.30035279361901968
2021-01-12,Canada,-0.49255286853029911
2022-05-20,UAE,1.2870437109473181
2023-11-10,UAE,1.3153656942629925
2024-02-01,USA,-0.95402795712254151
2021-09-05,USA,-1.523571428613149
2024-04-06,USA,-1.0009319336593527
2023-09-15,USA,-0.79001990983638581
2021-03-15,China,-0.47878519075679571
2022-05-06,Iraq,-3.0595851286926194
2023-02-05,UAE,-1.5605122622238434
2022-09-18,Iraq,-1.3570005797761493
2025-04-30,UAE,1.9946286828168822
2020-06-23,Russia,-1.3616231658104838
2025-09-29,USA,-0.79158356051407153
2025-07-07,USA,-1.3562554995228391
2023-05-19,Iraq,-0.72750800364080581
2024-04-16,Russia,-2.0519859751653633
2024-04-14,USA,-1.792963323630395
2023-07-18,Iraq,-1.779377021133429
2022-03-21,Russia,-2.7549091942895765
2023-06-30,China,1.2573182285968114
2023-11-04,China,1.6996205432071625
2020-12-15,Russia,-1.1782605848356249
2024-03-21,Russia,-1.9731415835699897
2023-04-04,Russia,-1.9326057010397726
2025-11-08,Saudi Arabia,1.4073280951901508
2020-10-12,USA,-0.90578174985376825
2021-09-27,UAE,1.3525010155026391
2020-11-05,USA,-0.93544449755552606
2024-07-10,Russia,-1.8146015318743709
2020-09-22,Canada,-0.74090505903971593
2021-08-30,Russia,-1.2659672128359911
2025-01-13,China,0.97172143101315611
2020-12-04,UAE,0.6309433031315631
2025-01-19,Russia,-2.123502083282641
2024-02-02,China,1.2689420552700337
2022-03-17,UAE,0.97644851900205465
2020-07-24,Iraq,-2.1092736258998115
2025-12-04,UAE,2.7141390709418571
2023-04-29,China,1.0025719216918776
2023-08-29,UAE,1.5785369375374725
2022-10-30,Iraq,-2.651670473326301
2024-12-06,USA,-0.63971825689113859
2021-11-25,Saudi Arabia,0.58248723795747648
2025-09-17,Saudi Arabia,1.3595516776572891
2020-07-14,Russia,-1.8669862499905692
2022-01-18,Canada,-0.70871217982328194
2024-07-09,Iraq,-0.65043372699204982
2024-07-13,Russia,-2.5837832348784207
2023-12-06,UAE,0.33908100087398818
2024-04-15,USA,-1.4016355644775311
2025-12-27,Canada,-0.034939988393841867
2021-01-15,Canada,-0.645654357428494
2023-07-12,Russia,-1.3535079430812065
2025-03-24,Iraq,-2.0498429844801707
2026-04-28,China,1.435919859850437
2025-03-06,Saudi Arabia,1.2153722391454731
2025-03-01,UAE,1.3439092722804191
2021-06-09,Saudi Arabia,0.33501054586813606
2020-09-14,USA,-1.347899294501782
2022-04-13,UAE,2.1477120966729255
2023-08-22,UAE,0.73600122958159864
2021-11-29,Saudi Arabia,0.1274752788876691
2024-07-24,Saudi Arabia,0.9372544208084137
2021-07-13,Saudi Arabia,0.05452887945909618
2022-05-25,USA,-1.8567719104162841
2020-08-06,Russia,-2.0764569607407126
2023-02-18,Saudi Arabia,0.59375734023718363
2023-02-12,China,1.1629960029026545
2026-02-03,Saudi Arabia,1.1046142587095304
2022-06-08,China,0.78928579790012376
2024-06-11,Russia,-1.5603557496157019
2024-01-17,Russia,-2.2953439286440536
2025-08-03,Iraq,-1.2010632610306227
2021-12-14,China,0.57067473244509637
2022-05-15,China,0.00911801400605548
2024-08-29,Saudi Arabia,1.3868868581188039
2020-10-20,USA,-1.0508801191762047
2024-05-18,Iraq,-1.2409606207871875
2026-01-07,Iraq,-1.017553173781871
2022-12-23,China,0.45496135343937527
2024-11-21,Canada,-0.073137516374591663
2025-10-20,USA,-0.8982662412103
2020-11-04,USA,-0.55733154501707882
2025-04-01,Saudi Arabia,0.34969485452697163
2023-08-13,UAE,1.1562689361429883
2022-03-04,China,1.1202933368557071
2021-04-08,Saudi Arabia,-0.057798977860149058
2023-05-10,USA,-1.0371380331635272
2020-05-10,UAE,-0.24617279858525598
2020-01-16,Russia,-0.97793438248988118
2024-10-15,Saudi Arabia,1.2102497389658242
2022-05-07,Russia,-2.3681754983977066
2022-04-16,USA,-1.3830579355755415
2021-05-07,Iraq,-3.0018629655486504
2023-06-03,Saudi Arabia,0.73382853929835123
2021-07-30,Russia,-1.4254806896501713
2020-06-28,Iraq,-2.9749996879842437
2021-02-04,Canada,-0.51639925229222683
2025-10-18,Saudi Arabia,0.83288784221887158
2025-06-13,Russia,-2.3142778429001805
2022-08-03,Saudi Arabia,0.43615176882316331
2024-09-22,UAE,0.2650822825345121
2020-05-16,Iraq,-2.8429992753312789
2025-08-11,UAE,1.5203081113084758
2024-08-30,UAE,-0.36064450894038713
2024-01-17,UAE,0.99590121717381175
2021-05-30,Iraq,-2.2104683579899449
2020-12-11,Canada,-0.24366345558968933
2023-02-01,USA,-0.8723937735610009
2022-09-13,Russia,-1.9918600059476015
2025-05-03,UAE,0.65805576265261712
2022-10-29,Canada,-0.26795998071078231
2023-01-04,USA,-1.0899091075109579
2022-09-29,UAE,1.7494240019095695
2021-05-13,Iraq,-2.0388418332750127
2025-04-29,Russia,-1.72103421494557
2020-09-05,Iraq,-2.5136697911332857
2023-09-01,Russia,-1.6144868247760855
2023-09-05,Canada,-0.54977398565170665
2025-04-27,Saudi Arabia,0.98077075579326534
2021-02-17,UAE,-0.45954332076627974
2020-03-08,Canada,-0.84914600513800509
2026-04-19,Saudi Arabia,0.33018555698228319
2025-01-11,Saudi Arabia,0.3430125877622735
2025-01-18,Russia,-2.6638140056400879
2023-02-14,Saudi Arabia,0.39465211169265507
2024-02-07,Russia,-2.1634376747913975
2025-03-28,UAE,1.1545592178676705
2020-12-12,Iraq,-3.3207510788673096
2021-01-01,UAE,1.0574055415386896
2020-12-09,Russia,-1.5134581273115157
2024-01-02,China,1.2596956540210975
2023-02-06,Canada,0.045231638188864332
2021-12-20,Iraq,-2.8188073848123962
2021-05-08,Canada,-0.4077917072145763
2021-02-27,Iraq,-3.1740189424437473
2020-10-26,Canada,-0.39885768836166346
2023-12-19,Russia,-1.6668889520001997
2024-03-17,Saudi Arabia,0.97656683680063761
2022-09-23,Iraq,-2.5136879169504041
2023-09-07,Russia,-2.0190751991449605
2021-09-17,USA,-0.97896837252354518
2023-08-08,Iraq,-1.5690698400449219
2025-10-29,Saudi Arabia,1.2595388611573894
2023-05-31,Canada,-0.23872648722284057
2022-01-29,Russia,-2.0305259078056106
2022-03-02,Canada,-0.43259072000083759
2021-04-01,Russia,-1.7117778488244695
2024-04-04,Iraq,-2.4896846338824918
2024-12-10,UAE,1.4482612375726176
2020-09-13,UAE,0.10393975632325785
2021-07-26,UAE,0.11059851646951588
2025-02-19,UAE,1.2452306527580594
2022-11-04,Saudi Arabia,0.0867706635100957
2024-11-15,Canada,-0.21993174484340075
2022-01-14,UAE,1.420523163588209
2025-04-14,Iraq,-0.582179783170426
2024-04-25,China,1.3463353204032642
2025-03-27,UAE,1.0190906472056047
2022-12-18,China,0.50418290741595173
2024-12-24,Canada,-0.21040066713248196
2025-03-09,USA,-1.3252646196367075
2025-12-07,Iraq,-0.7779837662779715
2023-10-26,USA,-1.1962440354045198
2020-03-16,Russia,-1.7620735933556313
2022-05-14,USA,-1.3376694702224994
2022-04-13,Russia,-2.7169297750296342
2025-11-21,Saudi Arabia,0.30002236285828121
2021-07-28,Iraq,-3.1850103720454408
2020-04-10,China,-0.76229222266593744
2020-09-04,UAE,-0.17548561421434383
2020-09-05,USA,-1.6803866004021231
2025-08-11,Saudi Arabia,1.1546307846849766
2023-11-07,UAE,1.099175348640419
2022-11-25,China,0.3371886737299476
2024-01-03,UAE,0.5347531051748905
2024-08-26,USA,-0.839529067601855
2024-08-04,Russia,-2.3378010791792003
2023-03-27,USA,-1.3017846247924503
2025-09-29,Iraq,-2.6959276150617608
2023-10-11,China,0.99738922505712035
2025-04-25,USA,-1.1216524784385331
2022-08-29,China,0.62893819868668943
2020-07-21,Saudi Arabia,-0.38114404707868033
2023-05-01,China,0.93490267281621486
2026-04-24,Saudi Arabia,0.68537631066969851
2021-04-04,Russia,-1.5314627328531185
2020-06-03,Russia,-1.6645848396752618
2021-03-16,China,-0.077712436451627356
2021-05-31,UAE,0.42094812708387508
2025-08-03,USA,-1.2190667697736388
2023-06-05,Russia,-2.4361524381112107
2021-02-04,USA,-1.080070017226215
2021-02-05,Saudi Arabia,-0.82053976940489726
2024-02-26,Canada,-0.32949132741936082
2021-07-10,Russia,-1.7016803996481924
2021-06-10,Russia,-1.4860735746463034
2025-08-26,UAE,1.2897764834650352
2024-01-26,Russia,-2.1359758554029513
2022-05-31,China,0.55853813435336275
2022-11-17,Iraq,-1.1644205501061504
2020-06-05,USA,-2.0596451139434286
2022-05-11,Canada,-0.14854831600178892
2025-11-21,Iraq,-1.333190275779077
2025-05-05,USA,-0.90247970688480228
2024-05-17,Canada,-0.533335275334958
2021-05-22,USA,-1.1727807588673971
2020-05-02,China,-0.83915712104772355
2023-05-20,Iraq,-0.36691791029627
2024-11-21,Iraq,-1.4043262014874465
2025-08-30,Saudi Arabia,-0.26566579269097712
2024-04-17,China,1.2221318181691583
2021-01-21,Saudi Arabia,0.062339987059528576
2022-09-30,Russia,-1.9280833387968668
2023-04-12,Iraq,-1.537236396154408
2024-03-31,Iraq,-1.3037371212101641
2022-02-21,Canada,-1.0509024754705416
2023-09-27,China,1.2846025534131329
2026-03-07,Canada,-0.52085703780691317
2020-08-15,Canada,-0.95202546755306017
2020-05-31,Iraq,-2.7467601893422033
2022-04-10,China,-0.3032110980512383
2022-02-11,UAE,1.9318729556407406
2022-11-09,Russia,-1.8351199403622125
2026-01-11,Canada,-0.55794650804555179
2020-11-06,Canada,-0.5078171492181508
2021-02-14,USA,-1.9711606473020142
2024-02-15,China,1.1468094515605634
2022-10-17,China,1.415174595230936
2021-04-05,Saudi Arabia,-0.046527931104108453
2023-07-20,Saudi Arabia,0.72706552721952644
2023-05-07,Russia,-2.8144600759207883
2022-07-18,Russia,-2.2448485811510985
2022-09-19,Saudi Arabia,0.52257822238341844
2022-07-11,China,0.5023967811515675
2021-08-02,Saudi Arabia,-0.2369707402912547
2021-08-07,Russia,-1.3574075874816789
2022-10-03,Russia,-1.8905570362117026
2020-02-10,Canada,-0.79984686361587687
2022-05-23,UAE,1.1431891422070204
2023-05-12,USA,-1.0869637192878425
2021-10-25,USA,-1.0574685304407951
2020-12-25,USA,-1.2015390446884044
2025-05-27,Canada,-0.10193414880323262
2022-12-14,UAE,2.1519321346449365
2022-11-10,Iraq,-0.76478910807273248
2021-03-14,Russia,-1.6975907330388782
2023-07-07,Russia,-1.834246914578658
2025-07-24,USA,-0.822566980568261
2025-07-25,Russia,-2.4989993602927276
2020-05-31,UAE,-0.34214301772222511
2021-05-02,China,0.53537773356458673
2023-10-06,Canada,-0.55529577538952191
2020-09-05,UAE,-1.2384548601959382
2023-06-22,China,0.2418515710147722
2023-12-31,China,1.4777303791552192
2022-04-20,China,-0.079469436855796258
2025-07-08,UAE,0.53895597654920224
2024-05-04,UAE,0.71130373679775682
2022-08-25,Iraq,-2.3165533705102104
2022-12-11,Canada,0.20098530596947412
2024-10-11,Iraq,-2.4545787623780284
2024-01-06,UAE,0.29204421440136707
2026-03-02,Canada,0.51578376687479843
2024-08-07,Saudi Arabia,0.018152774991211582
2022-01-31,Russia,-1.9268406849268302
2024-12-04,USA,-0.7508214619141329
2026-03-10,UAE,-1.1937851050552926
2025-11-01,Canada,-0.3530745441481008
2021-08-01,Russia,-1.5806783231804238
2021-09-19,USA,-1.2216816578501315
2025-09-14,USA,-1.3346961248946378
2021-07-14,Russia,-1.5721915622493623
2020-02-01,USA,-1.3535292063894788
2022-03-05,UAE,1.1651544434455399
2023-05-12,Canada,-0.10967461281226089
2021-03-11,USA,-0.95443467972254814
2024-06-17,China,0.8137404418014601
2022-05-08,Canada,-0.27344368460610119
2025-05-18,UAE,1.4977146290042256
2022-09-16,UAE,1.1102949958636141
2021-05-03,Russia,-1.3020213563866
2022-04-15,China,0.12839590451336808
2023-10-01,UAE,2.1645442710902132
2023-08-28,China,0.66000186257284377
2023-04-02,Canada,-0.32072894480333519
2026-01-03,Canada,0.1972796369553432
2026-03-28,China,1.5087755322173748
2025-02-09,Saudi Arabia,-1.1675830241081879
2025-09-24,China,0.7861949323762264
2022-01-14,Iraq,-2.6142123476663817
2022-04-03,Iraq,-1.7832622029106509
2021-06-10,Saudi Arabia,0.17417390523766094
2025-03-15,Iraq,-2.5818964814477097
2026-04-30,USA,-1.0840645164484999
2025-08-14,China,0.63357285117136075
2020-01-12,Saudi Arabia,-0.28794381468286556
2020-08-10,China,-0.093278741232792409
2022-09-17,Russia,-2.2624219493980204
2023-10-02,Saudi Arabia,0.608734394241857
2020-01-22,Saudi Arabia,-0.39833286153336278
2023-04-06,Russia,-1.7657179151398452
2022-04-24,Iraq,-1.5858612002246431
2022-12-30,USA,-1.2277689829189273
2025-10-17,China,1.0302419822059627
2026-04-12,UAE,1.0001725509630743
2025-12-22,Saudi Arabia,0.85725038174506663
2023-11-14,UAE,1.2410563794761815
2020-07-30,Iraq,-2.4578684323401774
2020-10-06,China,0.086821021457232056
2025-08-03,UAE,0.77941669846604322
2021-03-23,Russia,-1.3965830713187601
2020-05-31,China,0.27332339869614242
2025-05-06,Russia,-1.7822570171934971
2023-08-25,Saudi Arabia,1.3168085639204397
2026-01-02,UAE,-0.50491059738706634
2026-03-20,Saudi Arabia,-2.5727979865925921
2023-10-19,China,1.3269053823047725
2022-12-20,Saudi Arabia,0.53086312219891685
2025-10-31,Saudi Arabia,0.82453984051443019
2023-11-18,UAE,-0.19050323740328107
2023-02-15,UAE,1.4746543556141369
2020-03-04,UAE,0.28688696094554722
2021-10-17,Iraq,-1.5967556749171454
2024-09-01,Canada,-0.0052201883685686068
2020-05-11,Iraq,-2.6224650161650631
2022-12-10,Canada,-0.10523611854298565
2023-10-24,Iraq,-3.2016425651971914
2021-06-05,Russia,-1.1312986676662129
2025-11-28,USA,-1.1300708668709865
2024-08-08,China,1.4032052437328812
2023-06-13,China,0.99133048763379916
2025-02-07,Iraq,-1.312664451314576
2021-04-27,UAE,0.51196628154685608
2022-12-27,Canada,-1.0104836719154382
2024-02-06,China,1.1429520196188308
2021-05-28,Saudi Arabia,-0.4176566809397107
2024-06-14,Canada,-0.031411435228309748
2024-01-01,Saudi Arabia,0.85055036314439669
2025-07-27,Iraq,-2.1525332693361454
2024-06-02,Iraq,-1.4195242880553487
2025-11-15,Saudi Arabia,1.0029687769793521
2024-12-03,Canada,-0.56301421963399434
2023-12-20,Russia,-1.6813965141923697
2026-03-18,China,1.3206309442429591
2020-04-06,UAE,-0.77693994692125612
2020-06-24,Canada,-0.90444267904571229
2022-02-09,Iraq,-2.4103164631402603
2020-07-15,Iraq,-2.400502238182435
2021-04-22,Canada,-0.51827986889041677
2023-08-16,Saudi Arabia,0.70471689872984233
2022-01-27,USA,-0.9432487990809193
2025-08-27,Saudi Arabia,1.0699987539811748
2022-05-29,USA,-1.4046667899595018
2024-09-03,UAE,-0.073156177398981087
2023-07-25,Russia,-2.1421876566422653
2024-06-07,China,1.4824461136890525
2021-06-08,China,0.36304520877282725
2020-08-10,Saudi Arabia,-0.54555882858990956
2021-03-26,Russia,-1.358989111600553
2023-07-02,USA,-0.75581359404370085
2024-08-07,Iraq,-2.551806370516625
2023-08-27,USA,-1.5266002194232946
2020-10-25,USA,-1.5297176483171326
2025-04-30,Saudi Arabia,1.1013744427744103
2022-02-07,Saudi Arabia,0.885668004594511
2025-09-14,Iraq,-1.1315654026365607
2026-03-30,USA,-1.3059246621086598
2022-08-26,Saudi Arabia,-0.012412330216422417
2024-02-28,UAE,0.549551535344456
2021-02-15,USA,-1.1996329286912015
2025-09-08,Russia,-2.207269635624908
2025-10-17,Russia,-1.8300644177831313
2022-06-22,USA,-1.0041045230045202
2024-09-17,USA,-1.3107465142392916
2021-10-11,Saudi Arabia,-0.25955177518346667
2023-07-15,Iraq,-1.3798313497036581
2020-07-24,China,0.24340195303395606
2024-12-21,Iraq,-1.4534904766431902
2024-10-06,Iraq,-3.2364528809186934
2020-01-15,UAE,0.94561129899966667
2025-11-25,Russia,-1.8054332248929055
2024-01-07,China,0.95859255634270035
2025-11-18,Saudi Arabia,0.71365632364661524
2024-12-09,Iraq,-2.4110289654397974
2025-04-30,Iraq,-0.85859583174037668
2023-04-07,UAE,0.69977768203001622
2023-10-16,Russia,-1.8612412095990365
2023-06-10,USA,-1.2464452370162062
2020-02-26,USA,-1.4250792930612608
2026-01-22,Iraq,-1.9304617374649504
2020-05-23,Canada,-1.0137422977915751
2021-06-12,UAE,0.44056620432719207
2025-10-01,USA,-0.96976874763348009
2023-05-15,China,1.1818016607209108
2022-06-05,USA,-1.5351085121401542
2024-10-04,China,0.92426123514221969
2022-11-21,China,0.70310993986256376
2023-04-23,USA,-1.1069520083506339
2024-12-03,China,1.1159014377771255
2023-10-01,Canada,-0.39632124778628242
2022-07-15,Russia,-2.4213320364808051
2021-09-20,China,-0.22748514235411696
2024-11-22,Saudi Arabia,0.53860592934845841
2022-10-24,Saudi Arabia,0.9208542216581328
2024-02-10,Russia,-2.3136676114668409
2026-04-19,Russia,-2.3757517998533668
2025-08-20,USA,-1.0285516970329294
2020-03-05,Iraq,-2.8604815097868679
2022-08-16,China,0.51957141345580493
2024-06-25,Canada,-0.19858178048947939
2025-03-13,UAE,1.4473721127234962
2024-08-16,UAE,0.04364574027244715
2024-12-03,USA,-0.8119403978111871
2020-10-23,USA,-1.5303986984675824
2020-01-30,Saudi Arabia,-0.33598467776319096
2022-09-27,Iraq,-1.5819908385369006
2020-06-29,Saudi Arabia,-0.95258027562116343
2020-07-18,Saudi Arabia,-0.94255165592148771
2022-03-30,Iraq,-0.90420292976149264
2024-04-27,Saudi Arabia,0.44044759261357658
2021-06-13,Iraq,-3.1054070684045256
2021-06-16,Saudi Arabia,-0.035877736790319067
2025-03-26,Saudi Arabia,-0.11292738032192771
2024-10-29,USA,-0.76395060370553081
2023-01-11,Saudi Arabia,-0.16009852402667207
2025-02-13,Canada,0.011075028180504942
2023-06-01,China,1.0520878633932533
2025-02-01,Russia,-2.7658519729247057
2022-01-28,Saudi Arabia,0.58972649182877035
2023-07-16,China,1.2109799229280764
2022-08-21,Russia,-2.9075203751484677
2020-06-15,UAE,0.41803156460355817
2020-12-13,Saudi Arabia,-0.26573792408433611
2023-09-28,UAE,2.0783790214354276
2022-11-21,UAE,2.03948036047475
2024-12-12,Iraq,-1.5693679135542757
2021-10-04,Canada,-0.22303030168007615
2025-07-22,Saudi Arabia,0.90838852638976642
2021-05-12,Iraq,-2.3159604937809521
2022-04-20,Canada,-0.059601285215337016
2026-01-04,Iraq,-1.9791252335714287
2021-03-02,Saudi Arabia,-1.1382529519040769
2025-04-20,UAE,1.6258721567560015
2023-03-04,UAE,1.2147923841973314
2025-10-22,UAE,1.5098272259509331
2025-09-05,Saudi Arabia,0.64846762913201028
2021-11-09,Saudi Arabia,0.19009440339145398
2020-09-22,UAE,0.071014944592596815
2024-04-19,USA,-1.1653304097166961
2024-04-11,Russia,-2.4841464100195894
2021-01-16,UAE,-0.60690110123909347
2022-03-19,Canada,-0.25646428523624076
2024-10-17,Canada,-0.5145714715173676
2026-02-15,USA,-0.72373592560627842
2020-03-24,Russia,-2.0067688914529982
2020-08-22,Iraq,-3.291452622553332
2021-12-16,Russia,-1.3101404542040318
2026-03-03,USA,-1.697074761016206
2022-07-04,USA,-1.4112396336451689
2023-05-21,Iraq,-1.1817849408567993
2024-07-24,Iraq,-0.74223534147453507
2022-06-14,Iraq,-3.135975550714492
2022-09-04,USA,-1.1654121364237469
2025-09-02,Canada,0.044541093933138251
2025-08-28,Iraq,-1.8624237316642047
2023-11-27,China,1.205830054594792
2021-04-10,China,0.021754149767562916
2023-04-20,USA,-0.983772503816866
2024-01-04,Saudi Arabia,0.38139510095383367
2021-05-09,USA,-1.4458432796981782
2021-07-24,China,-0.11263618443078362
2023-01-06,UAE,0.53464303940798308
2023-04-01,Iraq,-1.9424357853364926
2024-05-06,Iraq,-1.5393723455104167
2026-01-23,USA,-0.9974470889681617
2026-04-08,Canada,0.012309356653374751
2023-11-24,USA,-0.700272010427422
2022-03-24,UAE,1.4387389639221193
2021-10-24,Iraq,-1.7390050738663694
2022-01-01,UAE,1.203603709080584
2023-11-03,USA,-1.0153029180695903
2021-06-03,UAE,0.47697333265840708
2021-06-09,Russia,-1.5684346435203234
2024-10-01,USA,-1.1155494695537826
2024-05-22,UAE,1.4377653397107206
2022-04-13,USA,-1.599748660909444
2024-12-01,UAE,2.021862006183671
2024-08-10,Canada,-0.41431128463895917
2023-09-03,USA,-0.82681025450842693
2024-11-13,UAE,1.5165951380781124
2020-07-22,Russia,-1.6594470366081844
2023-05-22,UAE,1.6975884827356471
2025-04-11,UAE,1.5319584100848866
2020-02-01,Canada,-0.76899318060538269
2026-04-10,UAE,0.874340331818257
2021-11-10,USA,-0.874280463576562
2021-03-31,Canada,-0.4318886209257
2023-11-13,USA,-0.79237480508193514
2024-02-04,China,1.5120166018824148
2021-06-21,Saudi Arabia,-0.22261456846308528
2023-09-11,China,0.93745921575270241
2021-03-16,Russia,-1.5123445920959011
2024-08-18,Russia,-2.8174674631868686
2021-05-06,Saudi Arabia,0.20524899577274164
2025-02-19,USA,-0.91257535732477435
2023-06-02,Canada,-0.24707243306459517
2021-05-12,UAE,0.79777123316435006
2022-07-15,UAE,-0.36891354751941685
2020-12-31,Canada,-0.68907958489069487
2023-08-03,China,0.59739503774067326
2022-06-10,China,0.44603516510064251
2026-04-06,China,0.67911108267538578
2022-10-22,Saudi Arabia,0.15444537847687009
2020-04-20,Saudi Arabia,-2.2989404511429581
2020-09-24,Iraq,-2.3712057839628859
2021-10-19,Iraq,-2.9051895000152763
2021-06-27,Iraq,-0.99114414959757979
2024-06-25,USA,-1.0480781369894809
2023-07-01,Russia,-2.0596550674849654
2020-08-16,USA,-1.5795928006293305
2024-08-28,China,1.4403194853949732
2023-02-04,UAE,1.4122947740059275
2020-01-23,UAE,0.45071110165317446
2020-04-09,UAE,-1.2869897396054608
2023-01-15,UAE,2.3617249074056121
2022-12-25,Russia,-2.1543528385502766
2020-07-14,Saudi Arabia,-1.2550917131025878
2022-04-04,Saudi Arabia,0.21879126500908613
2023-12-11,Russia,-1.7790085408923544
2026-04-06,Iraq,-2.3815865861782752
2020-07-02,Russia,-1.0241311487168638
2021-09-02,Iraq,-2.2159498209682051
2023-02-12,Iraq,-1.0657556282047247
2025-12-13,Canada,0.012149264400953604
2025-08-28,China,1.2527458759066825
2023-07-28,USA,-0.940155531691285
2021-04-10,Russia,-1.6210493767320244
2022-01-01,Saudi Arabia,0.1608929983194603
2021-04-11,Iraq,-0.96001771592890461
2026-02-26,Saudi Arabia,0.784584279532456
2020-03-23,USA,-1.790738314880775
2021-05-31,Russia,-1.2654328427219785
2020-01-03,Canada,-0.54521812551341953
2023-09-20,China,1.16870492312432
2025-07-31,Canada,-0.517174477670384
2020-01-01,Russia,-0.48613841679710551
2022-05-16,Saudi Arabia,0.53076505353929782
2023-12-18,UAE,1.1514383496439464
2021-11-24,China,0.6041417665495723
2023-01-02,Saudi Arabia,0.73409924060850074
2024-11-21,Saudi Arabia,0.67768862134550489
2026-04-27,China,1.4814728254248919
2023-02-13,UAE,1.1406118639448934
2025-10-05,UAE,1.3059756618210085
2020-06-17,USA,-1.5036499623740764
2023-11-03,Russia,-1.9197809419638729
2021-12-13,China,0.51591406428848963
2025-05-16,China,1.1822601464837383
2024-08-03,Russia,-2.8259807843276223
2023-03-29,China,0.12230000774820736
2022-04-29,Russia,-2.2098353054715592
2020-06-23,UAE,0.30657591737937573
2020-12-30,Iraq,-2.71193378289126
2020-05-04,Canada,-0.87627014272793
2022-10-10,Canada,-0.23194847688632747
2020-09-21,UAE,0.52052976665584338
2020-08-06,UAE,-0.933084993723426
2023-07-11,UAE,2.3531117982981238
2025-03-22,Canada,-0.092489057695162413
2025-03-20,Canada,-0.0034704018909278711
2026-02-03,UAE,-0.54034999303229347
2024-09-03,Iraq,-1.1863344197198686
2024-10-20,China,1.7532842712021059
2022-07-26,UAE,1.53715202547178
2025-12-03,Iraq,-1.8275781620532645
2023-04-24,Canada,-0.051754777324950457
2023-04-20,Canada,-0.28429763236325517
2024-08-23,Iraq,-3.2501190759510243
2024-08-07,USA,-0.73527793301157973
2020-06-30,China,-0.618402695919034
2021-05-03,Iraq,-3.135070213048186
2023-03-28,Canada,-0.49408046418550339
2024-05-30,USA,-1.1445226926021597
2024-05-18,USA,-0.99778187175941424
2022-04-25,Russia,-2.0313994894631771
2025-07-06,Russia,-2.1890453521453708
2025-09-17,USA,-0.82767447046693621
2020-05-06,Russia,-1.8202097534145787
2020-05-04,UAE,0.04145526467999034
2023-08-05,China,0.54344114190898185
2021-04-25,China,0.67679592215963036
2023-03-15,UAE,2.2303903513778072
2026-01-31,China,1.3498612943054813
2026-04-11,UAE,0.26776027639103644
2022-05-27,Saudi Arabia,0.51970988538994445
2020-08-02,China,0.42471846303615596
2021-04-04,UAE,0.338740215657348
2021-12-03,USA,-1.1929637098710475
2020-06-10,Canada,-0.85576058994909221
2022-05-08,Russia,-2.505234978491913
2025-03-04,USA,-0.6901091572114495
2020-09-18,Saudi Arabia,-0.76349929184245324
2024-08-24,UAE,0.76724595568436049
2024-12-04,Saudi Arabia,0.30072851458628957
2026-03-10,China,1.2593572255519714
2022-11-05,USA,-1.2549926741303572
2025-07-02,USA,-1.0820999797509181
2021-08-06,Iraq,-3.0179321257736582
2025-01-06,UAE,0.82655394547898453
2021-01-22,UAE,-1.0381425104963247
2020-11-27,China,0.47683708022084409
2023-06-30,UAE,0.92597447188959425
2022-02-22,Iraq,-1.1484842784688831
2023-04-22,UAE,1.4106825672766274
2020-04-10,Russia,-2.1051418722263451
2023-04-03,UAE,1.5243183104304487
2025-02-03,Iraq,-1.4618188787923914
2025-09-24,USA,-1.1373141765600376
2025-09-20,Saudi Arabia,0.85372813351860544
2022-06-20,Russia,-2.1121004885418007
2025-01-24,Canada,-0.029118006167735355
2020-02-04,Russia,-1.7238870572937035
2023-07-13,UAE,2.2399415920445978
2023-07-29,Canada,-0.33114909151710836
2024-10-22,Iraq,-2.3825026239209337
2023-09-19,Russia,-2.3695528615657429
2020-08-30,USA,-1.8575558811189961
2024-01-06,China,1.5243462471609235
2021-07-29,Canada,-0.36469921662202054
2022-07-04,UAE,1.3159794376569542
2020-10-17,Russia,-3.3523358627972168
2025-04-22,Canada,0.35283830070061545
2020-11-16,Canada,-0.60586821015662051
2022-01-10,UAE,1.1426116761768861
2025-04-05,Canada,-0.55956552688499694
2021-04-04,Canada,-1.1103939251777084
2021-01-21,Canada,-0.316383597318681
2023-05-17,China,0.9210563864451452
2022-08-14,Canada,-0.41367806975123433
2022-05-10,Iraq,-2.86572198600097
2020-01-03,UAE,-1.1859764123665668
2021-07-21,China,-0.71000535470333115
2024-05-31,China,1.2470860852131647
2021-05-19,Russia,-1.0804339573870478
2022-04-22,USA,-1.1165220417523558
2021-05-22,Russia,-1.0113414753968835
2023-08-09,USA,-0.87736413938676772
2020-07-23,China,0.21570979234349352
2020-02-26,Iraq,-2.8768092670420549
2023-03-08,Canada,-0.02520173769861947
2021-07-01,UAE,1.2103707149152789
2022-06-17,UAE,1.0394468498700651
2021-04-22,USA,-1.079553567409852
2022-09-01,Russia,-1.975652304062637
2025-09-02,Iraq,-1.8303707849211148
2026-01-29,China,1.1282076134014165
2022-08-05,Russia,-2.1157312761099152
2024-09-12,China,1.2462935148149061
2025-01-10,USA,-1.8013343752586806
2020-12-06,China,0.036452271366132667
2025-03-31,Canada,0.090593790235520624
2021-10-13,Iraq,-2.4194505300126425
2022-12-02,USA,-0.78383909168744881
2022-08-20,USA,-1.2206071479537446
2022-06-02,Canada,0.045843578236957047
2023-04-10,Iraq,-1.6326971068409502
2021-08-10,Saudi Arabia,-0.14319361398216124
2022-07-28,UAE,1.0081919512337731
2021-12-11,Iraq,-2.0198050744674876
2024-05-25,UAE,0.92106110557316523
2026-03-10,Russia,-2.0920738088481996
2025-07-10,Russia,-2.06733404417411
2021-07-31,China,0.0021045451991913156
2022-07-11,Iraq,-0.97918005288506582
2024-11-11,Saudi Arabia,0.0649142410222799
2023-03-18,Iraq,-1.3138071823245343
2023-08-11,Saudi Arabia,0.039950141487395147
2020-02-07,China,-2.1666362231924752
2025-12-25,China,1.4386976555074416
2025-03-20,Saudi Arabia,0.4599707686449297
2021-01-24,UAE,0.850821719581121
2022-03-18,UAE,-0.52562508207634917
2025-12-11,UAE,1.2223308233899635
2021-10-29,Iraq,-2.4840281924249479
2021-01-31,USA,-1.5175647258482017
2021-03-11,China,0.4119398201522626
2023-04-28,Saudi Arabia,-0.42931293688617733
2023-10-07,Canada,-0.78079008584067389
2022-02-01,Canada,-0.52111054772220611
2024-08-11,USA,-0.54265681311209835
2024-03-10,Canada,-0.16354503196168979
2022-12-25,Saudi Arabia,0.84168939639086671
2024-09-24,Russia,-2.213956284330231
2020-07-01,China,-0.3536442643308656
2022-09-09,Canada,0.43597420509645718
2025-08-20,China,1.1351235242272237
2020-05-13,Russia,-1.8989754200507054
2021-04-09,Iraq,-2.2409710039143516
2021-06-22,USA,-0.90975155189493484
2020-02-27,USA,-1.5674754512309643
2025-03-10,Iraq,-1.65698422225719
2023-01-31,Saudi Arabia,0.16930432570431078
2024-06-06,Canada,-0.061915426913807
2026-03-07,China,2.0139456008500147
2025-11-12,Iraq,-0.84500614181047518
2022-04-28,Russia,-2.3558850156165239
2023-08-31,USA,-1.12440629136805
2025-09-04,Canada,-0.550232044833356
2024-07-09,Canada,-0.26595751446297139
2021-11-09,USA,-0.936468716317134
2026-04-15,Iraq,-1.9162172162337094
2023-02-11,China,1.2769042802681581
2021-06-22,Russia,-1.4688432718409559
2023-07-28,Iraq,-2.0386230798647951
2023-09-09,China,1.1877162606958376
2021-12-16,UAE,1.8683732561977329
2023-07-09,Saudi Arabia,0.33858377930993422
2022-11-20,UAE,1.3994630909184875
2023-09-27,Canada,-0.654016774971416
2024-12-11,China,1.2203429215611861
2025-11-16,China,0.93804617257106715
2022-07-01,Canada,0.18902619345637697
2023-01-04,Russia,-2.2868367634467344
2020-06-28,USA,-1.9414356887958983
2025-11-04,Iraq,-2.1223635339837221
2022-01-20,China,0.43233322691701204
2020-09-28,Saudi Arabia,-0.56457462366272093
2023-12-14,Iraq,-2.5944781591071426
2022-10-12,USA,-1.0381135444965328
2022-09-05,Iraq,-2.6265717878214012
2026-02-09,China,0.82847713147862923
2020-03-27,UAE,-1.7977660082352209
2024-06-15,Iraq,-1.793639120853894
2026-03-03,UAE,-2.0927138722519065
2021-10-09,Russia,-1.3443403696130316
2020-04-12,Russia,-1.8982882020409495
2026-01-08,Canada,-0.25162504845933376
2022-06-18,UAE,1.1163532221357897
2024-09-29,China,2.2499691713043437
2024-11-04,China,1.4841966703610829
2026-04-09,USA,-1.3696767920137352
2020-02-02,Iraq,-2.758327425289508
2020-05-27,China,-0.14003902968896872
2022-03-08,Iraq,-1.1739558534307235
2025-06-03,Saudi Arabia,1.1760597595973683
2025-06-04,Russia,-2.0408188762186281
2024-04-05,Russia,-2.6694697440010104
2024-04-08,Iraq,-1.5349356487480337
2024-10-22,UAE,1.2374348118449265
2021-12-12,USA,-1.4378299778679033
2021-11-19,Iraq,-3.1267416762885509
2025-05-03,Canada,-0.10169826159626873
2024-05-27,Canada,-0.14479992749119883
2025-02-13,UAE,1.7386825778120651
2024-12-09,Saudi Arabia,0.22993651915280572
2021-05-12,USA,-1.1913476343854146
2023-04-03,Russia,-2.2666639134692881
2025-02-06,Saudi Arabia,0.23233339664695782
2021-05-23,China,0.0086496831274962271
2025-04-28,Iraq,-0.667475504276838
2020-11-19,Saudi Arabia,0.040461082969129036
2023-03-11,Russia,-2.1516574903844687
2020-09-20,China,0.15340136296655893
2021-01-17,Iraq,-2.7049508555612323
2021-10-19,Canada,0.090796370094038528
2020-05-10,Canada,-1.2182107837411889
2020-05-16,China,-0.65363793531632208
2022-03-20,UAE,1.7322308830615802
2022-11-18,Canada,-0.033774202716259437
2023-06-27,Canada,-0.29975059661066061
2025-05-11,UAE,1.5596765445873895
2020-12-19,Canada,-0.42165947315953861
2023-01-25,Iraq,-1.6594564779058176
2020-01-20,Canada,-0.045628666512119789
2023-01-24,USA,-1.1650661171220835
2023-10-15,Russia,-2.3963638312126507
2020-09-08,USA,-1.2896658251767135
2022-07-03,USA,-1.4855376104144042
2022-04-25,China,0.12064882632403223
2025-04-23,Saudi Arabia,-0.9245534542126338
2023-05-28,Russia,-2.4586821186256533
2020-07-15,Russia,-1.622203741819684
2020-07-10,Russia,-1.6379889951439681
2026-04-11,Saudi Arabia,-0.16999967070777788
2020-04-24,Canada,-1.5380663564318922
2024-01-31,Saudi Arabia,-0.1190734238762578
2023-11-19,USA,-1.1385124793998753
2020-11-30,USA,-0.92960610658854026
2025-08-13,Saudi Arabia,0.51023362860961463
2025-03-09,Canada,-0.033663313601407355
2020-01-18,UAE,1.1041996922744033
2024-06-19,Saudi Arabia,-1.210288428313717
2022-05-09,Russia,-1.8994836099992021
2021-08-13,USA,-1.22583070637716
2023-07-08,USA,-1.0033661255973902
2023-07-07,USA,-0.94629725011322718
2022-11-23,USA,-0.9193688630342165
2022-09-10,Russia,-1.5696271180204682
2023-12-19,Iraq,-1.5669526869134354
2024-11-26,UAE,0.98862284137704448
2020-01-26,Canada,-1.7942317626049706
2022-02-09,Saudi Arabia,0.25450793363059138
2020-10-15,Canada,-0.56765033391426878
2020-02-18,China,-1.7843353090429879
2021-04-20,USA,-1.4861187617347291
2024-11-06,UAE,1.7839265956483397
2023-12-03,Russia,-2.8699157283391
2024-07-19,Russia,-2.30277787595101
2022-08-15,USA,-1.2114894091130126
2023-10-26,UAE,1.4766359768361064
2021-08-21,USA,-1.4651745833521548
2025-07-09,Canada,-0.302634738973277
2026-01-15,Iraq,-2.55668107903936
2022-06-24,UAE,0.042262033093556438
2021-01-12,Iraq,-2.3934646093055707
2020-07-31,Iraq,-2.2336299451824724
2023-02-25,UAE,1.4424924353007142
2021-12-14,USA,-1.1824321949566092
2021-03-28,Russia,-1.886463233042166
2021-10-05,USA,-1.0137857824136152
2020-03-15,Russia,-1.9514285654648003
2021-12-20,Canada,-0.020494061570790235
2026-03-06,Iraq,-2.9342496665149129
2026-03-12,USA,-1.2388990878658912
2024-08-12,Saudi Arabia,0.81955550712158143
2023-08-07,Saudi Arabia,-0.16686316024607425
2020-07-12,Iraq,-3.5585233809506494
2021-09-28,USA,-1.07760279117317
2022-06-29,Russia,-1.7980511611852219
2023-11-19,Iraq,-1.7737747251019909
2023-07-28,UAE,1.1186096069754203
2023-04-10,UAE,1.6598487078382282
2023-09-12,Russia,-1.5582228761686088
2023-04-27,Russia,-1.7607313003939609
2023-02-05,Saudi Arabia,0.58915823656661681
2021-11-20,Canada,-0.51606089457804294
2023-01-22,UAE,1.4977902080702632
2022-09-23,Saudi Arabia,1.9972862034272452
2025-12-24,Iraq,-1.2901344050632375
2025-03-25,China,1.2973134547312839
2024-09-21,Russia,-2.4071239804269915
2025-08-27,Iraq,-1.2556875404847707
2024-10-04,Canada,-0.21268564896395784
2025-08-01,UAE,0.621792572727659
2025-03-07,China,2.0057910710889764
2021-06-01,UAE,0.42615299263432166
2022-11-28,USA,-1.0320330418126964
2023-09-27,Russia,-1.9790989277501865
2021-03-22,Canada,-0.91584228924862765
2024-08-24,Iraq,-2.0938677807590462
2022-04-16,Iraq,-2.6145154043638144
2026-03-20,USA,-0.96217552784909344
2020-05-01,Russia,-1.8416276218002077
2025-10-22,Russia,-2.1229568593725019
2021-09-29,Saudi Arabia,1.0719094398390094
2024-09-23,Russia,-2.2193894990172027
2020-02-04,UAE,0.85368919563289
2022-06-29,Saudi Arabia,0.016428856184938761
2020-03-06,USA,-1.4176347948636325
2022-12-04,USA,-0.89678145831398925
2021-10-22,Canada,-0.019493198738975537
2020-06-17,Saudi Arabia,-0.99125010323820861
2020-03-28,China,-1.5185358874171753
2023-04-26,Iraq,-1.2786347955379964
2024-06-07,Russia,-1.3685773697326988
2024-12-04,Russia,-1.97029249785787
2023-01-11,China,0.70758931511681955
2023-04-09,Iraq,-1.7889470673068748
2022-04-26,USA,-1.0020574446210944
2022-07-04,Canada,-0.45394042034437654
2023-03-31,China,0.27765795515852221
2026-03-31,USA,-1.1503793581475961
2022-08-23,Iraq,-1.42076482313454
2021-04-21,UAE,0.92222804720289564
2020-02-02,Russia,-2.0640163679092813
2020-05-26,China,-0.1886299019782231
2024-04-22,USA,-0.8620192723320087
2026-04-24,Russia,-1.9963289029520759
2021-09-03,Canada,-0.85917166372452736
2024-10-20,Iraq,-1.7137121132082551
2021-10-24,Saudi Arabia,0.58741595893750564
2022-12-19,Russia,-1.6671320376154375
2020-08-29,UAE,0.43143824207882137
2025-05-10,China,0.99532455786540464
2022-05-19,USA,-0.96550007299398988
2024-01-07,Saudi Arabia,-0.66324556088609277
2025-07-26,Canada,-0.38845879565394609
2021-11-26,USA,-0.80293533377604709
2023-06-20,Saudi Arabia,0.86288285173341206
2025-07-08,USA,-1.1347092973892798
2021-04-23,UAE,0.38865166236897808
2022-12-27,China,0.046012473119930689
2022-06-26,Iraq,-2.9652982927110192
2022-03-04,Saudi Arabia,-0.0077146423136975444
2021-10-12,UAE,1.7099314014744327
2021-12-05,USA,-1.2859347773955119
2024-12-04,UAE,1.8077823890087896
2022-09-13,UAE,1.5308051208224307
2021-07-23,Iraq,-2.6647663792193561
2023-03-27,Saudi Arabia,0.087699358709975042
2023-01-01,Russia,-1.8233094485344861
2024-05-13,USA,-0.86030669914431579
2021-05-24,USA,-1.0236716579602336
2020-07-14,Canada,-0.82154006739524421
2026-04-01,Russia,-2.1462344433749276
2024-11-03,Canada,-0.077384991723411872
2020-09-23,Russia,-1.745341439368373
2026-04-11,USA,-0.85832742987623878
2026-04-18,Russia,-2.5408476775114419
2021-12-29,UAE,1.3568876702280745
2020-03-06,China,-1.4560816491009596
2021-10-16,Russia,-1.9600885177847329
2021-06-20,Iraq,-2.1869449654200506
2024-02-03,Russia,-2.34792243553439
2022-06-06,Russia,-2.0248707028082285
2022-07-23,USA,-1.3345099864412742
2024-01-11,Russia,-2.0295517745260079
2025-05-13,China,0.94067681886004562
2025-05-02,Canada,-0.18606313043778216
2023-03-30,UAE,1.6934531912738029
2025-09-21,Iraq,-1.60053283793817
2023-07-31,Iraq,-2.3024204098606216
2025-10-26,Canada,0.13326239767960346
2024-02-19,Canada,-0.23297826188549198
2021-01-19,UAE,-0.2174667523171061
2024-07-05,Russia,-1.6479050583660582
2024-06-21,Russia,-2.0140752247674163
2025-03-16,USA,-1.6718484076742797
2020-12-22,USA,-0.83074185806024947
2021-12-07,China,0.70899891616014277
2021-01-01,Iraq,-2.9485174117174067
2023-02-07,Saudi Arabia,0.96814444250485576
2023-08-27,UAE,2.2994732353577723
2020-09-03,Canada,-0.64034397749202443
2023-03-07,UAE,1.9371365258619127
2024-07-21,UAE,0.85630701612444671
2022-08-06,Canada,-0.7185099315744764
2026-02-05,UAE,1.3423836491116456
2022-08-14,Russia,-2.3023511984367362
2024-06-20,Russia,-1.5074449362078512
2023-09-19,Saudi Arabia,0.60243233622027825
2023-01-30,UAE,0.40861150758700721
2023-10-24,USA,-1.1649208431012024
2024-01-11,Iraq,-2.8551844765782328
2024-08-16,China,1.1357610850453503
2023-08-24,Saudi Arabia,1.0874033834344294
2024-03-12,Saudi Arabia,0.74222783647478341
2023-06-12,UAE,2.1486980564236653
2023-01-15,Russia,-3.0533459429540355
2023-05-23,USA,-0.912168510435483
2023-08-18,UAE,1.1185971320697923
2022-06-27,Canada,-0.18526477033792502
2023-05-12,China,0.91043174210101974
2022-03-19,Iraq,-1.1591230463306617
2020-03-25,Russia,-2.0532771458966552
2024-01-15,UAE,0.21650504704447682
2023-11-01,Canada,-0.43934142236340645
2023-07-06,Saudi Arabia,0.48894287472667242
2021-10-02,Iraq,-1.7769863715915541
2020-09-15,China,0.26088314981513017
2022-04-28,Iraq,-1.7524320436080778
2024-07-23,Iraq,-1.7541831134350212
2020-09-23,Iraq,-2.9342815856305884
2023-07-16,USA,-1.022963104371293
2020-05-20,USA,-1.2559151125600272
2021-10-16,Canada,-0.41916915599704957
2021-01-24,Russia,-2.5515558560945388
2020-07-31,Russia,-1.814923906765008
2020-12-24,Russia,-1.1039122013909686
2021-12-04,USA,-1.5883127994662503
2024-06-17,Saudi Arabia,0.091630046778440652
2023-02-06,Saudi Arabia,0.40838836918798732
2023-08-29,USA,-1.1317572203537611
2025-05-08,Iraq,-0.30481503262530052
2021-11-26,Saudi Arabia,0.12693163356563317
2025-02-09,UAE,1.8372994657545276
2026-01-23,UAE,1.7196581073930222
2022-06-21,UAE,1.7167361957705507
2024-04-03,UAE,1.4000999308067179
2023-07-30,Canada,-0.68318311664126607
2024-12-28,China,0.94678990069665325
2022-07-22,Canada,-0.40177950546363977
2020-06-05,Iraq,-2.1498057000510546
2023-04-29,Saudi Arabia,-0.75730833100980621
2023-02-08,Iraq,-3.4544674157349768
2025-02-27,Canada,0.14228163820225206
2025-11-20,UAE,1.9063567291027563
2023-10-07,China,1.4369829691383051
2023-10-04,Canada,-0.3685547775878531
2022-03-30,Canada,-0.086969878820285451
2024-11-01,Russia,-1.7972758551517984
2021-02-11,Iraq,-2.7347259706140061
2026-02-05,China,1.2941342999327803
2021-04-09,China,0.29124360363204926
2020-12-09,USA,-0.85684050420174485
2023-02-05,Canada,-0.33532884529753348
2020-05-31,USA,-3.0654597430612966
2021-05-04,Russia,-1.2789571628433336
2021-07-27,USA,-1.166065263882857
2025-02-13,USA,-0.59134766073055534
2023-03-03,Iraq,-1.1257672005003125
2021-11-04,Russia,-1.0975337867940842
2022-10-19,China,1.4114705385424235
2024-02-14,Saudi Arabia,1.1264196401358588
2024-04-27,China,1.8053861209842492
2023-08-10,Canada,-0.28664154210630371
2021-11-10,Canada,0.1032368251934291
2023-11-14,Iraq,-2.7327871768242957
2026-02-02,Canada,0.030958260755836756
2025-06-07,USA,-1.3844155289503237
2026-02-04,China,1.15198939030257
2020-07-30,Russia,-1.9734585362892976
2021-01-30,UAE,0.87845643801331585
2024-10-07,China,0.83154921313321006
2020-12-22,China,0.164701835295609
2026-02-25,Russia,-2.0474490352073738
2020-12-14,Iraq,-2.5955599425062927
2022-09-16,Russia,-2.07764104302429
2021-05-07,Russia,-0.80962394756161948
2025-05-05,Russia,-1.6062051278237914
2026-01-16,Saudi Arabia,0.29339457704821403
2023-08-16,Iraq,-1.289057354178575
2023-12-02,UAE,-0.211246141157241
2025-10-14,China,0.844992556262837
2020-05-18,China,-0.37540907561786041
2020-07-27,Russia,-1.6533358136223359
2021-10-24,USA,-1.3620039708840301
2023-02-09,Russia,-1.7540330101878827
2023-09-24,USA,-0.694090596830568
2021-08-22,Canada,-0.64615170615291151
2025-11-16,Canada,0.64067238056286269
2021-02-20,China,0.4199284015739449
2021-07-21,UAE,-0.74947095005015663
2021-02-26,UAE,-0.24513530813436601
2022-10-26,USA,-0.95972827576039788
2020-01-27,Saudi Arabia,-0.453372386281398
2024-05-18,China,1.3971871242813
2020-09-09,USA,-1.2846928516235654
2025-07-02,Canada,0.36653737675976589
2021-03-03,UAE,0.66472313344357292
2022-02-10,Russia,-1.5245276238252292
2020-11-16,Iraq,-2.0928720875237294
2022-06-14,Canada,-0.39991657117064727
2021-01-20,UAE,0.93191849687446626
2021-01-22,Russia,-1.7022809508518755
2022-03-16,Russia,-2.441480712304966
2022-11-16,Saudi Arabia,0.49848967907533159
2024-10-25,Russia,-1.8156543688727502
2020-06-16,Canada,-0.79832581395231983
2020-06-12,Saudi Arabia,-1.5523033257254617
2023-10-22,USA,-1.3573850200039241
2023-07-08,China,0.97946789322658612
2021-08-23,Canada,-0.60337227726577292
2024-10-02,Saudi Arabia,0.30994722974637784
2025-11-17,USA,-0.73916899965499017
2025-07-23,Canada,-0.328505021322133
2023-12-16,USA,-1.2755985104223293
2023-06-20,USA,-0.85022009102062657
2023-01-20,China,0.991222842238388
2026-01-19,Saudi Arabia,1.1597621547346029
2021-02-09,USA,-1.2732807006494058
2021-04-27,Saudi Arabia,-0.328854709651042
2021-09-29,China,0.49781043732439434
2024-04-18,USA,-0.88965392185654313
2020-08-06,Iraq,-2.6074555206249328
2020-05-25,Iraq,-2.1974235913039628
2021-04-01,China,0.16962387563238612
2024-09-08,China,1.0981586498321043
2025-01-03,Russia,-2.3647853744637133
2026-02-18,Russia,-1.7558053213606581
2026-02-24,Russia,-2.3995605513868359
2021-03-18,Russia,-1.3188426847052541
2024-08-25,Iraq,-3.3118399851954456
2024-03-29,Saudi Arabia,1.241420835985285
2021-07-27,China,-0.026047534549973703
2023-06-19,China,1.1046880353038788
2026-01-14,China,0.8153382555255
2022-12-29,China,0.39186491815298996
2025-09-05,Canada,-0.39863048216997737
2023-03-16,Russia,-1.9556639179168389
2023-08-14,UAE,1.395943576986544
2020-04-25,Iraq,-3.2651658113519306
2021-11-16,Saudi Arabia,0.81105648421435139
2022-08-05,Iraq,-2.0291343690907295
2021-06-17,Canada,-0.12207734741132395
2026-02-01,Russia,-2.3371907103089051
2025-03-12,Canada,-0.45631580272628708
2020-12-27,Canada,-1.3523204841988934
2025-05-31,USA,-0.86057988871676727
2024-10-14,USA,-0.71317672057073533
2023-02-03,China,0.92723290867021257
2024-08-06,UAE,0.65187785174051527
2020-09-12,Saudi Arabia,-0.75155313910824684
2022-10-31,UAE,2.7380404364337751
2022-11-05,Russia,-2.7376502565179823
2023-09-01,UAE,1.8200027443054958
2020-04-04,Russia,-2.4667283896420291
2020-02-26,Canada,-0.73128346960019752
2022-01-18,Saudi Arabia,-1.4829905056381947
2024-09-23,USA,-0.72606752304390842
2022-10-21,Saudi Arabia,0.51662636988964239
2023-03-10,China,1.50553950330986
2024-11-08,Canada,-0.36455318754739757
2020-05-25,UAE,-0.10167022103984365
2025-12-09,Iraq,-1.1210672563745665
2024-12-23,USA,-1.0508189863944128
2025-05-23,Iraq,-0.75323749448790112
2021-05-27,Canada,-0.53757333042958688
2025-03-09,Saudi Arabia,1.0982374767405396
2026-02-26,Russia,-2.0862890435799728
2021-06-08,Iraq,-2.19250713799226
2023-02-03,UAE,0.846758845194549
2020-09-17,Iraq,-2.5356331734646176
2024-03-24,USA,-1.1622520508322334
2024-03-04,China,1.5588582816903922
2025-05-04,China,0.91175823599149575
2021-07-25,Russia,-1.0802174427199218
2023-03-23,Saudi Arabia,0.68837857654607326
2025-05-07,Iraq,-0.53983651283334533
2026-03-15,UAE,-1.5287812605900648
2020-01-30,UAE,0.83245290960582663
2024-05-11,Canada,-0.46841397619430458
2025-11-02,Russia,-2.6439354341848462
2023-06-14,China,1.1545814204582245
2020-10-14,Canada,-0.96726376397868785
2022-12-20,China,0.3074730138342478
2023-05-22,Iraq,-1.1682944576567782
2022-01-14,Canada,-0.35763088301697415
2025-10-28,Iraq,-1.0741253044967221
2026-04-05,UAE,-2.5883580934163408
2024-07-13,Saudi Arabia,0.64636656563496808
2024-07-10,USA,-0.57306002762891084
2024-02-12,China,1.7437424790319527
2024-04-18,UAE,-2.1845058396320116
2021-06-16,UAE,1.1300351547497052
2020-08-02,Saudi Arabia,-0.011828305654938875
2020-11-29,Russia,-1.4983978642895355
2025-01-03,Saudi Arabia,0.595592848207354
2026-02-25,Canada,0.15782018649682369
2021-03-12,China,0.28697772568267671
2023-09-10,UAE,1.5162597292348281
2025-07-26,Russia,-2.710162166464992
2020-08-13,Iraq,-3.1706071068004156
2023-12-27,Canada,-0.26853260565575443
2020-10-24,Canada,-0.3966822904693697
2024-03-13,Iraq,-0.83933915556233418
2023-04-08,USA,-1.4577122054878979
2022-09-21,Iraq,-2.7018471920362588
2022-02-05,Russia,-1.5372380825380636
2022-06-17,Saudi Arabia,0.0326754889695248
2024-07-10,Iraq,-2.3132765758343674
2021-06-16,USA,-0.89621717723648753
2020-11-28,Iraq,-3.7171526110991144
2020-05-19,Russia,-1.836821588653675
2024-01-22,Canada,-0.42431055370988169
2025-12-08,UAE,2.1857156795567416
2021-08-15,Saudi Arabia,0.25956748376832089
2020-08-26,USA,-1.6333281846285947
2022-05-01,Saudi Arabia,0.59740447239884076
2025-05-17,UAE,0.44039276301502694
2020-03-13,Russia,-1.6913775753581983
2020-08-18,Canada,-0.89357603703875288
2023-07-03,Iraq,-2.0072898018947583
2024-08-02,Saudi Arabia,0.60306693801418587
2022-02-01,Russia,-1.5508384370227688
2020-09-11,Russia,-1.6884525635823442
2024-11-29,Saudi Arabia,1.0062065217391789
2022-04-29,USA,-0.87473844974010984
2022-04-23,UAE,1.2341558790302103
2024-11-30,Russia,-2.7645779604251386
2024-07-24,Russia,-2.0685447857549111
2021-09-25,Iraq,-1.8204779931116606
2022-04-01,Russia,-2.2345570257562386
2026-01-29,USA,-1.1128588122047327
2022-01-24,Russia,-1.9701899447623838
2020-02-08,Saudi Arabia,-0.43130548777730127
2023-12-08,Russia,-1.5305516385948232
2025-06-05,China,0.89981371352837269
2025-01-04,Canada,-0.54744469764715631
2025-05-28,China,1.251895061863427
2023-10-28,Russia,-2.4239802951955385
2022-11-25,USA,-0.74310962864823937
2023-07-07,Canada,-0.49310340283361442
2020-01-04,Saudi Arabia,-1.7838058621076567
2023-09-24,UAE,1.751302651413664
2020-12-18,UAE,0.47611243597248915
2020-10-30,Iraq,-2.8362201409460042
2025-02-14,Saudi Arabia,0.46766444834998827
2023-06-16,Canada,-0.70195339306660909
2020-07-21,Canada,-0.866600708954101
2023-12-11,Saudi Arabia,0.64235477007733854
2022-10-24,Iraq,-1.0267676270519204
2020-09-26,UAE,0.12629148193332485
2025-10-08,Canada,0.224327433847392
2020-12-08,Iraq,-1.6203813143429051
2023-11-12,China,1.1532065526929121
2024-07-08,UAE,1.1197708281250289
2024-04-23,Russia,-1.989535988572829
2025-10-02,Russia,-2.0096625690238024
2025-06-02,Iraq,-1.0364491358155095
2023-10-22,UAE,1.0666758304628727
2020-03-26,Saudi Arabia,-2.410240745509022
2025-07-22,China,0.80441465389453271
2025-07-16,Canada,-0.38795396027542067
2024-05-12,Saudi Arabia,0.85668536473406331
2025-07-08,Canada,0.0086189649311923383
2021-03-06,Iraq,-0.78404382517572957
2025-07-05,Saudi Arabia,0.50344607117440521
2020-11-04,Saudi Arabia,0.037866271704557107
2022-01-12,UAE,1.1498137223302645
2021-11-03,Russia,-1.5406854232748042
2022-10-17,Russia,-2.84365431719347
2021-11-12,USA,-0.80860071951281975
2021-12-27,Iraq,-1.8297363219985554
2021-06-15,UAE,0.3959825273727261
2025-06-10,China,1.1899992647008606
2024-02-05,UAE,2.1698002755572912
2021-01-07,Russia,-1.1758985985051738
2023-02-08,UAE,1.7460139225372213
2020-08-19,China,0.19219966729412322
2022-10-28,Canada,-0.3026165628634212
2025-02-18,China,1.2220182612016712
2025-07-11,UAE,0.74637855723854729
2023-03-24,Saudi Arabia,-0.17362183157344654
2020-06-22,UAE,-0.99218436100218144
2024-05-15,UAE,1.5979695623661785
2024-05-14,China,1.0041755393028486
2022-03-27,China,-0.40306025003770818
2021-09-22,Iraq,-1.9365559504396714
2025-09-03,UAE,1.4293322320404309
2024-11-02,China,1.6175850156922751
2024-07-13,China,1.2108466387598296
2023-12-08,Canada,-0.684802405555627
2020-07-07,USA,-1.3799954301215922
2025-08-30,Canada,-0.53149055206244877
2020-03-09,Canada,-0.57593340319094877
2025-06-14,UAE,-1.1322574563540631
2023-02-14,UAE,1.7990188387371167
2026-04-20,USA,-1.4221069235006312
2024-04-09,Iraq,-0.97086760824876173
2021-10-20,China,0.4730560421205669
2024-04-10,Canada,-0.3462340355391621
2021-10-29,Canada,-0.054168981174341588
2022-01-03,China,-0.13501581788412995
2021-05-28,China,0.21114589031225373
2024-10-25,Iraq,-4.45696085484532
2024-08-02,UAE,0.9344120726603703
2025-05-03,Russia,-2.1200886894697906
2025-04-29,UAE,2.2444089953399526
2020-04-02,Iraq,-2.861749835032219
2023-10-18,Iraq,-3.9878348677368609
2020-07-11,China,-0.4491457274787849
2024-04-15,UAE,0.60702028333169167
2021-06-10,Canada,-0.306313712436326
2026-02-06,Russia,-2.2314565344612154
2023-05-10,Russia,-2.0859217253084594
2021-06-26,Iraq,-2.0940929290796326
2020-06-11,Saudi Arabia,-1.3521467169344996
2020-12-13,Canada,-0.51207892973926927
2026-03-10,Iraq,-3.0129535144513016
2020-09-10,Iraq,-2.993177925748701
2022-11-02,Saudi Arabia,0.36865600765860085
2022-04-30,Iraq,-2.7347645190839791
2026-03-26,UAE,-0.69678398169066269
2023-01-17,Russia,-2.222248622492375
2020-11-18,Saudi Arabia,0.31810589824066371
2023-05-24,Canada,0.040261972509092567
2025-04-04,USA,-1.2815430235995611
2025-01-21,UAE,2.3333796178333372
2021-02-15,Russia,-1.434184600708146
2024-07-08,China,1.0970476639382805
2025-10-04,Iraq,-1.7784510576024686
2025-12-19,Russia,-1.3077004132650754
2022-01-05,USA,-1.2191388335317634
2023-07-22,China,1.1121052489378849
2026-02-25,China,1.2645742153724808
2020-01-14,USA,-1.1701941869010828
2020-03-21,China,-1.7998594920775117
2023-06-27,Iraq,-1.0041203383428459
2020-03-14,Canada,-1.0346102924001357
2025-07-11,Iraq,-0.78403319431425744
2024-08-13,Russia,-2.3874108225476078
2020-09-02,Canada,-0.40399539832527354
2021-07-31,Saudi Arabia,-0.73986148320639833
2023-04-02,China,0.047322012999314461
2026-01-03,USA,-2.2263101347474517
2020-10-10,Saudi Arabia,-0.51983840739893206
2023-03-06,Russia,-2.0941632750682531
2021-07-03,Iraq,-3.5354195354187317
2024-02-24,Canada,-0.464965100855377
2024-09-21,Iraq,-2.0643208507896755
2020-08-04,UAE,-0.25749454471301331
2022-12-11,Saudi Arabia,2.0358253219199383
2023-05-11,USA,-1.0364039137922902
2021-06-29,USA,-0.95156962141853685
2024-09-09,China,1.2028870771350928
2022-08-21,Saudi Arabia,-0.77364506193335447
2022-01-05,Saudi Arabia,-0.85162050913008769
2020-06-13,Canada,-1.5299646096143904
2021-03-15,USA,-0.59968525799087335
2025-05-13,Iraq,-2.1791551077592581
2021-03-20,Iraq,-1.6286766002699906
2024-03-23,Iraq,-1.3003061260707258
2021-05-01,UAE,0.50005099446392764
2025-02-24,Saudi Arabia,0.438361500194563
2020-04-07,Iraq,-2.655142126164157
2024-11-25,Russia,-2.1293599009749409
2023-06-12,China,1.015165048693935
2021-10-30,China,-0.014978406979788302
2021-11-06,Russia,-1.6698684863523974
2021-04-30,Canada,-0.6546344690367254
2023-03-13,Saudi Arabia,0.77976255077749446
2021-11-12,Iraq,-3.0587261883416583
2022-09-08,Russia,-1.8115638929000835
2022-08-05,USA,-1.5436362690694194
2022-06-07,Russia,-2.1544250178805116
2022-01-07,China,0.3957426122683958
2025-12-05,China,1.297223862008634
2023-04-16,Saudi Arabia,-1.5330662117528202
2021-03-13,China,0.18019977675544957
2021-08-12,Canada,-0.30008127294657261
2023-06-26,UAE,2.3693425352186668
2025-11-16,Iraq,-0.84045589398099119
2023-10-02,Iraq,-3.688031298706361
2023-01-02,UAE,1.3508037972053573
2023-09-03,Iraq,-3.5227133563555411
2026-03-26,Canada,0.014146809597840889
2021-02-18,Iraq,-2.9605971747135968
2020-07-03,USA,-1.4922479823774573
2022-06-26,Saudi Arabia,0.94976196612283947
2025-12-28,UAE,1.3283774535261057
2024-07-05,Saudi Arabia,-0.42862534170999533
2020-05-13,Canada,-0.9153411496438415
2024-04-02,Iraq,-2.9171163811170926
2022-05-31,Iraq,-2.2198536548868741
2020-11-24,Iraq,-2.85779331424117
2024-12-25,China,1.303296470936586
2022-11-10,UAE,1.6454775056780027
2020-10-02,UAE,-0.14640324425870543
2023-10-30,Russia,-2.6961934037753763
2023-12-29,UAE,1.2599549071565908
2023-01-12,UAE,1.1291514806682135
2021-05-14,China,0.17835665182785657
2026-01-01,UAE,1.2243211359046857
2026-01-05,China,1.4848210353423275
2025-04-18,UAE,1.1469146549504305
2025-10-31,Russia,-2.0493511056388281
2021-02-09,Saudi Arabia,-0.29021478201659773
2021-07-05,USA,-1.2781505941240769
2024-05-09,Saudi Arabia,1.1837951310706807
2024-07-20,Canada,-0.74341512996653691
2024-04-29,Saudi Arabia,-0.076019141195394657
2023-12-13,UAE,0.63694661884319925
2020-03-04,Saudi Arabia,-1.9382342580392127
2022-08-18,USA,-1.1263482537844816
2023-11-20,UAE,-0.0847682219810488
2022-01-05,Canada,-0.59275242740688161
2025-05-23,Saudi Arabia,0.9176102690266017
2024-12-20,UAE,1.8000692741801712
2024-10-06,USA,-1.3875063634131066
2022-07-19,Iraq,-1.4482238918852939
2024-12-29,Russia,-3.0911507165978644
2024-08-17,China,1.1962946954312514
2023-07-06,USA,-0.69374554185715187
2023-02-07,China,0.95982110391376285
2026-03-06,UAE,-1.5796214596358507
2023-12-28,Russia,-1.6401894914755271
2023-01-09,China,0.42045241828239943
2025-07-06,Iraq,-2.2801368673212803
2021-09-16,Canada,-0.37917094795602985
2026-03-30,Canada,-0.019905597174498579
2025-10-29,UAE,2.1541104584189767
2022-01-22,Iraq,-3.4780190173519396
2025-04-06,UAE,1.9101578401600203
2025-12-26,Iraq,-1.756448344319798
2023-04-30,Russia,-2.3116317646977511
2021-05-28,Iraq,-2.4548258213386589
2026-02-20,UAE,0.70311284102949734
2023-04-11,UAE,1.7597284494573748
2020-12-19,Saudi Arabia,0.78478537314436736
2023-12-22,Saudi Arabia,0.54845522231564059
2023-03-26,Iraq,-2.3521810918558677
2024-07-30,China,1.2490657515718582
2025-09-17,UAE,0.483815782146622
2022-03-27,Russia,-2.5637458194388461
2025-10-28,China,1.4616864532341554
2025-10-10,Iraq,-1.191222243914583
2024-09-17,China,1.1448583237624479
2024-04-07,Canada,-0.3243979187599651
2022-08-12,Russia,-2.1049987419497445
2022-12-18,UAE,2.1178603881503237
2024-05-21,Iraq,-1.9157987608920457
2025-11-19,China,1.1648478672943121
2021-02-23,Saudi Arabia,-0.16379260013021338
2024-12-01,USA,-0.8876408286286972
2022-02-01,Iraq,-2.2539968882665171
2023-06-07,Russia,-2.917473574860681
2020-04-03,Russia,-2.1534278227293222
2022-04-20,UAE,1.8745859985411084
2021-03-04,Canada,-0.026685058941520567
2021-08-07,UAE,0.84164156631792819
2023-01-19,UAE,1.8570862140113535
2021-07-04,USA,-1.398424652222662
2022-06-14,USA,-0.94045205144864652
2025-09-04,Russia,-1.1882862654651885
2020-12-01,Saudi Arabia,-0.577084948179808
2025-03-26,Canada,-0.026148786517862427
2023-02-12,UAE,0.73741452926662476
2022-08-17,Iraq,-2.0580199899069758
2020-02-29,USA,-1.5232496939908708
2020-12-27,UAE,1.080209562426049
2022-07-17,Russia,-2.7580305620986052
2026-02-27,USA,-0.893101025507251
2022-02-20,USA,-1.46685633090768
2023-04-20,UAE,1.0917195143664169
2025-11-19,Saudi Arabia,1.6452451701158735
2021-07-23,UAE,-0.48873418767143867
2020-10-22,Iraq,-1.6638475800315526
2026-03-14,USA,-1.5399576834810991
2024-03-11,Iraq,-1.4842760340248358
2023-09-06,China,0.81839210587650868
2026-01-03,Russia,-2.0746769929650593
2026-01-09,USA,-1.4118295833717731
2022-04-30,USA,-1.2131654466948698
2026-03-31,Canada,-0.052780553941499726
2022-06-17,Canada,-0.20225931774785352
2024-05-07,Russia,-1.4916183457453964
2023-12-10,Russia,-1.9655402483476281
2025-01-29,China,1.4873959328911537
2021-10-10,Canada,-0.22800872516481874
2020-11-24,Saudi Arabia,-0.55912544931322372
2021-04-14,Saudi Arabia,-0.18991814529519876
2023-07-24,Russia,-2.8382070863249114
2022-07-19,Russia,-1.9518155423927188
2024-04-30,Canada,-0.233565016912901
2022-05-25,Canada,-0.45395896327748558
2020-03-06,Iraq,-3.1609416146484164
2026-02-09,Canada,0.400458386062193
2022-08-15,Saudi Arabia,0.31544807625053517
2022-06-07,Canada,-0.24219536065217473
2025-03-16,Canada,-0.093241635510450144
2025-08-16,Russia,-1.1312305406255847
2020-06-12,USA,-1.7001423115767873
2020-04-06,Saudi Arabia,-2.0498441979891577
2023-10-10,Saudi Arabia,-0.84602803830033946
2021-03-04,Russia,-1.2965737961580666
2024-05-01,China,0.79275468914332781
2020-07-10,Saudi Arabia,-0.73993411573835222
2022-06-13,China,0.2586039143560776
2021-11-01,Saudi Arabia,-0.21110713308173934
2026-04-13,China,1.0820776420853297
2022-08-20,Russia,-2.499013334059641
2025-08-16,Saudi Arabia,0.28611393417908171
2022-11-15,Saudi Arabia,0.035077296971354831
2021-12-08,Saudi Arabia,0.0909863431063617
2020-10-01,Russia,-2.141830823967763
2021-01-05,Saudi Arabia,0.754472801394317
2024-06-04,Iraq,-1.6490076487700303
2023-01-22,Russia,-1.9274370196071202
2024-11-14,Russia,-1.8266203244811499
2020-02-20,Russia,-1.8688240916043197
2021-07-06,UAE,0.44797682665211586
2023-08-17,Canada,-1.0889969214926607
2023-02-16,USA,-1.078009029348924
2025-03-23,Iraq,-1.3972888097932914
2026-04-26,Canada,-0.39108508935643366
2023-11-28,Canada,-0.53557890702549871
2023-05-07,Iraq,-2.1017716782766973
2024-10-28,USA,-0.66053887046873794
2025-08-18,Canada,-0.55771784125379353
2025-08-11,USA,-1.124685546864491
2020-06-13,UAE,0.17277408957972715
2024-10-25,China,1.143729027691516
2020-12-29,UAE,1.1643971774237749
2020-03-24,Iraq,-3.3019403030882613
2020-03-27,Russia,-2.0129110038584916
2025-03-05,Iraq,-1.2241742987128865
2023-02-04,China,0.9786969489318299
2022-07-30,USA,-1.335997164494007
2022-04-14,Saudi Arabia,0.4603547596013895
2025-11-12,Russia,-1.9925491163953182
2023-03-20,Iraq,-2.4713577440186416
2020-10-28,Canada,-0.43202660843944612
2021-05-18,Russia,-1.1844063321442995
2020-09-07,Saudi Arabia,-1.8300096347037358
2025-02-11,USA,-0.96501298084832243
2023-05-22,USA,-0.90376640881403458
2020-02-05,USA,-1.0301534021396643
2021-01-12,Saudi Arabia,-0.15900262664794163
2024-07-02,USA,-1.0126120001607044
2023-07-24,UAE,1.1730509565503917
2020-08-19,Saudi Arabia,-0.17713427457652697
2024-08-23,UAE,1.4382708760767893
2022-01-31,USA,-0.92530967571195477
2024-03-10,UAE,1.5076125757299936
2023-09-05,UAE,1.5994509909470198
2023-10-16,USA,-1.0690618210969778
2024-07-31,Russia,-2.7128258072138927
2023-06-13,USA,-0.83542001301520785
2025-09-21,Canada,-0.89944149467685475
2024-11-10,Canada,-0.69512199612402226
2024-07-28,UAE,1.2384065145448753
2020-11-06,Saudi Arabia,0.42075183912599284
2022-12-31,Canada,-0.31354938144403272
2022-08-08,USA,-1.2230082193605805
2022-12-05,Russia,-2.1143335674867485
2021-09-06,UAE,1.9722039783084739
2025-03-12,Saudi Arabia,0.64763870940947732
2024-10-09,UAE,0.66361225731913887
2026-03-03,Saudi Arabia,-2.9597478088031615
2025-05-02,Saudi Arabia,0.81254588788045434
2025-02-15,UAE,0.18471020886829637
2025-07-12,Russia,-2.3666391277003047
2020-01-21,UAE,0.58419903726016464
2025-11-04,Canada,0.17857621993248268
2020-06-24,Russia,-0.9320502751727624
2022-02-08,USA,-0.82083974682595606
2022-11-06,China,1.426266153620166
2020-05-09,Russia,-0.69534746308897155
2021-11-06,Iraq,-2.670584647616856
2025-10-12,Canada,0.42968726219217479
2023-12-06,China,1.0933114583487928
2021-04-09,UAE,0.41843804611086893
2025-03-09,Russia,-2.3672633113680206
2023-06-28,China,1.0586969703287046
2025-05-13,UAE,2.081817734025365
2022-11-25,Canada,-0.98029000360155849
2023-08-28,USA,-1.1950805335702646
2024-05-12,USA,-0.87036089527015992
2023-06-11,Saudi Arabia,0.45755321453195963
2024-11-11,China,1.4015972814040358
2021-07-18,Canada,-0.8629574028089404
2024-09-14,Saudi Arabia,0.55166464340048793
2024-09-08,UAE,1.1404958545462218
2022-05-30,USA,-1.1109993201901005
2020-05-17,Iraq,-2.7294959036601605
2021-04-10,Saudi Arabia,-0.89085161779074618
2020-10-05,Canada,-0.22209008967763355
2022-11-24,Russia,-2.09684748790403
2023-04-26,China,0.91429484593942012
2024-08-02,Canada,-0.11697090357232749
2025-11-10,Russia,-1.9309294529251921
2020-09-03,Iraq,-2.6611899872614098
2021-03-01,China,0.20953455257229314
2026-03-28,UAE,-2.4965740562864012
2020-10-15,Russia,-2.3677921608567183
2023-08-01,USA,-0.829014994438625
2022-06-12,UAE,1.0916623708656386
2025-10-28,Saudi Arabia,1.3783243343800236
2024-02-16,UAE,1.1418640881029247
2025-12-15,Iraq,-2.2263708064612615
2025-08-15,UAE,1.2555293428323075
2024-01-19,UAE,1.0925007324764404
2024-01-18,China,0.89039756835042339
2023-07-06,UAE,1.5756788204411791
2020-01-01,USA,-1.2787897157621648
2021-03-28,Saudi Arabia,-0.51163948302323581
2021-10-01,Russia,-1.1155225003478659
2022-04-19,USA,-1.1204171528470417
2023-01-26,Russia,-2.018064604402408
2020-01-28,Russia,-1.5960577201255224
2023-06-12,Saudi Arabia,0.7640942701874659
2021-05-22,Canada,-0.52974140186589858
2025-04-26,UAE,0.66634362838013539
2020-04-22,Saudi Arabia,-1.5211879059449482
2020-02-08,USA,-1.098409756219614
2021-01-15,USA,-1.4763573784903061
2025-01-08,Iraq,-1.3699679514822138
2023-11-21,USA,-0.75412226067619936
2023-07-28,China,1.1862676931869851
2024-06-08,USA,-0.640631294184447
2024-05-29,UAE,1.2137469635752611
2020-04-08,Iraq,-2.7478246553215686
2022-11-05,China,1.1742346076556012
2021-05-24,Iraq,-1.5514366332678271
2023-08-01,UAE,0.7022785308103795
2022-06-15,Saudi Arabia,0.14331890775479045
2025-01-30,Saudi Arabia,1.1113500896367428
2024-06-30,Saudi Arabia,-0.05160479681707987
2022-01-06,USA,-1.2599436206908281
2025-05-11,Canada,0.17916597066419698
2025-07-30,China,0.93534067221077177
2022-09-17,USA,-1.0572734545087159
2022-10-25,Saudi Arabia,0.56696465861632173
2026-01-18,USA,-1.1327622230591952
2021-07-09,Russia,-1.5330900333954025
2024-11-22,Russia,-2.1032648703584984
2024-11-01,USA,-0.78122050416264477
2021-07-17,UAE,0.41255410781350982
2024-11-09,Russia,-1.8791124471029572
2024-02-10,Canada,-0.36070215950454682
2022-06-27,Saudi Arabia,0.49524247789842346
2022-04-08,Iraq,-2.1700321623534427
2022-03-11,USA,-1.4525705736189511
2025-03-26,Russia,-1.963265007383153
2022-12-04,Canada,-0.23375856305604897
2024-09-02,China,1.6330139826089263
2022-03-12,USA,-1.4850508426294318
2024-06-22,Russia,-2.57017751816481
2021-10-24,China,-0.086107329999614735
2022-06-05,Canada,-0.43525810807542425
2022-12-13,Iraq,-3.1790070779682531
2022-07-17,UAE,0.058075794856749047
2024-06-19,China,1.117837313968282
2021-03-11,Saudi Arabia,-0.15711406023541441
2025-03-02,China,1.5230579873342076
2023-09-09,Saudi Arabia,0.45773454698008093
2023-11-04,USA,-1.1611985813665124
2021-01-05,Iraq,-2.8669978189997609
2024-08-22,USA,-0.52200426416303725
2020-09-13,China,0.287002495550474
2025-11-14,Saudi Arabia,1.0157759098757977
2022-02-11,China,0.83885592044709367
2023-05-27,China,1.0280093588134749
2025-04-16,China,0.96924859179643941
2020-02-03,UAE,1.1204806774032592
2024-07-14,Canada,0.053577098900276079
2023-03-10,UAE,2.094354766595623
2026-02-02,Saudi Arabia,0.66443459081192557
2026-04-29,Iraq,-1.5004082278281299
2021-09-07,Canada,-0.75834299351919121
2024-09-04,UAE,0.9843694486738479
2023-05-07,UAE,1.4635595788202174
2020-03-25,China,-1.2457289210273668
2024-06-01,China,1.5869686250151587
2025-11-19,USA,-0.64669412436210327
2022-04-11,USA,-0.98334684874979461
2023-08-28,Iraq,-1.7810697243256963
2026-03-19,Russia,-2.1144474818480314
2020-07-12,Saudi Arabia,-1.3613203123248472
2025-09-05,UAE,-0.54317442894308832
2022-10-16,USA,-1.3376327990286114
2020-07-03,Saudi Arabia,-1.8972129591780953
2025-12-20,Canada,0.25678921516464892
2021-06-13,Russia,-0.96839770090796329
2021-06-25,USA,-1.2747938585617857
2024-10-28,Canada,-0.29003126062432877
2020-12-21,UAE,0.9084012317239144
2021-12-13,UAE,2.1711319740255823
2022-11-21,Russia,-1.9017135337378712
2020-03-11,Russia,-1.5219937845605265
2021-08-23,Iraq,-2.8276233942198061
2024-12-01,Saudi Arabia,0.21063194487005
2023-05-25,Saudi Arabia,0.23905537314974107
2020-02-11,UAE,1.3497074917024499
2024-07-19,China,1.6325137364464954
2025-10-06,Saudi Arabia,1.0369713099077329
2020-03-01,China,-1.8759066727225338
2026-02-06,UAE,1.5802606042349874
2024-06-29,Iraq,-1.9274635877707025
2025-11-29,Iraq,-1.1888316985632046
2023-12-21,China,0.868613428888493
2024-12-05,Iraq,-2.0471178668807073
2021-11-25,USA,-0.92380140548868472
2025-11-11,UAE,2.3196718374717489
2025-11-01,Iraq,-0.81146686638028243
2023-09-02,USA,-0.86561363688560811
2021-04-27,China,0.52614090107878853
2022-03-30,UAE,1.7106246431931909
2023-12-11,USA,-0.90500537571696626
2024-01-30,Russia,-2.0441616047591773
2025-01-19,Canada,-0.31825742184759737
2020-10-04,USA,-1.4188105328087264
2024-12-13,Saudi Arabia,0.48823436278514559
2024-12-13,Iraq,-1.8358195273937772
2023-04-21,China,0.97068314697891
2022-05-18,UAE,1.5666095130517093
2024-05-22,Iraq,-1.2742832977167136
2023-01-10,UAE,0.95421597114328494
2020-09-06,Iraq,-2.9185820851319528
2020-11-18,Canada,-0.36963872328390329
2020-09-30,Saudi Arabia,-0.21897999709994775
2023-12-10,China,1.0891153132684761
2022-04-03,UAE,2.03742905513026
2023-03-16,USA,-0.88934349801111168
2025-10-10,Canada,0.19110685566090402
2022-09-09,Iraq,-1.3686911264974522
2023-12-08,Iraq,-2.7864289705345926
2022-12-06,USA,-0.68830897178075867
2025-10-03,Russia,-2.2821240257728204
2020-11-29,Saudi Arabia,-0.1493227657451924
2021-09-15,Canada,0.0070661071260734089
2023-01-30,Iraq,-2.8497278688442704
2024-12-25,Saudi Arabia,0.64348620113390587
2020-08-21,Canada,-0.81694025729642716
2022-02-24,China,0.75223278085258538
2021-07-21,Iraq,-3.0952341056026533
2025-07-21,Saudi Arabia,1.195334570579522
2022-10-25,Canada,-0.085891580558837721
2022-09-26,China,0.70808895572858566
2025-11-08,Russia,-2.5625269891457325
2023-10-13,UAE,0.837539504181951
2025-01-25,Saudi Arabia,0.76558970801430015
2020-07-02,Iraq,-2.3224058572360784
2022-03-06,China,1.4177839906594143
2025-01-14,Russia,-2.2366332668088846
2022-08-06,UAE,0.8537621553452075
2023-02-13,Russia,-2.0249263487355393
2022-12-04,UAE,2.2920932752684058
2024-04-10,Saudi Arabia,1.1449318283241943
2022-12-18,USA,-1.0957871181855439
2021-03-13,Saudi Arabia,-0.84086291292995108
2021-08-17,UAE,0.74685755287976474
2023-09-20,Canada,-1.0842159466526669
2024-08-20,Canada,-0.42062121159523114
2020-05-31,Canada,-1.2161338473337597
2020-06-27,UAE,0.790008377475509
2022-02-14,Iraq,-2.8217459126741722
2025-02-06,Canada,-0.285040463120656
2023-11-30,China,0.93592024097294046
2021-11-03,Saudi Arabia,0.051992252124625007
2022-10-20,UAE,1.8868781488342885
2020-05-23,Russia,-2.3508646194670009
2020-03-06,Saudi Arabia,-1.9593637655077683
2023-09-15,China,1.2694288632313719
2020-06-16,UAE,-0.40440078682222408
2022-02-25,China,1.07089260405621
2024-10-13,Saudi Arabia,0.28251279613355512
2023-09-20,UAE,2.2310811321877688
2021-07-29,Russia,-1.3358001386618832
2022-02-02,UAE,1.3340493312313597
2022-07-01,UAE,2.0687568198172737
2023-08-23,USA,-0.85615353764361291
2025-04-29,Saudi Arabia,1.135796710538491
2023-08-06,USA,-1.1192414956308014
2020-02-21,USA,-1.1139627013574918
2020-02-15,Iraq,-2.456351352043411
2023-05-18,China,1.1536805338868674
2022-04-05,Saudi Arabia,-0.2918888584644076
2024-11-09,USA,-0.7210370166048129
2021-09-30,Russia,-1.2900553612338799
2024-07-02,Iraq,-1.217228666437324
2020-03-25,Iraq,-4.0620287309083078
2020-06-07,Canada,-1.5313380895507462
2020-10-28,UAE,-0.0010449617818318116
2026-03-20,Iraq,-2.53613805429753
2020-11-18,UAE,1.1844384916313753
2022-06-14,Russia,-2.2546744849211269
2020-11-05,Russia,-1.8028305753245706
2020-04-28,Saudi Arabia,-1.355321149611566
2022-03-08,Russia,-2.6664850512916094
2023-07-12,China,0.78043910450704235
2024-04-05,Canada,-0.36858186576281482
2022-03-24,Canada,0.36983752581869228
2024-10-03,Russia,-2.0408086608556539
2020-03-24,USA,-1.6113827558334397
2020-03-20,USA,-1.6110095963740509
2020-10-06,Saudi Arabia,-0.17163481759002366
2024-12-17,Russia,-2.8568895562480128
2024-10-16,Canada,-0.49940432863793965
2025-07-24,Russia,-2.7865253424734062
2025-02-26,Iraq,-1.0990895485418009
2021-11-28,Iraq,-3.4872607145376318
2022-09-21,UAE,0.69929918781694567
2022-07-12,Canada,-0.17192429470320114
2025-02-06,Russia,-1.9532925890601978
2021-11-03,USA,-0.75333197475614089
2021-12-25,Iraq,-3.4233482962240478
2021-01-10,Canada,-1.2561771030677273
2026-04-19,Canada,0.18029743512791821
2024-12-31,Russia,-1.4350396586899441
2026-02-10,USA,-0.73611607891110342
2025-05-25,UAE,0.7093190293680276
2020-12-29,Iraq,-4.19981923734513
2023-09-13,Russia,-1.721190372706354
2023-10-25,Saudi Arabia,-0.14388693277182152
2025-08-02,Iraq,-0.84564568233906012
2022-05-02,Russia,-2.806369833764653
2021-12-14,Canada,-0.58475139137892673
2020-06-01,Canada,-1.1002700746835834
2025-11-23,China,1.4436912559104245
2020-03-15,China,-1.8096370632727561
2021-07-26,Saudi Arabia,0.071658491189806592
2023-03-24,UAE,0.4014521276810637
2020-10-24,Russia,-2.325496595359104
2024-08-11,Canada,0.0974363900045775
2025-01-20,Saudi Arabia,1.0393667797142161
2023-12-15,Russia,-1.5235937771111001
2020-02-03,Saudi Arabia,-0.79420059651882557
2020-09-24,Canada,-0.5460668386997064
2022-12-06,UAE,1.7578151996419349
2021-09-04,Canada,-0.73712035249313768
2025-08-24,China,0.86735636893633161
2021-10-28,Iraq,-2.2933663943618181
2023-05-03,Saudi Arabia,-0.57790581465949908
2021-04-11,Saudi Arabia,-0.542054423993454
2025-07-29,Russia,-2.758228866145616
2024-01-05,Russia,-2.2272773646136463
2023-10-02,UAE,1.5712646250393159
2023-08-20,China,1.1572765341909939
2023-01-21,China,1.1716722426252393
2021-02-07,Canada,-0.81225170217607956
2025-04-13,UAE,1.4885047117904306
2025-01-12,Iraq,-1.1959596000458124
2020-12-07,Canada,-0.52651622838457546
2021-09-04,Saudi Arabia,-0.606474838826595
2024-02-03,China,1.8270622087028823
2022-01-04,Russia,-1.375586977153993
2022-06-03,Russia,-2.2843981590766149
2020-10-06,USA,-1.3116445563040435
2023-07-09,Canada,-0.3268613317282511
2020-12-09,China,0.34418200455843145
2025-02-22,UAE,1.0002214554917845
2025-07-16,Iraq,-1.8750522469267203
2021-05-17,Iraq,-2.5346624454115574
2022-07-07,Canada,-0.31387091432578934
2020-05-03,Saudi Arabia,-1.942903493843539
2021-02-02,Iraq,-2.4032541022073111
2021-09-26,Canada,-0.4977323053149349
2020-04-20,UAE,0.035285135723746183
2022-01-25,China,0.67268486496839586
2021-06-14,China,-0.10178265062758399
2020-12-01,UAE,1.5618173992889031
2025-03-27,USA,-0.86819459221315309
2020-03-05,Canada,-0.55854291316015059
2024-07-06,UAE,0.84288176927804814
2021-12-30,Saudi Arabia,-0.068213026130371321
2023-02-12,Saudi Arabia,1.0882905483675156
2024-01-20,Russia,-2.5263408274972874
2024-06-25,Russia,-2.4007058431925814
2022-08-11,UAE,1.4821633403478798
2022-12-17,UAE,2.1743392690082604
2023-09-15,Canada,-0.52067165478169408
2022-11-12,USA,-0.90204912319808939
2022-07-29,UAE,1.0564906765946322
2024-08-27,Saudi Arabia,1.1697402481844026
2024-08-09,China,1.3792338606451016
2020-04-19,Saudi Arabia,-2.0423099086887193
2024-08-02,China,1.3162064948739682
2025-07-20,USA,-1.0571863557812156
2022-10-27,Canada,-0.31967209837223937
2023-01-26,UAE,1.0012513958882887
2022-07-09,Russia,-2.1104259619384926
2020-01-29,Iraq,-3.4572463662888415
2025-10-30,UAE,1.0234705568274352
2026-04-04,Russia,-2.7374484352103625
2025-04-08,Iraq,-1.590753971173603
2021-12-31,Russia,-0.47440261734709277
2025-08-10,China,0.892806644067006
2022-05-04,Canada,0.031327998490484454
2024-06-03,Canada,-0.41383355536841809
2026-03-19,UAE,-1.370516593393736
2021-11-28,Canada,-1.2794540953501417
2021-05-10,Saudi Arabia,-0.39060880815407789
2023-04-04,UAE,1.2853706059604106
2024-11-15,UAE,1.0102435115615009
2025-04-19,Russia,-1.8812823151771234
2026-01-13,UAE,0.066067761156804378
2024-02-13,Russia,-1.9768471348368928
2025-10-16,Russia,-1.8173572877928441
2021-01-12,UAE,0.4135630258039
2022-03-03,UAE,2.087504064853051
2024-10-30,Saudi Arabia,1.1797150499860336
2024-10-17,UAE,0.886800801951205
2020-12-20,Iraq,-3.0965059237135364
2025-08-05,Saudi Arabia,0.37985595205619405
2022-02-22,UAE,2.0160528874916563
2023-09-08,UAE,1.1133973878668677
2021-12-11,USA,-1.4103539938637601
2023-09-24,Saudi Arabia,1.6243138383308202
2025-01-28,USA,-0.85779014325600567
2021-10-15,Saudi Arabia,-0.050421249830206266
2023-05-11,Russia,-2.1524904271000955
2022-01-09,Iraq,-1.6289995453671506
2021-04-13,USA,-1.2880349417199841
2022-07-27,Russia,-1.7553799913930828
2021-01-05,China,-0.31699379721323817
2024-03-20,Saudi Arabia,0.094277081280332437
2021-08-26,UAE,1.1444462422641666
2025-05-03,Saudi Arabia,0.74867937840043175
2020-04-11,Iraq,-2.3078588261869668
2020-11-18,USA,-1.1118652455782532
2024-11-15,USA,-0.564027688624084
2024-09-28,Russia,-3.0235133943092176
2022-12-31,Saudi Arabia,1.2178590716752653
2024-07-14,UAE,1.6689726736259831
2023-07-16,UAE,0.76540204888594243
2020-05-17,USA,-1.779176830530576
2024-01-24,USA,-0.63383808358750315
2020-02-28,UAE,0.033473116333655878
2020-11-26,Canada,-0.709147342306266
2021-04-15,USA,-1.3548500279951825
2023-04-19,UAE,1.3903054385144049
2020-08-22,Saudi Arabia,-0.78134290464922962
2025-05-31,Saudi Arabia,0.83410738629989079
2024-01-01,Canada,-0.14176924561875826
2023-10-03,Russia,-1.8783218659423355
2020-04-08,UAE,-0.42520782855471018
2023-04-07,USA,-1.1733721457579027
2022-08-23,Canada,-0.023047064612808074
2022-03-31,Iraq,-1.6965164679323281
2021-09-28,Saudi Arabia,0.63719995830835086
2020-07-05,USA,-1.5569222882744311
2020-05-22,China,-0.45228385076819105
2021-06-11,UAE,-0.41114766283203724
2025-06-13,China,1.2523056286714733
2023-05-13,USA,-0.95426035841025569
2021-10-22,China,0.2200478423780492
2024-12-22,Iraq,-1.0865824078265283
2020-01-14,Russia,-1.3294878157855108
2020-12-13,USA,-1.1197989963455504
2021-01-02,Saudi Arabia,-1.2555222055039916
2020-12-09,Iraq,-2.8131761722481481
2020-03-16,Saudi Arabia,-2.3605528866929393
2020-09-14,Saudi Arabia,-0.28831431110149208
2025-07-17,USA,-1.1060114120461029
2024-11-28,Russia,-2.3909091947103782
2020-04-09,Iraq,-2.2358198123492712
2023-03-04,Saudi Arabia,1.0360820305498391
2024-02-28,Canada,-0.36731915911773327
2022-12-30,China,0.32983795586517406
2025-12-21,Saudi Arabia,0.37353092388719072
2020-05-13,Saudi Arabia,-1.9050925416874251
2023-11-22,Iraq,-2.2762730818917243
2025-03-11,USA,-0.9122488853257853
2020-11-26,UAE,0.542576431655462
2022-12-15,Russia,-1.6655288213924382
2023-09-10,Russia,-1.8337193596549333
2022-02-23,China,0.7303692071505109
2021-12-10,Canada,-0.3895053925307439
2023-12-25,Iraq,-3.0367223998003903
2021-05-04,Iraq,-2.4013655595146659
2023-08-27,Saudi Arabia,1.0541962711690132
2024-12-08,Iraq,-2.3193931696380523
2020-06-21,Canada,-1.3919976371679075
2026-01-01,China,1.4374069164968279
2022-08-28,Saudi Arabia,0.57731477813809429
2023-03-05,UAE,1.5476515216237741
2023-12-14,China,1.3166861251740811
2022-04-08,Canada,-0.1036208908355381
2025-12-29,USA,-1.1139121166835095
2021-12-30,Russia,-0.97866788830217266
2021-10-22,UAE,1.250150457598562
2022-01-05,Russia,-1.9924361453493789
2024-06-12,USA,-0.78569956099849414
2020-06-10,Russia,-1.9518532088262763
2024-06-05,Russia,-1.531486340168047
2024-06-02,Russia,-1.8286558941028759
2020-09-07,Russia,-2.1260873948781489
2020-09-09,Saudi Arabia,-0.66743996750585033
2020-06-26,UAE,-0.59875756028755156
2025-02-03,UAE,2.5288141252054386
2021-08-08,China,-0.1195244340687821
2025-10-30,China,1.4129173719098387
2022-10-11,Saudi Arabia,0.28585857903147072
2022-05-25,Saudi Arabia,0.61613357301257521
2020-05-29,Saudi Arabia,-1.4880330947741172
2025-10-06,USA,-0.94832719890154815
2023-04-30,UAE,2.0301429075976842
2024-04-03,Saudi Arabia,0.96811935230943225
2023-02-22,UAE,1.562121193993089
2023-01-29,Russia,-2.3635820064359918
2023-11-06,China,1.7763867759957475
2020-03-13,USA,-1.9235694875617513
2023-10-09,Iraq,-2.3854712968684115
2023-08-26,Russia,-2.4640988212876462
2023-08-24,UAE,1.7412404283617988
2020-09-10,Canada,-0.355329496812612
2023-06-03,Iraq,-1.2388257562648854
2022-09-25,USA,-1.2062471795335852
2020-09-09,Canada,-0.51084181319378852
2022-07-15,Iraq,-2.0205115683330179
2023-08-31,Iraq,-2.7560212283682186
2022-04-07,USA,-1.1635991674972903
2023-05-30,Russia,-2.9224772474909804
2023-11-11,USA,-0.94173838073527927
2026-04-26,Saudi Arabia,0.62041258179559278
2023-11-20,Canada,-0.31444173301049749
2024-01-23,Canada,-0.74136989281624321
2022-01-02,Canada,-0.98601219429232356
2022-11-27,Canada,0.24531228415470394
2024-08-13,Saudi Arabia,0.5230773486456185
2022-09-20,Russia,-1.8370677088199907
2020-07-13,UAE,-0.053390902038861973
2022-06-13,USA,-0.88489819989689489
2025-04-08,Canada,-0.37975756037507497
2025-01-21,Canada,-0.28768063083069129
2023-05-30,Canada,-0.49671429322062244
2020-04-24,UAE,-0.72446021493173307
2021-01-13,Saudi Arabia,-0.054702160515304021
2023-11-10,China,1.3172564707198298
2024-07-07,Saudi Arabia,1.4051227419589285
2022-05-29,Iraq,-3.0109052850606051
2025-12-11,China,1.2534004266012493
2022-06-08,Russia,-2.2022384773533203
2021-03-17,China,0.11768121241021015
2024-10-02,UAE,0.80585981202774026
2024-08-27,UAE,0.34376325004457114
2020-09-01,Canada,-0.43905270306910626
2023-01-17,Canada,-0.37862625797946031
2024-08-01,China,1.2909663326963448
2021-11-01,Canada,-0.15983269610390036
2026-04-07,Iraq,-3.4779218107164391
2022-06-22,Saudi Arabia,1.2165599596767396
2020-02-08,Iraq,-3.2441183418798438
2022-08-07,Canada,-0.17634679475428655
2020-12-07,USA,-0.99949977035598725
2021-04-05,Canada,-0.52092357277859846
2024-12-24,UAE,2.3108873854793326
2025-12-07,China,0.63973757668005393
2020-06-02,Russia,-1.5257609819385198
2022-07-31,USA,-1.0080158460334527
2022-05-15,Saudi Arabia,0.85792537487332265
2022-04-18,Iraq,-3.9738094635473145
2024-03-24,Saudi Arabia,0.58706536641052354
2021-02-28,USA,-1.2119436635180363
2025-07-12,Iraq,-1.3504901233256004
2021-08-04,Iraq,-3.6970322961539708
2021-08-06,Canada,-0.21317934820711679
2020-07-01,Canada,-0.25711146469364821
2022-09-05,USA,-1.115696088386771
2022-05-24,Saudi Arabia,-0.08041543438738058
2023-02-17,China,0.90234029564056362
2021-09-14,Canada,-0.4126509449107052
2025-05-31,Canada,-0.15263061602838651
2025-12-18,Russia,-1.7526227147211848
2021-08-24,Saudi Arabia,0.013787430540202164
2026-01-01,Iraq,-0.29670258613569572
2022-02-11,Russia,-1.54063876016712
2026-01-12,Russia,-1.9679853035284935
2021-02-10,Russia,-1.3620198000605643
2024-04-27,Canada,-0.59655084559093852
2021-06-17,USA,-0.76338473349893443
2022-03-23,Saudi Arabia,0.082836392014066479
2025-03-13,USA,-1.0772672219925845
2023-09-17,China,1.3664480853185426
2025-05-26,UAE,1.4430665430467877
2022-07-27,Saudi Arabia,0.976197520130283
2021-05-30,Saudi Arabia,-0.26086429356521479
2021-03-18,USA,-1.4111806095631911
2021-12-12,Saudi Arabia,0.71455493468203146
2025-12-18,China,1.2670682168753495
2020-01-01,China,0.20179740538263255
2023-06-08,UAE,1.5678011861022607
2023-04-05,Iraq,-1.3500577421092694
2020-12-31,China,0.14201901653576521
2025-04-20,USA,-1.1613639489373315
2021-12-24,Canada,-0.0794866585866084
2024-04-13,Iraq,-2.5847965037920573
2022-03-19,USA,-1.2125506492304028
2025-01-02,Canada,-0.034431086065494582
2021-10-29,Saudi Arabia,-0.094055295631172958
2020-12-26,Canada,-0.617421611524193
2025-12-02,Russia,-1.5579312504396274
2020-01-07,Iraq,-4.0632232413402631
2020-10-03,Canada,-0.5607491029374323
2024-01-18,Iraq,-3.9082984847870308
2023-02-07,USA,-1.0034074510836946
2021-07-25,Iraq,-2.8847959295210068
2025-02-14,UAE,0.34895170519847574
2022-09-19,Iraq,-1.6496386351786791
2023-06-20,UAE,1.4155862207991003
2026-01-04,Russia,-2.2192660944589941
2020-08-31,UAE,0.1420045388341836
2022-02-11,USA,-0.91191563512690477
2020-07-11,USA,-1.8076171852797929
2020-09-27,China,0.42150443871141197
2025-01-28,China,1.2771422971298385
2025-12-25,Canada,-0.091846557889220012
2021-12-24,Iraq,-2.1784276187968472
2025-12-20,Iraq,-1.8941995561392968
2026-04-24,UAE,-0.1152109532793084
2021-09-03,China,0.77147630951522217
2021-04-07,Russia,-1.5092169881890158
2023-02-20,Canada,-0.013505444476186526
2022-11-16,China,0.92541189159648929
2022-09-15,Saudi Arabia,1.0129163885117336
2020-01-31,China,-2.27871955243718
2023-12-18,Saudi Arabia,0.692242764703261
2026-03-24,USA,-1.2791747578597357
2022-07-14,USA,-1.0757255457712149
2026-01-10,Russia,-2.4357481198476512
2026-04-05,Saudi Arabia,-1.0947481043123009
2023-03-14,Canada,-0.55670730753290287
2024-10-31,UAE,1.2203722848433181
2026-02-18,USA,-0.74502848218066819
2025-03-12,UAE,-0.49746355600932335
2021-05-26,Iraq,-3.2577958627717791
2024-10-06,China,1.3919261564499472
2023-06-25,UAE,2.3928129714802813
2025-05-13,USA,-0.64616840855950519
2023-10-08,Saudi Arabia,-1.3570188120232511
2022-04-10,Russia,-2.8677200627190969
2025-11-12,UAE,1.8740771838640169
2025-11-05,Canada,0.3951325510151672
2021-03-05,Russia,-1.1661508372218337
2022-12-25,USA,-1.7044473224439218
2023-03-10,USA,-1.0251720660677506
2022-05-28,China,0.12320967325288068
2023-05-16,China,0.99963497452604477
2020-12-29,Saudi Arabia,-0.23913523937181164
2020-04-17,Saudi Arabia,-2.0269729664223104
2020-04-12,Iraq,-2.9119637781625221
2021-05-14,USA,-1.2348995791159842
2023-01-26,Saudi Arabia,-0.06878982447682086
2022-04-26,Canada,-0.11458282026191838
2022-02-18,UAE,1.7393630318720286
2024-02-20,Russia,-2.66010229068043
2021-07-02,UAE,0.28900366046632109
2025-04-02,China,0.88477482787235606
2022-05-21,USA,-1.1277509940644406
2020-12-04,Iraq,-2.5033089945724387
2025-01-06,China,0.52143582195708882
2025-03-25,Russia,-1.7023551045540271
2024-02-04,UAE,2.1029678531211857
2020-03-12,Saudi Arabia,-2.2977288259118231
2026-03-01,USA,-2.4735037868615821
2025-07-27,USA,-0.88101881760972867
2021-07-29,Iraq,-3.1600019823852428
2023-06-12,Russia,-1.7110510485479657
2024-11-12,Saudi Arabia,0.25871502402273261
2021-08-31,Saudi Arabia,-0.87037535040803682
2024-07-02,Canada,-0.21363328140575188
2024-06-19,USA,-0.63370869592901669
2024-08-30,Canada,-0.37324812025615967
2025-05-16,Iraq,-0.61991716553030463
2021-08-24,China,0.379994937415022
2023-02-02,Russia,-1.9799717231617771
2023-08-25,Russia,-2.5984090425783779
2024-03-15,USA,-1.0432390824572357
2023-06-02,China,1.2392526573172111
2024-03-12,USA,-0.53053405099561379
2022-12-21,Canada,-0.532081383125589
2020-05-04,USA,-1.3894218491629617
2020-02-14,UAE,0.30476860071730738
2024-05-09,Iraq,-1.0733499761813858
2022-06-20,Iraq,-2.5817851925423954
2025-01-08,UAE,1.31842502472465
2025-08-19,Saudi Arabia,0.61998873451037462
2025-12-16,USA,-1.1277513372581123
2026-02-13,Russia,-1.6871058202630818
2022-03-22,Russia,-2.9029300472584669
2025-07-28,Russia,-2.4464608711442231
2020-01-25,Russia,-1.2798091111172281
2024-11-27,USA,-0.81900788535337088
2022-04-26,Russia,-2.4510070400553037
2024-05-17,Russia,-1.9633761604053455
2022-07-13,Canada,-0.029957957800514988
2025-09-21,China,1.0299991686028342
2021-04-21,China,0.3707067294171888
2021-04-27,Iraq,-2.4935462243252084
2020-07-04,Saudi Arabia,-1.2087561871205772
2025-10-18,USA,-1.0080878770639565
2023-02-10,UAE,1.3919141350692557
2021-03-22,Saudi Arabia,-0.47988022618282122
2024-03-09,UAE,0.48598270788610004
2024-05-17,China,1.1689311204276385
2022-02-18,USA,-1.3349236227367334
2024-11-30,Canada,-0.46667420487689987
2020-05-09,USA,-1.5456607748434965
2023-08-11,Canada,-0.26635458300762432
2021-11-14,UAE,0.9337694238975236
2020-05-11,Saudi Arabia,-1.8618665403242174
2024-01-23,Saudi Arabia,0.23224618554144486
2021-04-16,USA,-1.3555569888735313
2025-05-21,Russia,-1.9590534505760591
2021-12-02,Russia,-1.3616253714078843
2021-08-16,Russia,-1.58354347098482
2022-05-04,Saudi Arabia,0.083931986748699547
2024-10-10,Iraq,-1.6650234788742937
2024-12-10,USA,-1.0287231710637366
2022-04-27,Saudi Arabia,0.60788321483399022
2025-09-22,UAE,1.0645591108018744
2020-11-17,Saudi Arabia,-0.44011591443702186
2024-05-02,USA,-1.2845858371996997
2021-09-29,UAE,1.7302280264785836
2020-09-25,UAE,-0.16470583686828458
2026-02-17,Iraq,-1.1847632682361082
2020-07-26,Canada,-1.2065927834813808
2021-10-29,USA,-1.1271930973924267
2021-08-11,UAE,0.54844429390437266
2020-08-27,China,0.47532503520012265
2024-10-16,UAE,2.0819711182097689
2025-11-06,Russia,-1.9027715137069534
2021-03-02,Canada,-0.65935374546519077
2025-01-29,Canada,-0.28028457706675819
2021-07-10,USA,-1.4451860610464218
2020-07-06,USA,-1.433340718759228
2024-06-30,UAE,1.6391555515756784
2025-03-24,China,1.2319507021904155
2024-06-27,USA,-0.79347854216258251
2022-02-28,USA,-1.1654473779659433
2025-05-18,China,1.1044691717331678
2021-02-23,USA,-1.296513577183678
2023-08-28,Canada,-0.67463273942427648
2023-10-02,USA,-0.50584586246743357
2020-01-30,Russia,-1.8048806950380238
2025-07-04,China,0.889498587152777
2021-09-17,Russia,-1.0372078170303678
2020-05-07,Iraq,-1.8199134876541694
2022-03-28,Canada,-0.01783184154342245
2021-04-23,China,0.50669485939729642
2023-11-30,USA,-0.69946372140333335
2023-12-03,Iraq,-1.7274439648194422
2020-08-04,Saudi Arabia,-1.5449402428402568
2022-03-14,UAE,1.1413967017457769
2025-12-07,Russia,-2.1258955808475659
2023-04-16,UAE,-1.1130362181469349
2021-08-23,Russia,-1.1214943266593416
2024-03-27,USA,-0.87339946963472093
2024-08-08,Canada,-0.40439882483531142
2020-09-06,UAE,-0.64367357866260744
2020-01-26,UAE,1.075001447072925
2020-07-21,UAE,0.52331648142178089
2025-09-15,USA,-0.95740489246683436
2025-04-07,Canada,-0.13504224449435573
2023-07-11,Russia,-1.3178938173008334
2020-08-03,Russia,-1.5609353106020007
2021-04-03,UAE,0.50530131676308676
2021-06-23,UAE,0.97100474418153349
2025-06-02,Russia,-1.8965842628751777
2024-10-24,China,1.2747378440880028
2021-05-28,USA,-1.0127304028449471
2023-09-17,Iraq,-0.51112270939777327
2023-04-27,USA,-0.84416743996672261
2024-12-19,Canada,-0.037826498987656
2024-03-07,China,1.8088304880121822
2025-07-20,China,0.53705193579457788
2021-05-16,Russia,-1.403513760548607
2022-02-16,UAE,2.0310368865107877
2023-10-11,Iraq,-1.6416704668739921
2022-02-13,Iraq,-2.4818716597271169
2020-12-30,Russia,-1.0657105674845146
2023-03-01,Russia,-1.8651232998792524
2020-11-13,USA,-1.0595579092276062
2022-04-09,UAE,1.102832816221992
2020-07-07,China,-0.52730642600994393
2022-12-19,Iraq,-2.3146598892106383
2020-01-18,Russia,-1.2424995684591351
2020-06-11,Iraq,-2.3102248668769851
2022-09-12,China,0.408033814179237
2022-11-05,Saudi Arabia,0.41795699789578938
2020-01-27,USA,-1.1992384623710608
2020-10-13,UAE,0.57005957168849652
2023-03-07,USA,-1.0432233210188522
2022-01-15,Iraq,-2.2033641115161662
2024-07-29,USA,-0.56567296232908459
2023-12-13,Iraq,-1.7912820223121344
2021-12-29,China,0.15843650927915517
2025-12-12,Russia,-1.7406519159645277
2025-01-02,Iraq,-2.1195347967325548
2021-05-25,UAE,0.93370404145502406
2020-06-15,Saudi Arabia,-1.4533076571625605
2022-11-25,Iraq,-2.1428616870158281
2024-03-28,China,1.0685472897276935
2021-02-27,Canada,-0.77659250490566045
2020-04-06,Canada,-0.90791458675694736
2022-09-20,Saudi Arabia,0.909282726990256
2025-02-11,Canada,-0.19709768555243468
2025-09-17,China,1.2401231285740302
2020-04-30,USA,-1.3797955020987034
2022-01-16,China,0.045362096168956756
2021-02-11,Russia,-1.4852559018285112
2025-09-08,UAE,0.44539162613061611
2021-11-13,USA,-1.2122764389313254
2024-04-11,China,1.18186042253278
2021-06-13,China,-0.44522775382840779
2025-01-11,China,0.94745542776438951
2020-08-01,China,0.32560791583032539
2022-12-03,Saudi Arabia,0.86358049208444843
2022-06-04,Canada,-0.22132950424670619
2024-12-21,Canada,-0.10887423250720669
2024-10-12,Russia,-2.5707641685477185
2025-07-30,Iraq,-1.3275821922299729
2023-10-31,USA,-0.92967640818406616
2022-04-16,Russia,-2.979213245895449
2022-04-11,China,-0.012840827390898738
2023-01-20,Canada,-0.0818083845972469
2020-05-07,Russia,-1.8355734960246011
2020-02-24,Russia,-1.4011452201517633
2021-10-31,Canada,-0.33002540568753685
2021-07-05,China,0.70184200517811657
2024-09-26,UAE,2.0519180060560451
2022-04-02,Canada,-0.48179098465188941
2025-03-29,UAE,0.64215209526155126
2022-03-14,Iraq,-2.4815864657779749
2026-02-16,Iraq,-1.5392405426828586
2022-12-15,UAE,2.3320822507136065
2020-10-07,UAE,1.1835711043611097
2023-04-18,Canada,-0.25888692536676472
2020-06-15,China,-0.3451841995965732
2024-01-17,Saudi Arabia,-0.17988738609014659
2021-03-19,UAE,0.40820937997542911
2024-06-02,Canada,-0.42023361537086629
2024-03-15,UAE,0.47374866774010854
2024-03-03,China,1.4217076594783726
2020-11-12,Russia,-1.528975417846377
2025-04-01,UAE,0.89395319012481456
2020-02-02,UAE,1.3975784629550743
2024-07-15,Iraq,-1.2773608666554508
2025-06-09,UAE,1.1808810435588155
2026-04-23,Iraq,-2.1002262999017987
2025-06-08,Russia,-2.7363734679667076
2021-01-23,Saudi Arabia,-0.93906170938468192
2023-07-25,UAE,0.85670809435948536
2020-12-20,Canada,-0.78458602002327016
2021-12-06,Canada,-0.31446344778188323
2024-05-22,USA,-0.99690002958626578
2022-09-18,UAE,1.7931084966702107
2024-12-02,USA,-0.95293752110222152
2020-10-31,Iraq,-2.6982478091751543
2025-09-30,UAE,1.1397232077732797
2023-01-21,Russia,-2.0738076458169483
2024-11-28,UAE,1.9133990826278495
2023-04-08,Iraq,-2.6166869903652397
2025-09-25,Saudi Arabia,1.0976435728750393
2022-08-28,Canada,-0.30974286201108897
2021-04-20,UAE,0.84063837643366668
2021-04-23,Russia,-1.4821946579436902
2020-07-03,China,-0.45394477704946606
2026-04-11,Russia,-2.1350658989451841
2020-05-23,Iraq,-2.8014532451798604
2020-08-07,Iraq,-2.844252720048237
2020-11-30,Canada,-0.2418168887620622
2022-08-15,China,0.44385113988585745
2022-03-16,Canada,0.28131868290065704
2026-02-19,UAE,0.052186423357646894
2023-09-16,UAE,-0.17099876171711326
2020-12-21,Iraq,-3.1361076732370314
2023-07-21,Iraq,-3.20687021120976
2020-08-24,Iraq,-1.9069150512395723
2021-06-07,China,0.11745584448556765
2020-08-12,Iraq,-3.4001424097521666
2021-10-04,Iraq,-2.6652398629396945
2022-04-12,Russia,-2.6483429797627278
2025-07-15,UAE,1.790828224657141
2023-06-02,USA,-0.77217594971178449
2023-09-01,China,0.89327892899048744
2023-10-14,Canada,-0.4788757202763983
2021-08-02,USA,-0.94365452575784448
2026-01-10,Saudi Arabia,0.48694213894301297
2020-11-05,Iraq,-2.0245725433963147
2023-08-17,Iraq,-2.2836977352033623
2025-09-07,USA,-1.1113047826352738
2024-11-04,Russia,-1.3863458131226685
2021-07-14,USA,-1.0895606263269189
2024-07-18,Canada,-0.38832858965511013
2022-12-01,UAE,3.4601334606671239
2023-04-13,UAE,1.8882446453053172
2021-08-21,Russia,-1.5105136526103808
2025-11-27,Canada,0.28276424474988243
2024-08-04,Canada,-0.95312839928474824
2024-03-05,Canada,-0.042119303944461658
2020-01-30,Iraq,-2.4865730087367997
2020-01-21,Canada,-0.31784967547345144
2020-06-24,Saudi Arabia,-0.99292722785205434
2023-06-19,UAE,1.6406552376158936
2024-11-17,China,1.5405509554456196
2021-04-22,China,0.3990382527002071
2025-12-31,USA,-0.8441195977776671
2020-04-23,China,-0.67923251093396264
2024-04-13,Canada,-0.22608147392397343
2021-03-30,USA,-1.207570310089527
2022-03-03,Canada,-0.20658254801484263
2021-04-08,UAE,1.0223716734079418
2021-01-24,China,-0.77945441595432263
2024-10-24,Iraq,-4.7108379786204759
2023-05-08,UAE,2.0490619135674923
2021-08-15,China,-1.0214987488383842
2024-12-30,Russia,-2.2929313705846512
2025-11-21,Canada,-0.45728825331859213
2023-10-02,Canada,-0.20931428194462817
2023-08-26,UAE,0.51613931522865442
2025-11-08,UAE,1.3507043082851626
2020-09-29,USA,-1.3529029313056018
2024-09-27,China,1.7594152227120028
2020-07-01,Saudi Arabia,-0.75359678846354372
2021-07-18,UAE,1.7089218540178071
2026-01-31,Russia,-2.1129358830286318
2020-09-20,UAE,-0.33651412795628066
2025-10-18,UAE,1.6826478875479729
2024-09-12,USA,-0.96313256615751941
2023-11-15,UAE,0.77694090635406177
2022-08-18,Saudi Arabia,0.4058636768399575
2021-06-24,USA,-1.2048577269035334
2024-10-18,China,1.6055197210040892
2020-01-17,Iraq,-5.112572987670176
2022-07-27,USA,-1.0221683602334291
2025-08-04,Canada,-0.58042864500591518
2023-09-28,USA,-0.76377145748694864
2024-05-12,Iraq,-0.589406165581103
2022-02-08,China,0.57757256917776922
2026-03-26,Russia,-2.1638140805724242
2021-05-23,USA,-1.2499742327152126
2021-04-24,Canada,-1.1712354089536667
2024-07-20,China,0.69651548470458835
2023-11-11,Russia,-2.2906341165993629
2020-05-15,Saudi Arabia,-1.2998350199014459
2023-11-28,UAE,0.16386907547836854
2021-10-23,Canada,-0.63092880646592053
2021-09-12,Saudi Arabia,-0.44001350308599824
2020-12-26,China,-0.3367964336305625
2021-12-19,USA,-0.98995211147523976
2024-03-28,Iraq,-1.3845726257027791
2020-09-19,China,0.11682809232557387
2023-08-24,China,0.61798680850583687
2024-12-06,Russia,-1.7460815571382557
2025-07-10,USA,-0.98744679262734358
2023-05-26,USA,-0.90398046695690981
2024-02-21,Saudi Arabia,1.6797009407585257
2025-09-15,Iraq,-1.7586712578654593
2025-10-24,Iraq,-1.0748119425889511
2020-11-11,China,-0.21748436982865876
2024-09-24,Saudi Arabia,1.4931225400258072
2023-12-07,Russia,-1.8906008358708388
2023-07-17,Canada,-0.22734910700864644
2025-12-16,Iraq,-1.6810248506387651
2024-06-12,Canada,-0.16078671477942208
2025-11-24,China,1.116998911796429
2020-10-22,Canada,-0.60836322633480233
2024-08-15,Canada,-0.52761131664768712
2022-10-03,Saudi Arabia,0.069055165586574735
2024-05-01,UAE,1.4006415227163886
2020-11-12,UAE,0.17503870405008673
2022-01-17,Russia,-1.8095265635743598
2024-11-20,Canada,-0.077440760318835275
2021-11-04,USA,-0.87973700035002866
2025-01-29,Iraq,-1.2521635254285564
2026-01-26,Russia,-1.9199414200471934
2022-08-07,Russia,-2.7710574052359114
2021-10-16,UAE,2.1234327125590533
2025-10-01,UAE,1.0788981985232147
2021-09-04,Russia,-0.97967146430809748
2020-06-02,UAE,0.18250055748512062
2020-01-30,China,-2.3567841785223869
2025-11-05,Iraq,-0.74138279815410679
2023-01-24,China,1.013665969796528
2022-12-23,UAE,1.9240869632354296
2022-08-30,Russia,-2.1417395903028087
2021-02-13,USA,-1.8790210838101813
2026-02-05,Canada,-0.12765680979969443
2025-01-16,China,1.3460140399143028
2024-10-31,Canada,-0.3392669330905822
2021-01-24,USA,-1.3403916097352497
2022-08-19,USA,-1.1558821037644667
2022-08-14,UAE,0.712336687036395
2021-12-07,USA,-0.9280536640412328
2020-06-16,China,-0.70321773369554874
2024-10-05,Canada,-0.64825484597261007
2022-05-07,USA,-1.1548266136368734
2025-05-06,Saudi Arabia,0.90887533828002387
2022-07-08,Russia,-2.1549918373305896
2022-03-26,Canada,-0.3376529220635805
2020-02-16,Iraq,-3.6702002850427222
2022-06-12,USA,-1.1799498546097604
2024-09-24,UAE,-0.40269267715262491
2024-07-18,Saudi Arabia,0.5769288103094411
2022-05-20,Saudi Arabia,0.50091280444212039
2024-01-30,Iraq,-2.797141092434507
2021-01-18,China,-0.21335167352161605
2025-01-09,UAE,1.7558160027891785
2024-10-20,USA,-0.8840120506275696
2025-08-18,Iraq,-2.8681804710539169
2023-04-01,USA,-1.5182188648961097
2025-02-09,China,0.96719509112099378
2025-01-31,Canada,-0.44026877994785008
2021-09-16,Russia,-1.1600280899153521
2024-02-19,Iraq,-1.9374389575178579
2026-04-18,Iraq,-1.8143504222245981
2020-11-24,Canada,-0.16203230791216663
2023-05-03,China,0.4787678276467518
2021-09-13,Saudi Arabia,0.30659902049977056
2020-10-08,Saudi Arabia,0.37430591173323469
2020-03-20,Saudi Arabia,-2.1973033215108968
2022-05-02,Iraq,-3.300393730341511
2020-03-10,Russia,-1.5842055880066055
2021-03-27,Iraq,-2.32579089169773
2024-08-03,Canada,-0.24182540244249726
2023-03-29,Saudi Arabia,0.32135054283111891
2025-04-29,Iraq,-0.88802334632201818
2026-01-04,China,1.7165800820872412
2025-04-21,UAE,1.0330208580193074
2020-07-18,China,-0.0924016464236521
2025-10-24,Canada,-0.25425828278578394
2024-02-11,China,2.3425265586212043
2022-03-06,Saudi Arabia,-0.19688017160073318
2024-09-10,Iraq,-1.2242505159731458
2022-08-01,Russia,-1.9662515178294391
2021-06-19,Canada,-0.13641055171805611
2025-06-06,Saudi Arabia,1.4021413843236139
2023-11-25,Saudi Arabia,0.78359085635679326
2020-03-21,Canada,-1.1403106510042056
2021-08-18,USA,-1.0893495182450819
2020-08-28,Russia,-1.7546134587350484
2024-03-26,China,0.87567273198020024
2025-07-20,Russia,-2.5078962566681713
2023-10-04,USA,-0.78939526776035718
2025-02-14,Russia,-1.9391125790928325
2025-07-10,UAE,1.8847025072380128
2020-01-23,USA,-1.4784113223412525
2020-09-01,UAE,-0.025358268181333625
2023-10-12,Russia,-2.0765003477887833
2022-08-28,China,0.41826488319154603
2024-02-15,UAE,1.5208348842190249
2025-10-16,China,1.1395586648906402
2022-05-20,USA,-1.111570288556075
2025-08-22,Iraq,-2.8289052032286253
2021-12-05,UAE,2.1369255963480462
2024-06-04,Russia,-1.6789693871609164
2023-08-21,USA,-1.0093932768019573
2025-11-05,Russia,-1.5286988932566874
2021-05-15,USA,-1.4701685887111948
2025-09-27,Iraq,-0.68176748975537871
2022-02-07,USA,-0.81639591244634324
2023-08-31,Russia,-1.9470167437654955
2022-08-24,USA,-0.96993637911059416
2022-01-22,USA,-1.4827648419008252
2020-11-02,USA,-1.2770852966480832
2022-10-18,USA,-0.7944372180185626
2023-03-19,UAE,1.2773057310757683
2024-04-20,Iraq,-4.1270285902333645
2024-10-19,China,1.6597499443585002
2023-09-15,UAE,-0.31965783363782535
2020-06-11,Canada,-0.80102119286632834
2022-11-10,Canada,0.35209626075472494
2022-10-30,Saudi Arabia,0.1719242513702815
2021-05-13,UAE,-2.5804310611817973
2020-06-28,UAE,0.543156067279158
2023-06-23,Russia,-2.434392851506884
2022-12-24,Iraq,-4.8436715446706184
2022-10-02,UAE,1.2539222890750836
2025-04-08,Russia,-1.92611949898236
2025-01-29,Russia,-2.2701206229398991
2022-08-09,Iraq,-2.2109092814661309
2023-11-10,USA,-0.65831189525323186
2025-12-29,Russia,-1.6117847011307678
2023-07-19,Russia,-2.1950918461282503
2024-01-21,Canada,-0.80661133806896346
2025-03-17,Canada,-0.29134055361218453
2020-03-30,USA,-1.5569190868267868
2023-09-13,Iraq,-1.2275759100226473
2023-06-24,Canada,-0.87209580900432482
2024-12-13,USA,-0.663472383436027
2022-07-31,China,0.8146894972693125
2022-11-02,Iraq,-0.63088687899662343
2020-12-31,Saudi Arabia,-1.73743073453241
2021-03-04,Saudi Arabia,-1.0379326668463225
2025-09-21,USA,-1.1584651806096917
2021-09-16,Iraq,-2.7094223546380674
2023-03-04,Canada,-0.38063998173482805
2025-10-21,UAE,0.6803756120769906
2024-07-18,USA,-0.71433541423207836
2026-04-12,Iraq,-1.2136876121225522
2025-06-09,Saudi Arabia,1.218927728055907
2020-05-19,Iraq,-2.6157698366176381
2024-12-22,UAE,0.78223818598032158
2024-06-14,Russia,-1.735221525464298
2025-05-12,UAE,2.3453408163734029
2024-03-21,Saudi Arabia,0.19300691519905572
2025-07-24,Canada,-0.37504587744379281
2021-10-04,China,-0.288995276698486
2021-03-01,Saudi Arabia,-1.237672070368514
2020-05-14,Russia,-1.8801841579978118
2024-01-20,Saudi Arabia,1.3702588085458474
2021-10-22,Russia,-1.7281338683165228
2022-06-02,USA,-1.2501298517189354
2022-11-26,Iraq,-3.2477910089182416
2025-11-23,USA,-1.017198913946715
2023-06-09,Saudi Arabia,0.70277497754587714
2023-08-23,Russia,-2.3986492294318991
2020-04-12,UAE,-0.31107802480991031
2023-03-20,Canada,-0.32537756626108816
2022-02-08,Canada,-0.77589212343845038
2020-10-12,Russia,-2.1595684762928888
2022-04-04,Russia,-2.9881219987479271
2022-04-01,UAE,1.5352177071858424
2021-07-11,Saudi Arabia,0.4226479768692874
2022-10-16,Iraq,-2.0938063464570105
2020-09-20,Russia,-1.9231759206349046
2021-06-19,USA,-1.14954699797421
2025-05-24,China,1.6147841596568697
2021-05-27,China,0.11194578400423587
2021-03-10,Russia,-1.5932276038458943
2024-03-23,China,1.3497289440733373
2023-12-19,China,0.36251319858914782
2020-09-09,China,0.16906940508124579
2020-07-20,Russia,-1.5855940507167809
2025-10-25,China,1.5252433287064082
2021-02-18,Canada,-0.71830448072789843
2024-07-16,Russia,-1.7701262657855916
2021-01-11,Canada,-0.636072727041453
2022-08-01,Canada,0.1627762573922433
2024-06-24,Iraq,-1.3168666144920724
2021-01-30,USA,-1.3024859495878354
2020-03-30,Russia,-2.3503276881196831
2024-12-21,Saudi Arabia,-4.9665361406733455
2023-10-29,Iraq,-2.35656782354989
2020-06-05,Russia,-1.6415350676529692
2021-03-15,Saudi Arabia,-0.709774535211491
2025-05-14,Iraq,-1.3384616851558955
2024-10-02,USA,-1.3861756372853606
2024-05-22,Saudi Arabia,0.96008354312448441
2024-08-24,Russia,-2.3985702842131986
2020-04-16,Russia,-2.01863507409127
2021-02-24,China,0.089852269571751978
2024-11-26,Russia,-2.1102758854229879
2024-05-16,Canada,-0.26338860304432116
2022-03-21,Saudi Arabia,-0.85017609244737724
2022-06-04,USA,-1.3910127736698608
2021-01-30,Saudi Arabia,-0.15395536598100731
2021-05-29,Canada,-1.4352562898911876
2020-06-12,China,-0.020813409167819666
2021-03-14,Canada,-0.390237617758239
2023-06-24,China,1.14140556038425
2020-10-06,Russia,-2.2535379063114407
2023-11-02,Saudi Arabia,-0.18492781368853894
2020-03-10,Iraq,-2.6220045835390526
2020-08-13,China,-0.15354396977144363
2022-05-15,Iraq,-1.7834173386245811
2024-08-08,Russia,-2.4185836559992944
2024-03-05,USA,-0.69054707188985509
2023-08-20,Russia,-2.5809058867051626
2023-01-21,Canada,-0.45879071033283136
2021-03-03,USA,-1.101035624679912
2021-08-05,USA,-0.99359550594235135
2020-10-15,China,0.19218229695638131
2025-09-09,Russia,-2.108323169188842
2025-01-07,USA,-0.90407672262833916
2023-04-14,UAE,1.2061873890620092
2022-05-19,UAE,1.5639350354951087
2026-03-09,Iraq,-2.8623632736850224
2020-09-05,China,0.43886456705778587
2022-09-25,Iraq,-1.6371451315997769
2023-10-17,Russia,-1.9095332426732967
2024-04-28,USA,-1.1444469406754265
2021-11-07,UAE,1.7683070251690289
2023-07-17,Russia,-2.43385542641933
2023-11-23,USA,-0.96858442352184981
2025-03-12,Russia,-1.9997000111404313
2021-05-29,Saudi Arabia,-0.96384905568894308
2024-06-12,UAE,1.061306614982058
2021-01-07,Iraq,-2.8560358383152442
2022-07-31,Canada,-0.033647843567962916
2020-10-29,Saudi Arabia,-3.3160828946978849
2024-03-02,China,1.5712863738778153
2024-03-02,Canada,0.08240828687746185
2023-10-13,Canada,-0.35582310639238468
2020-05-02,Canada,-1.3091350518553377
2026-04-14,USA,-1.3421254277036092
2026-04-18,China,1.2663065337029389
2022-08-07,Saudi Arabia,0.15166218252007846
2025-03-11,Saudi Arabia,0.0060309753466929461
2023-06-02,Saudi Arabia,1.2289808429670348
2022-07-08,Canada,-0.52981650191322582
2020-01-29,Russia,-1.6580946685793809
2023-08-13,Iraq,-3.1096189599165136
2023-05-16,Canada,-0.31097004105878895
2021-09-15,Russia,-1.1337944022895841
2025-05-27,Saudi Arabia,1.1047262353039111
2020-08-22,Russia,-2.1097453951895631
2024-01-04,Canada,-0.8007607352439482
2020-08-11,Canada,-0.81634659961578959
2024-08-03,China,1.3162428120909329
2024-08-03,USA,-1.1918361451197446
2023-08-23,Saudi Arabia,0.28858934009616011
2021-05-15,Russia,-1.1224678090290225
2023-01-23,USA,-1.2144598971519998
2020-06-28,China,-0.063088253935384322
2024-05-16,USA,-0.75828408931257274
2020-10-16,Iraq,-1.4329417427424886
2022-01-15,USA,-1.499195210758228
2022-01-26,China,0.7951515919718255
2021-10-14,Saudi Arabia,-0.342085525447335
2021-01-26,China,-0.17828332756294688
2024-09-07,Iraq,-1.2002488727094895
2022-08-12,Canada,-0.338868691188339
2025-05-15,Iraq,-1.3181526710037734
2024-10-16,Russia,-1.6439961401833569
2021-03-25,Russia,-1.3225158897276499
2021-05-02,Saudi Arabia,-0.17709203275930921
2022-06-30,Saudi Arabia,0.39246623677640313
2023-12-28,Iraq,-3.3472018198957665
2024-11-22,USA,-0.85515557870548364
2023-08-10,China,0.497129662642322
2026-02-09,Iraq,-2.5490753838652855
2026-04-21,USA,-1.159739450293388
2024-06-21,China,0.91470442450542033
2023-07-26,UAE,1.5030502748304029
2021-09-11,Russia,-1.2721505281642722
2022-04-17,Canada,-0.44889426537151322
2025-11-01,Saudi Arabia,0.90370992155406837
2023-10-16,Iraq,-2.7565779874251457
2022-07-06,Canada,-0.33934169923355673
2025-04-27,Russia,-2.2708140479535439
2026-03-30,Iraq,-2.7977096352890296
2022-01-18,Iraq,-2.40420312054077
2024-04-25,UAE,1.1637866328619155
2023-03-19,Saudi Arabia,1.2837305977315148
2022-04-08,UAE,1.4483119470599868
2020-02-09,China,-2.1976953384835984
2022-08-04,Iraq,-2.1676635315254527
2025-03-23,China,1.281159583226867
2021-10-17,Canada,-0.37343239592885652
2021-04-03,USA,-1.6537400330308372
2024-09-18,USA,-1.1636876509790433
2025-01-03,UAE,1.4414724734346591
2020-08-28,China,0.5622206302479833
2024-03-20,Iraq,-1.8591702656484583
2020-03-19,Canada,-1.0241595467257125
2020-09-12,USA,-1.6848247255506423
2022-04-14,UAE,1.5817763180169524
2020-04-08,Canada,-0.99672694509317794
2020-06-22,Canada,-0.8908198804291364
2021-07-31,Iraq,-3.95138009982073
2022-09-21,China,0.79109938440159311
2021-08-03,Iraq,-2.7910823678485865
2022-01-16,UAE,0.32283409284257059
2020-09-27,Saudi Arabia,-1.0150422384906208
2022-05-28,Saudi Arabia,0.427211377760162
2022-12-06,China,0.24666230601983821
2024-10-30,USA,-0.721615230087262
2020-12-24,USA,-1.0185305080566271
2022-05-10,Russia,-2.2367654244286856
2024-01-01,China,1.8180295335998353
2026-03-29,USA,-1.5903656862323237
2021-10-30,Saudi Arabia,-0.66969194580842351
2025-04-02,UAE,1.5067520570750432
2026-01-24,Iraq,-2.1989320282292293
2021-02-14,Iraq,-3.30621298610262
2021-11-13,China,0.30758917062414654
2021-12-27,USA,-1.1625742850703797
2025-08-26,USA,-1.1629018681746124
2021-09-01,China,0.42741184056366616
2020-05-14,China,-0.45613528781246682
2024-06-27,UAE,0.92890031646513171
2022-08-11,Russia,-2.33008379295026
2024-03-06,Russia,-2.080171570154441
2024-03-12,Canada,-0.50535253792893986
2025-11-11,Saudi Arabia,0.976271753385151
2025-09-27,China,1.3500263941718451
2024-02-22,Russia,-2.1848599993391513
2023-08-03,USA,-1.1937796255034525
2025-01-09,Russia,-1.9948660396958477
2020-08-01,Iraq,-2.4586266279533762
2020-05-19,Canada,-0.5959595473498942
2022-08-20,UAE,0.14971650935458522
2025-05-24,Iraq,0.16429932945385589
2020-03-31,Saudi Arabia,-1.8217161920675486
2023-06-26,Saudi Arabia,0.72777350867378321
2020-09-17,China,0.28521203759825353
2021-07-26,Iraq,-2.570017362509208
2020-04-05,UAE,-0.85459667764678515
2022-04-24,Russia,-2.2610168693781558
2021-03-05,UAE,0.21205709989057253
2023-05-23,Russia,-2.0999024423216679
2022-01-19,China,0.50150999718238676
2025-04-09,UAE,2.1990365656022584
2020-07-07,Canada,-0.74820155903888474
2020-05-23,USA,-1.4783744254512288
2022-03-03,Saudi Arabia,0.081593431885114809
2024-04-22,UAE,0.72618474553327761
2023-07-26,China,0.88653115544925809
2020-11-25,Russia,-1.5809353964142865
2020-10-09,UAE,-1.9704158491722739
2025-05-29,UAE,0.22362594071723085
2023-04-16,Russia,-1.7718971093605287
2026-02-26,China,1.076181477330028
2023-09-21,USA,-0.65636509732900838
2025-02-28,Iraq,-0.86492391270960267
2020-05-30,UAE,-1.2515864547626334
2024-06-02,USA,-0.97727873311726865
2023-12-28,China,1.176142135376665
2023-01-25,China,0.657153159106304
2023-09-02,UAE,1.1741864085063654
2023-09-07,USA,-0.90581382632305429
2022-12-25,UAE,1.5349010982684057
2026-03-30,Russia,-2.1572131340026197
2024-05-07,Saudi Arabia,0.88648800544601358
2020-07-03,Russia,-1.4676187551862181
2022-05-24,China,0.32022283221963865
2025-01-15,Russia,-2.0329694186426917
2023-11-26,Saudi Arabia,0.83660321849603714
2021-04-16,Russia,-1.4417312472546349
2023-01-29,China,1.3702306010681558
2021-05-07,Saudi Arabia,-0.059408356933399922
2020-10-25,UAE,1.4101488246930425
2020-09-11,Saudi Arabia,-0.649517894905127
2024-08-10,Iraq,-2.224721481650779
2025-11-11,Canada,0.37750415506264962
2025-11-07,Saudi Arabia,0.66652411857915406
2023-01-26,USA,-1.0538227656066952
2022-07-07,UAE,1.6906951897417313
2026-01-04,Canada,0.042355851281666884
2022-02-06,UAE,1.2161056098048459
2024-02-16,China,1.4426632153054586
2020-09-21,USA,-1.2119170343332522
2022-06-05,UAE,0.95909392339107136
2020-11-21,Canada,-0.3955687160277897
2025-08-12,USA,-1.1448897676460563
2023-04-10,China,-0.64039605575824388
2024-03-19,China,0.93566003909952011
2021-06-05,USA,-1.2449827570510341
2021-06-04,Canada,-0.45722143420288947
2022-07-31,Russia,-2.8459578776276868
2021-05-01,USA,-1.2265920887070207
2025-07-18,China,1.1010315863786004
2020-09-03,USA,-1.3879704877352201
2025-04-29,USA,-0.8896431033025104
2022-09-21,Russia,-2.2943503104661787
2020-02-24,USA,-1.2375782686292538
2021-09-26,Iraq,-1.8011147405886208
2026-01-30,USA,-1.2056320885851173
2023-03-14,UAE,1.5131763071291189
2021-11-15,Saudi Arabia,0.88249071229945975
2020-08-09,Canada,-1.3241125880553277
2024-10-31,Saudi Arabia,1.1103933135277169
2024-12-31,China,1.3972612098284467
2023-10-28,Iraq,-2.6577043227041912
2023-11-05,UAE,0.48718998470494435
2024-08-20,Iraq,-1.0903454099351997
2021-02-20,Iraq,-2.7045791576133715
2021-05-11,China,0.067870105525810825
2023-01-20,Russia,-1.6903025398036644
2022-04-20,USA,-1.173810722839463
2025-02-10,UAE,2.0364370150140485
2020-05-09,Iraq,-1.6926992069812539
2022-08-24,UAE,1.2926696836093923
2021-02-08,UAE,0.80784904695891291
2025-09-05,USA,-1.141751748734934
2022-08-04,Canada,-0.15819578207530013
2025-12-20,Russia,-1.8558839920858465
2023-02-16,Canada,-0.18356988095223251
2025-12-14,UAE,0.7354498943168396
2024-01-23,Iraq,-2.0284206986993207
2021-10-23,USA,-1.459612339109442
2024-10-23,Russia,-1.5167208249000812
2022-05-02,UAE,1.2100767466721118
2024-08-16,Iraq,-0.16475148355155531
2020-04-18,Saudi Arabia,-1.2643593673948286
2022-04-12,Canada,0.13050311323013414
2025-02-24,Canada,0.17740605827469347
2025-02-12,China,1.253513540751872
2020-04-07,Canada,-0.87214533865104471
2022-07-11,UAE,0.23253920268687756
2025-10-30,Saudi Arabia,1.2942837937962546
2025-01-20,UAE,1.9226229532159995
2024-07-12,China,1.4087151200078258
2026-04-17,Saudi Arabia,0.30319224023501812
2024-09-11,China,1.1383287760702947
2024-01-23,UAE,1.1663557089372958
2020-11-26,China,0.49690867623911661
2023-07-23,Russia,-2.999902780032492
2024-12-20,Canada,-0.14339490683075734
2024-10-23,UAE,1.28544719362713
2025-12-08,China,1.121769862176893
2021-08-16,Saudi Arabia,0.19497957072902963
2022-11-25,Saudi Arabia,-0.016608616248392469
2021-01-08,UAE,0.23539942559477567
2020-04-17,Russia,-1.8089125684236316
2021-02-23,China,0.21971880056862395
2024-12-03,Russia,-1.8651849136134484
2023-08-28,Russia,-2.1024202194003676
2020-10-26,Iraq,-3.4053479148055521
2020-09-11,Iraq,-1.9832988345621292
2024-03-11,China,1.6191012933721489
2020-06-25,China,-0.20774768126790291
2024-03-01,Iraq,-1.3409597167740117
2025-01-21,Iraq,-1.2768628368643227
2025-09-06,Saudi Arabia,0.3874542306128127
2025-01-22,USA,-0.86823015404382486
2025-12-25,UAE,1.6624796228762304
2020-03-08,UAE,0.078636370436148337
2021-01-11,Iraq,-3.1765403172891609
2025-03-31,China,1.5328189611616205
2025-03-22,UAE,1.0668468874702091
2021-10-14,Iraq,-2.2962440480211614
2023-05-12,UAE,1.4341264165515264
2022-12-12,China,0.51530291543048667
2020-06-11,USA,-1.6523654643977055
2024-12-25,UAE,2.5359112769391126
2022-07-19,USA,-0.96214603252360953
2024-12-17,Canada,-0.773194484739853
2021-07-30,Canada,-0.20310091843751088
2021-04-25,USA,-1.2774002003661624
2024-11-23,USA,-0.87259502250586618
2023-03-10,Russia,-1.9644851523211571
2026-04-29,UAE,0.31602640056971315
2023-11-22,UAE,1.5463686155956837
2026-02-14,Iraq,-0.53982479952514828
2024-06-28,Russia,-1.8444953473685475
2026-02-28,Russia,-2.3043383273645066
2020-01-15,Saudi Arabia,-0.0876815044441883
2022-02-21,Iraq,-1.4511194931396625
2024-08-19,UAE,1.3129488631397208
2023-07-09,Iraq,-1.8678892377417708
2021-02-21,Saudi Arabia,-0.066574090474761219
2024-12-03,Iraq,-1.9338134621307634
2023-04-06,Canada,-0.62850610185053768
2022-04-23,Saudi Arabia,-0.734705948859659
2021-05-24,Canada,0.043223426865059776
2023-08-04,USA,-1.0521890324109457
2023-05-19,Saudi Arabia,0.3283573793018037
2020-11-05,China,0.4268203502453492
2021-07-10,China,0.25031783761073939
2021-06-18,Canada,-0.081036555043256464
2020-11-30,Iraq,-3.0743073667653653
2025-06-09,Russia,-2.0431127306170684
2024-10-09,Canada,0.012217032877301831
2025-05-19,Canada,1.4929700665460084
2021-08-20,China,0.30844694962508606
2024-08-09,USA,-0.82838089200112031
2021-11-24,Russia,-1.34074555683597
2020-12-31,Iraq,-3.1359016596208358
2020-11-14,UAE,0.51292480367011584
2021-09-25,Russia,-1.2532935247535453
2022-04-07,UAE,1.6856566571028966
2021-12-30,UAE,1.2581772644558791
2026-02-04,Canada,0.0649641916897777
2022-03-17,Iraq,-1.8460975847957377
2021-10-20,USA,-1.0557053858917549
2020-07-28,China,0.1199961725428336
2021-09-12,USA,-1.4011356922606353
2022-11-26,Russia,-2.2765013348008152
2021-06-07,Canada,-0.61827289692337317
2025-07-25,UAE,0.8507523554257741
2024-08-21,UAE,0.39422682407374343
2024-08-08,USA,-0.818386319503549
2021-02-20,USA,-1.3780580307757875
2026-03-15,USA,-1.3141766141875408
2023-06-10,China,1.2325679196207546
2023-10-13,Iraq,-2.7734106562969125
2025-09-16,UAE,-0.15563780130364996
2024-07-08,Saudi Arabia,0.67534558228071
2025-03-21,Russia,-1.7719922913305144
2023-07-28,Russia,-1.9199834465521364
2020-02-27,Iraq,-2.9074604197048708
2024-12-26,China,0.96408143151890657
2023-09-24,Russia,-2.5738800395082331
2023-10-04,China,0.63112118126222372
2025-11-05,USA,-0.67937881453853655
2023-09-01,Iraq,-2.0381897278024677
2020-06-23,China,0.10835318176002461
2020-06-25,USA,-1.519540093545646
2022-02-15,Iraq,-1.4514105865346818
2025-07-05,China,1.1565708202516194
2020-11-08,Canada,-0.296266577043387
2025-01-13,Russia,-2.0677488387755236
2024-04-24,Canada,-0.29013024697931244
2022-01-07,Iraq,-1.8005295390106879
2020-08-22,USA,-1.7138014207424641
2021-03-15,Iraq,-2.3525922813009341
2021-06-08,Saudi Arabia,0.11991383924595
2025-07-25,Iraq,-1.6436497293754464
2021-07-21,Canada,-0.4384155932042984
2021-05-15,UAE,0.086759805452392813
2021-07-05,Saudi Arabia,-0.37358089753326079
2022-09-01,Saudi Arabia,-0.32772077319278875
2024-01-31,China,0.93116898300676176
2025-10-08,USA,-0.94019403179355687
2025-01-14,Canada,-0.27669235355004584
2024-12-20,China,1.4061850939448075
2025-07-31,Iraq,-1.9985405550015638
2022-07-30,China,0.88852584602785045
2020-01-31,UAE,1.1313237247298704
2024-05-12,Russia,-2.7001412705938281
2022-11-07,UAE,1.1144265706813885
2025-01-31,UAE,2.2686662652229792
2021-07-19,China,0.36945925035539878
2024-07-07,Russia,-1.8038020983950447
2020-11-29,Canada,-0.66142535160582216
2026-02-10,Saudi Arabia,1.0347600122536214
2020-05-18,USA,-1.3554087958353891
2026-02-16,Canada,0.26706378542522213
2020-10-01,UAE,0.40567306733120168
2021-06-02,China,0.28069306329171823
2023-12-29,Saudi Arabia,0.86812110387611052
2020-10-26,USA,-1.1673509981823287
2024-12-07,Iraq,-2.5916809516505475
2025-07-10,China,1.1003603101385091
2023-12-30,China,1.5890472186479194
2022-04-25,Canada,-0.12793195308013444
2020-10-11,UAE,0.273492951878339
2022-02-18,Russia,-2.2922406641467279
2025-04-26,Canada,-0.11836019590451183
2024-07-26,USA,-0.65781115396653567
2025-01-26,Iraq,-1.3319496909652786
2024-02-16,Canada,-0.12055803759831145
2024-02-13,Iraq,-1.3582412673772133
2020-04-20,China,-0.73889873172261056
2024-02-11,Canada,0.015468355666122889
2021-11-10,UAE,1.4874335244304386
2023-11-18,USA,-0.94570795754598913
2023-07-10,Saudi Arabia,0.43787132033936038
2025-08-03,Canada,-0.694525632096648
2023-04-27,Canada,-0.46857218877436113
2025-11-14,Iraq,-0.53058483465028217
2023-08-21,Iraq,-1.2977953191121516
2024-11-27,UAE,1.6947880293163371
2023-04-01,Canada,-0.12913545258809137
2020-07-22,UAE,0.052446589702251731
2024-09-14,Canada,-0.074829044068983067
2025-06-04,Iraq,-0.55076440052485787
2020-05-10,Russia,-2.1730661198563066
2022-07-29,Iraq,-1.1592963315690423
2025-12-01,UAE,2.6695400614942839
2024-01-12,Canada,-1.2011744747823354
2022-11-23,China,0.37000384218651783
2020-09-13,Canada,-0.8551070934387508
2025-11-21,UAE,-1.795571482231116
2020-10-26,Russia,-2.098727402304887
2021-05-19,USA,-1.29371471187978
2025-02-07,USA,-0.88645223508448079
2024-11-15,Saudi Arabia,1.2141872013170623
2020-07-17,Iraq,-2.3180080237468945
2021-11-06,Saudi Arabia,-0.67538433207555337
2023-08-16,UAE,1.6879678496998296
2020-04-25,Canada,-1.4867487820291285
2024-09-20,Canada,-0.0717223332283172
2024-04-07,Saudi Arabia,1.1752464185470202
2021-01-30,Canada,-1.3019284024418702
2023-04-19,USA,-1.2416288654270875
2021-05-27,UAE,0.6483601193991152
2025-08-11,China,0.80152593784942772
2023-10-27,Canada,-0.24942859762758374
2020-01-01,Canada,0.078043888032115816
2021-02-22,USA,-1.2779735176586913
2023-12-21,Saudi Arabia,0.58435127600080583
2022-02-03,Saudi Arabia,0.908565349977202
2025-02-01,Canada,-0.37986056121993061
2025-09-12,USA,-1.3759999567717314
2021-10-30,Canada,-0.18906939314710944
2022-03-26,USA,-1.1294019341561314
2020-04-30,Canada,-1.0373954616438665
2020-07-16,UAE,-0.12761779578280621
2024-02-23,UAE,1.4813551781901282
2026-04-08,China,1.09150198534454
2024-07-09,Saudi Arabia,0.49029063996787059
2020-02-08,China,-2.3629072347977336
2022-12-04,Saudi Arabia,0.33088079327680736
2023-02-28,Russia,-2.1018692751060573
2023-03-24,Canada,0.00777293172574239
2024-11-11,Russia,-1.9237194569105709
2022-10-06,Saudi Arabia,0.18509900866070206
2021-04-29,China,0.48186854252681682
2022-03-30,Russia,-2.2136975630053759
2023-12-11,China,0.9942867132217833
2021-10-18,UAE,1.588253423854213
2021-09-03,Russia,-0.92939969912542453
2022-08-14,Saudi Arabia,0.35853027401450666
2023-05-06,Iraq,-1.2159863024111282
2020-12-26,USA,-1.5601555518108474
2022-07-20,Saudi Arabia,0.16841536654014544
2026-03-06,Canada,0.12424344632833857
2020-06-20,Russia,-1.5518822819795206
2021-03-05,Saudi Arabia,-1.0946073281849915
2023-08-02,Iraq,-1.3128324331648329
2024-07-25,Canada,-0.687533324480435
2022-09-01,USA,-0.91398464959600956
2024-02-02,Saudi Arabia,0.086277585002229248
2024-04-23,UAE,0.89868542988543143
2020-01-09,Iraq,-3.4327810540340256
2020-12-10,Iraq,-2.031121757770598
2022-11-22,Iraq,-3.5674076391352831
2026-03-04,China,1.3918255768477619
2025-11-25,UAE,1.2557022853320379
2023-02-01,Canada,-0.22490477033235798
2025-02-14,Canada,-0.084250153724917953
2023-08-26,China,0.71604892486574612
2025-09-22,China,1.0806131658658189
2020-11-16,USA,-1.015222204657884
2021-04-20,Russia,-1.7190669042048219
2021-07-09,USA,-1.2626743435181764
2024-04-26,Iraq,-2.2942011426436864
2020-05-18,Canada,-1.4487440761261823
2022-01-04,USA,-1.170317751405453
2025-12-06,Iraq,-0.53346248542263686
2023-09-14,Iraq,-0.98909293183768188
2025-07-31,UAE,1.5752379944050583
2021-03-27,USA,-1.3464897295968865
2024-01-03,Canada,-0.80576153304533737
2024-10-01,UAE,1.2904031745428222
2024-08-21,Iraq,-4.1715746801415179
2021-07-28,China,0.098747796529603638
2024-12-01,Russia,-2.6580533446351224
2023-03-22,UAE,1.0162471672819573
2020-09-11,USA,-1.5323580201021147
2022-04-24,China,0.086986792668011792
2022-04-26,UAE,1.4558650640457174
2022-11-08,Saudi Arabia,0.64509622754154461
2025-04-17,UAE,2.1951040215575626
2022-01-10,China,0.44659334944934437
2025-04-02,Saudi Arabia,0.23512858347290505
2020-09-22,USA,-1.2526510291194306
2025-10-17,Saudi Arabia,0.25439055476071881
2020-07-04,China,-0.37110365711103355
2025-08-20,Russia,-1.8630433046771437
2024-09-20,Saudi Arabia,1.0782378752532173
2021-10-10,China,0.0074349041930377039
2025-12-12,Saudi Arabia,0.7488336371768386
2024-01-20,China,1.1118287413895107
2021-10-21,Iraq,-2.2819923331088385
2023-10-28,UAE,-0.97728025788629935
2023-04-13,Iraq,-2.1555632859260818
2024-01-11,UAE,1.3512154591823
2023-09-23,China,1.7955049721437131
2025-05-17,Saudi Arabia,0.80652704190995317
2021-08-24,Russia,-1.1257102477641678
2020-09-01,China,0.17079678270272675
2022-07-03,Canada,-0.12408554968627049
2024-11-13,Saudi Arabia,0.80907624571329884
2020-05-04,Saudi Arabia,-1.6507223748289919
2022-08-23,UAE,1.7896753185836478
2021-02-06,Russia,-1.8376876954562382
2021-09-26,China,0.51095474370824756
2024-11-01,China,1.5503718173880048
2020-08-03,USA,-1.3632715779024207
2025-06-07,China,1.3456810040482599
2024-04-06,Russia,-3.1445913356463158
2023-05-07,China,0.9296193795863219
2025-08-16,China,1.0077853105596957
2023-09-19,Canada,-1.5122530847743363
2020-03-31,UAE,-0.70063401395537028
2022-09-30,China,1.0365347289592686
2023-10-21,UAE,0.091324610021074865
2023-06-26,China,1.0098874427217497
2022-05-13,Saudi Arabia,-0.31313684981873791
2020-08-19,Canada,-0.63514338333276033
2023-02-06,Iraq,-3.0341013964837913
2024-01-07,Canada,-0.44256342835108736
2024-08-22,Russia,-2.1244477186265729
2022-09-20,China,0.95104927646664839
2025-02-11,Saudi Arabia,1.161062201702737
2023-09-04,Saudi Arabia,0.92088363905035642
2023-05-25,Canada,0.128378572439598
2022-10-03,USA,-1.0803431844023432
2020-02-25,China,-1.8032454528342139
2022-08-26,China,0.83338797166672329
2020-03-02,Canada,-0.27711054050594919
2020-06-15,Canada,-0.8735802042195896
2022-09-30,Iraq,-3.47852963320615
2021-12-13,Canada,-0.13799186553539217
2021-12-15,Canada,-0.27167624991243983
2023-04-23,UAE,0.2424360425115652
2024-12-19,USA,-0.976566885133419
2023-10-30,Canada,-0.19679212317981892
2021-12-21,China,0.47969653452775896
2025-11-16,Saudi Arabia,1.2899622908092248
2024-05-14,Iraq,-2.1242169811055125
2022-07-16,Saudi Arabia,1.0509897499709091
2025-09-25,China,1.2418086111316338
2022-12-26,Russia,-1.9991179220930115
2026-01-18,Saudi Arabia,1.5591325880409914
2020-02-02,Canada,-0.67629178357932052
2020-09-26,Saudi Arabia,-0.64252511811216362
2026-04-23,Canada,-0.11863984565902069
2022-12-10,UAE,1.474802070811021
2023-05-03,Canada,-0.167680320538651
2021-01-30,Iraq,-2.3157562422259756
2023-06-30,Saudi Arabia,0.38892164908470284
2024-03-31,USA,-0.81393985260736268
2024-03-30,Iraq,-1.3590159709021536
2020-12-11,China,0.35666334178909836
2023-11-07,Canada,-0.15278907392654129
2021-12-14,UAE,1.8450282064867383
2021-02-28,China,-0.25838232541085104
2021-11-21,Saudi Arabia,0.48475250977592438
2020-06-26,Canada,-0.66681290327253229
2020-11-14,Canada,-1.2734149389006451
2022-10-19,Iraq,-1.830457617784196
2022-10-18,China,1.4598758013056492
2022-05-28,Canada,-0.71801643941661808
2025-12-22,UAE,1.8237879939785731
2023-09-30,USA,-1.1735426916396632
2022-12-01,China,0.12874004955085935
2023-02-11,Saudi Arabia,0.9128538910497942
2025-10-01,Russia,-1.9643772079726947
2022-08-10,Russia,-2.4023050240417034
2020-07-31,China,0.12117830841798452
2022-05-02,Saudi Arabia,0.32405021103978315
2021-03-23,USA,-1.4492218574738294
2022-05-19,Saudi Arabia,0.71598204178515124
2025-07-03,Saudi Arabia,0.69910759818376533
2022-12-26,Iraq,-2.6718577056719237
2020-02-22,Canada,-1.0949402797840631
2020-02-19,USA,-1.1708606362010137
2021-09-20,UAE,-0.23677781310479934
2023-05-15,Canada,-0.17886680684869913
2021-08-12,USA,-1.05416984796926
2020-01-04,China,0.12592236176307137
2024-03-23,USA,-1.5698160508666175
2023-02-05,Iraq,-3.207455305740353
2022-05-16,UAE,1.2949254855076953
2022-01-31,Saudi Arabia,0.14414187967443043
2021-09-19,China,0.0069100103805136218
2020-02-26,Russia,-1.575729881092593
2025-01-27,Canada,-0.17359908976550523
2024-11-07,Saudi Arabia,1.0339695153987614
2023-12-06,Iraq,-2.993025722223162
2024-04-02,USA,-0.80715928074614851
2024-10-20,UAE,1.7019853788266142
2022-11-28,China,-0.72907706323740118
2020-03-18,China,-1.3620996536778429
2026-03-02,Russia,-2.3197749824570364
2024-05-23,Iraq,-1.2798011965415741
2022-07-01,Russia,-1.9708138905470987
2023-08-25,UAE,0.89071076158608342
2022-04-24,Saudi Arabia,-0.49774131454413556
2025-11-04,USA,-0.69067034714812481
2024-05-06,Canada,-0.19724445685303163
2024-05-05,Iraq,-3.0138738559047904
2022-10-04,Canada,0.040964153255188825
2024-11-21,UAE,0.63786024634818184
2022-04-03,Canada,-0.042591062580304755
2021-11-13,Canada,-0.56658326814145776
2026-04-12,USA,-1.1897666157908631
2022-08-07,China,-0.23309703331218859
2025-01-17,Russia,-2.2187526349171773
2024-09-01,UAE,0.093043524054679139
2021-01-29,USA,-1.0219836329346301
2025-03-17,UAE,0.67921722596106571
2025-05-30,Canada,-0.24974221737516092
2025-05-25,Russia,-3.0576025738196497
2023-05-08,Iraq,-1.4180759502692031
2024-01-19,Saudi Arabia,0.893519967578862
2022-07-25,USA,-0.944039287012845
2023-01-27,Iraq,-1.5400982015001765
2020-12-11,USA,-1.0352695924439275
2023-12-22,Russia,-1.8378154479828186
2022-09-21,USA,-1.0705901046223754
2026-01-02,Russia,-2.3685912767268227
2022-09-22,UAE,0.85782306145530063
2023-08-31,UAE,1.4435830095086939
2022-01-24,China,0.43967545638153277
2021-06-21,Iraq,-2.0585078838196029
2026-02-04,UAE,0.76450445985566884
2023-07-26,Iraq,-2.3229057982508619
2022-01-08,UAE,0.81941142942240952
2025-03-15,Canada,-0.59771208347644122
2025-08-12,China,0.70864611259957078
2020-12-12,UAE,0.92154125246655438
2024-08-19,Russia,-2.05664791895467
2023-07-08,Iraq,-1.3833665140125402
2024-05-25,China,1.3355362387004748
2025-02-16,USA,-0.78996144099145083
2022-02-04,China,0.51050276386617732
2023-04-06,Saudi Arabia,0.731036812718407
2020-06-26,Russia,-1.5152648717612556
2025-09-20,UAE,0.2305388044315877
2024-11-18,Russia,-2.244710189470319
2025-10-27,Saudi Arabia,1.2313746770784617
2026-04-04,Iraq,-3.303920268947707
2020-04-29,UAE,-0.556272962065803
2021-07-12,China,0.51679792842146366
2024-07-13,USA,-0.76261651581706491
2025-10-18,China,1.3236212574264381
2024-01-28,USA,-1.1759257417816866
2024-12-30,USA,-0.45914919957337696
2020-10-01,Saudi Arabia,0.11106296831145106
2020-12-17,UAE,1.6370597075741267
2024-08-02,Russia,-2.2326694642068756
2026-03-16,Russia,-2.0411580985201643
2021-04-19,Iraq,-2.0583924754815226
2023-08-09,Russia,-2.5613359670730564
2021-02-03,Saudi Arabia,-0.38324579521340646
2021-11-02,China,0.29478255188387609
2021-11-01,Iraq,-2.4194886236475597
2022-09-01,UAE,1.593110922823991
2026-01-28,UAE,2.2121050444076746
2023-08-14,Russia,-2.3370669742012411
2021-07-17,Saudi Arabia,-0.17627561542001408
2020-02-07,UAE,0.65616231473422371
2022-05-28,UAE,1.0044880838698611
2021-01-17,Canada,-0.792819927170545
2023-11-12,USA,-1.1130459102731922
2026-02-01,USA,-1.2580901775428686
2023-07-18,Canada,-0.2970232206124071
2022-03-11,Canada,-0.10230777793830431
2025-06-07,Canada,0.49444861470446344
2022-03-17,USA,-1.1687083280466528
2024-06-24,Canada,0.11260366958309373
2024-01-23,China,0.71828710219253467
2020-07-25,Iraq,-1.82926234714963
2022-03-25,UAE,2.1767988802013578
2022-06-03,Canada,0.070022546548985792
2020-10-09,Russia,-1.924916300538045
2020-08-25,Saudi Arabia,-0.31311678936792886
2023-02-04,Russia,-1.9908661431596997
2020-04-17,Iraq,-3.2666076757025508
2023-12-31,Canada,-0.38993061652401295
2026-03-26,China,1.1239310919677243
2022-04-04,China,-0.57162138509906868
2023-03-15,China,0.94474306189888546
2023-07-14,Saudi Arabia,0.568528503322834
2025-03-24,Russia,-1.9651005356134799
2025-03-20,China,1.4405074299339411
2026-02-03,USA,-0.66654596322753656
2022-05-30,UAE,0.27150434280335134
2023-09-15,Russia,-1.8229072625493619
2020-01-19,Iraq,-3.5605573279617757
2022-05-12,UAE,1.9585105545995329
2023-04-28,China,1.083825679282578
2020-09-14,Iraq,-2.495454565852353
2021-11-26,Russia,-1.6616338845243204
2021-11-29,UAE,2.2215023057500596
2020-04-05,Iraq,-2.2067799986842549
2020-06-25,Iraq,-2.4449776362795594
2026-01-25,Canada,0.01132661263692402
2023-03-14,USA,-0.92102056670404719
2023-11-14,Canada,-0.36223736981210036
2020-08-01,Russia,-1.8140430306097506
2024-04-05,UAE,1.1353092593062726
2021-09-06,Iraq,-2.3049048345395224
2020-11-29,UAE,1.4319779576941636
2021-04-13,Canada,-0.3616566263088114
2020-12-28,USA,-1.2878828929224813
2024-12-18,UAE,2.584610774215832
2022-01-30,UAE,1.0911512946521054
2025-11-18,Russia,-1.9702530916111631
2022-09-19,Russia,-1.9595010033679692
2023-01-22,Canada,-0.37275310477455492
2020-06-28,Canada,-0.80462543239962581
2022-07-07,Russia,-2.0457132581873423
2024-05-12,China,1.3898119894747856
2021-03-07,Iraq,-2.197909972754847
2023-05-21,UAE,1.6542916703493062
2024-02-29,China,1.5934753201664562
2020-11-14,China,-0.34688408556528894
2021-04-26,Canada,-0.42624013082118395
2021-04-27,Canada,-0.50726694861854793
2021-06-25,Iraq,-1.64316654769126
2022-06-09,USA,-1.1068145483954435
2025-08-08,China,0.7513642952583135
2020-08-26,UAE,0.64682084633842585
2021-10-09,UAE,1.5934558937416294
2026-01-01,USA,-0.86448059992949411
2022-02-07,Russia,-1.4095789611662342
2020-05-03,Canada,-1.5129587727501503
2022-01-28,Canada,-0.67005453458483266
2021-05-30,Russia,-1.1283209993728804
2025-03-01,Iraq,-1.5435336855202149
2020-10-24,Iraq,-1.2387062517777876
2025-07-17,UAE,1.4081911454105573
2022-09-19,USA,-0.97476822433706567
2020-09-02,Iraq,-3.6569198777642629
2022-02-16,Canada,-0.81846293971202733
2021-03-07,Saudi Arabia,-1.8035598961288981
2020-11-15,UAE,0.25870059046488408
2024-05-02,Canada,0.0076927533097624484
2023-12-14,Russia,-1.5444239974046066
2024-09-17,Iraq,-1.3866511909663359
2021-01-25,Iraq,-2.4441036665097275
2025-08-25,Russia,-1.6729015952991295
2024-01-25,China,1.2037420813057358
2022-03-20,China,-0.23147071973975342
2025-08-08,Russia,-2.0424350265541182
2020-10-03,China,0.35621628717302273
2021-03-29,Russia,-1.5405036096027318
2024-08-27,Russia,-2.5829084172484928
2024-05-16,UAE,1.7535066011936844
2020-10-12,Saudi Arabia,0.14314753048928441
2025-09-25,Canada,-0.008957927608492908
2021-03-09,Saudi Arabia,-0.25225937293668144
2022-06-20,UAE,1.2995831496055028
2025-08-30,UAE,0.74724234261608724
2021-04-04,China,-0.22945995638593883
2021-04-17,Russia,-1.9094080816887775
2025-08-07,Canada,-0.089161074770721133
2021-08-10,Russia,-1.8194756333488153
2024-06-16,UAE,0.15233264807895638
2020-09-12,Canada,-0.96285886195831549
2025-11-13,Saudi Arabia,0.62922376739881913
2023-01-01,Iraq,-1.1321024130221353
2024-08-01,Canada,-0.43309071419361778
2024-07-28,Canada,-0.347956466684369
2025-12-26,Russia,-1.6014091762553933
2021-12-25,Saudi Arabia,-1.8630682690876048
2021-01-17,China,-0.48974557042787187
2024-06-20,Saudi Arabia,-1.3095998689082047
2024-04-10,Iraq,-2.7822300227782732
2024-10-23,Iraq,-2.4371622825272556
2023-09-10,USA,-0.50555384828325334
2023-11-03,Iraq,-3.4093312867117564
2025-11-23,Canada,0.63018727259276353
2023-02-04,Iraq,-1.6381590904749785
2022-09-12,Canada,0.45934640010891259
2025-02-25,China,0.882755767847178
2022-02-01,Saudi Arabia,0.60067269734700457
2020-04-13,Iraq,-2.0134049530170191
2022-07-07,USA,-1.0842771433628746
2025-07-08,Saudi Arabia,0.7346027876074912
2022-08-25,USA,-0.99848768636689955
2021-09-24,UAE,1.0399564728117716
2025-09-11,China,1.2550646439905797
2024-09-23,China,1.4325138832076094
2025-01-27,Russia,-2.2322561072896652
2023-11-15,Canada,-0.25298011844727319
2020-03-02,Iraq,-3.0599371618114408
2024-02-06,Saudi Arabia,-0.0717484335266156
2025-08-19,UAE,0.5633413964358267
2021-03-19,USA,-1.2566304780377107
2023-12-27,China,1.1619080512046878
2023-03-23,UAE,1.2824693572223651
2025-02-22,Russia,-1.7966780292280857
2023-03-29,Iraq,-1.6593837467153258
2022-11-04,China,1.1712573441347247
2023-10-19,Canada,-0.27347512015456488
2025-09-22,Iraq,-0.7470028043603234
2025-04-21,Saudi Arabia,1.3642503437138058
2024-05-03,Iraq,-1.5018207175206413
2022-01-19,Saudi Arabia,-0.23853019155480995
2023-03-16,China,0.84406138296851285
2025-09-09,USA,-1.1296826289338493
2020-04-23,UAE,-0.4275750074294431
2022-05-27,Iraq,-1.5014009231460139
2024-07-08,USA,-0.924998850332153
2024-04-20,USA,-1.0487066464033934
2023-05-10,Iraq,-0.72435102801695439
2022-06-05,Russia,-2.5696093425069804
2022-05-09,Iraq,-2.6680686709329153
2024-10-11,UAE,0.54624099861002251
2022-11-22,USA,-0.7834286392391715
2025-07-25,China,1.0618813362883475
2024-08-25,UAE,-0.75988005981544582
2020-04-19,Canada,-2.48895300330486
2021-02-27,USA,-1.2889768817413048
2022-11-04,UAE,1.8781133470451974
2023-01-23,Saudi Arabia,0.58901230588802767
2022-02-05,Iraq,-1.5064202112297957
2023-05-25,Russia,-1.676436819871141
2025-09-03,Canada,0.029828339018313513
2023-12-12,Canada,-0.39461625381739718
2022-12-01,Iraq,-2.3462385893999551
2022-06-07,USA,-1.0852091916939071
2023-04-11,Canada,-0.12414633879573837
2020-06-17,Canada,-0.83633223750637364
2023-01-28,Iraq,-1.546808822838315
2025-03-07,Canada,-0.27630315869939648
2021-01-06,Canada,-0.40582397648595164
2020-03-19,UAE,-1.100199568135489
2025-05-04,UAE,0.2726308817184519
2021-02-01,Iraq,-1.6102405849736738
2021-07-09,Saudi Arabia,-0.47563424665440263
2021-02-15,Canada,-0.83576849946879772
2023-08-18,China,0.767514926693531
2024-07-19,UAE,0.56137840314709619
2020-05-11,USA,-1.4097279135667182
2022-03-12,UAE,1.0742125678021404
2022-06-02,Saudi Arabia,-0.48563077010038441
2020-03-26,UAE,-0.58450062131843883
2023-09-25,China,1.4190557116190743
2020-08-16,Russia,-1.7128375203113952
2025-07-20,Canada,-0.43889668053822661
2023-01-25,Saudi Arabia,0.5105947225937737
2024-05-10,Saudi Arabia,0.7321020238527548
2022-04-20,Iraq,-3.5157770891017952
2022-06-22,Iraq,-2.0330285878562817
2022-08-09,Russia,-2.3204729695807242
2024-04-15,Russia,-2.1844455807872074
2026-02-13,China,1.2989424556726812
2025-03-10,Russia,-2.0911102221709976
2024-10-03,Saudi Arabia,0.43881079929096289
2024-12-21,China,1.2009959147641724
2024-06-15,Russia,-1.5743274639444502
2024-06-05,Saudi Arabia,0.81728892885513493
2020-08-12,Canada,-0.59646178089456769
2020-08-13,Canada,-0.779101647813682
2023-12-23,UAE,-0.48719981112481353
2024-03-06,Iraq,-1.5231581100599558
2023-08-29,China,0.6077296577675787
2025-02-11,Russia,-1.9794634741561041
2021-05-23,Canada,-0.62226863442686031
2024-07-25,Russia,-2.1046631445026724
2025-01-23,Russia,-2.0818195422999617
2024-11-04,USA,-0.398935144724857
2020-04-28,Canada,-0.8246929302514896
2020-03-08,Iraq,-3.4768392506914916
2022-08-02,Iraq,-2.2053016372500958
2021-10-23,China,0.15257510793267942
2024-10-23,China,1.2563717049636594
2025-05-31,China,1.3719863872230533
2023-04-15,Canada,-0.32444639709203033
2023-04-25,Saudi Arabia,-0.96958553986068963
2021-06-04,Saudi Arabia,-0.20364618550687222
2021-03-26,Saudi Arabia,-2.2860198658425634
2020-03-15,Canada,-1.083139370017884
2024-05-31,UAE,0.60556088358769911
2024-03-17,Russia,-2.4965176371681852
2024-03-13,Canada,-0.38681646451479879
2025-07-08,China,0.58026139739975979
2020-05-06,Iraq,-2.4474492424581586
2023-08-05,Canada,-0.39115385312851869
2021-02-02,China,-0.27704818260696107
2023-08-07,Canada,0.07387877565026478
2020-11-07,China,0.21418110815073993
2024-09-25,Canada,-0.31111988828524817
2023-08-15,Iraq,-1.967157164948224
2022-10-20,Russia,-2.2407690064548818
2021-09-05,Saudi Arabia,-1.0692484933209438
2024-09-02,UAE,0.93177527250618675
2022-12-17,Iraq,-0.70283253045256511
2023-12-24,USA,-1.0373784901108052
2023-03-08,Iraq,-1.4591624290115601
2021-02-09,Iraq,-1.9821835401802173
2022-04-04,Canada,0.057689309903044786
2020-11-06,China,0.25898884940442329
2025-12-21,China,1.3739578909920191
2021-10-14,China,0.20150233365261569
2022-01-03,UAE,0.96449977997751435
2023-04-11,Iraq,-1.5738021413840935
2022-07-21,Russia,-1.8733586053561773
2026-03-12,China,1.3848499198028565
2022-02-05,Saudi Arabia,1.2752458206953872
2021-03-09,Iraq,-1.3039035378594224
2024-05-02,China,0.35024447073062431
2021-02-19,Saudi Arabia,-0.18097366688162458
2020-04-27,UAE,-0.46002471168419173
2021-12-25,Russia,-1.4372315748371725
2025-03-27,Russia,-1.7524744984571787
2022-05-30,Canada,-0.54204700368098835
2025-12-05,Russia,-1.293855468895599
2021-12-02,UAE,2.4833408443693212
2021-08-19,Russia,-1.3459143966658291
2023-04-20,Russia,-1.6901277621587265
2023-12-20,USA,-0.93366420475165
2020-06-22,USA,-1.4556535283825844
2025-11-07,UAE,1.0082639846972992
2022-09-27,UAE,1.8612965311199345
2022-02-07,Canada,-1.2014652402716617
2022-07-14,Canada,-0.1499016599081783
2023-06-16,USA,-0.93687225088532777
2024-11-10,China,1.4813887484086143
2022-03-27,USA,-1.0481354110019196
2023-03-16,Iraq,-1.7682830828623588
2021-07-11,Russia,-1.467314235261191
2024-07-13,UAE,0.54588625417455749
2022-06-22,UAE,0.39882684183832723
2021-12-28,Iraq,-2.1591528896648966
2021-04-06,Russia,-1.7154739410452087
2021-09-14,Iraq,-1.3760569435992032
2022-07-24,China,0.532152007589961
2023-04-23,Russia,-1.8858209294647355
2021-03-24,UAE,0.10339457458729021
2024-12-08,Canada,-0.43336778552343314
2026-03-11,China,1.352905337087807
2020-04-14,Saudi Arabia,-1.4691875746224303
2020-06-29,UAE,0.42663615487359013
2021-02-03,UAE,0.6094246978322887
2020-11-10,Iraq,-1.1048230566887716
2025-04-07,UAE,1.7039044580730345
2023-12-12,China,1.1914809148816714
2025-04-06,China,0.80485483084311227
2023-12-06,Canada,-0.48607938367090026
2024-04-19,Saudi Arabia,0.11389139214057399
2020-12-08,USA,-0.85192544709764917
2023-02-13,Saudi Arabia,0.99697591980148814
2021-04-09,Russia,-1.4270808498625418
2021-01-26,USA,-1.1310445983455704
2021-06-30,UAE,1.2588103536783837
2021-05-29,USA,-1.4006409628135819
2023-10-28,Saudi Arabia,-0.75018211571798654
2024-01-15,Iraq,-2.1757828292090164
2023-04-23,Canada,-0.67863065114823462
2020-08-12,USA,-1.0748188660169904
2020-11-06,Russia,-1.957409751629462
2024-07-17,Saudi Arabia,1.0288352522138979
2021-10-28,Canada,-0.13934111946513555
2024-01-10,Russia,-2.0085765739972685
2024-12-14,Iraq,-1.7022876022162561
2025-07-21,Canada,-0.66567561581108758
2021-07-25,UAE,1.177956539443255
2023-06-09,Canada,-0.39851518923651413
2020-06-28,Russia,-1.6891936553285367
2025-04-19,Saudi Arabia,0.632346915522283
2020-07-15,Saudi Arabia,-0.91798519374694521
2022-06-19,UAE,1.8488494202429224
2022-01-23,Russia,-2.1298468771408507
2022-09-09,Saudi Arabia,0.91602546251661365
2022-12-08,Iraq,-0.848149618602194
2024-10-17,Iraq,-1.8709065525899418
2024-01-13,Russia,-2.3475684204971596
2025-05-14,USA,-0.80959371424033
2025-05-13,Saudi Arabia,1.4116696964063005
2021-12-12,China,0.3264029007881683
2021-02-22,UAE,0.071226570080301865
2021-02-23,Canada,-0.91440400419603929
2025-02-22,Canada,0.013004448516383934
2020-01-30,Canada,-0.84118847509669226
2026-01-26,Iraq,-1.5233450126797257
2022-01-25,USA,-1.1849770364026353
2024-10-28,Iraq,-2.6832216075944215
2025-05-21,Saudi Arabia,0.81231074691340621
2024-06-12,Russia,-1.3025328286538163
2020-01-19,China,0.1953886367484535
2020-06-09,Russia,-2.2344354113533358
2021-03-12,Canada,-0.58083151688719858
2020-08-29,China,0.43913477097498832
2025-03-01,Canada,0.054154379834843613
2023-02-02,UAE,1.7887997741291097
2022-04-20,Saudi Arabia,0.42718420148529168
2025-02-11,China,1.3072681880566439
2026-01-11,China,1.2389900393043762
2022-10-01,Canada,0.065166559781511674
2024-11-21,Russia,-2.2319724834614538
2024-11-22,UAE,1.5888334360654885
2022-03-30,China,0.32704632575945874
2022-10-13,Russia,-1.9223601276633657
2020-02-04,Canada,-0.83404678670653176
2025-09-09,UAE,-0.49771170248940078
2020-07-04,UAE,-0.33731624608104205
2021-12-24,USA,-1.1947366426278112
2024-02-03,USA,-1.2447607179511442
2021-01-29,Russia,-1.5308871454224946
2022-02-28,Saudi Arabia,0.62997638613903961
2020-08-28,Iraq,-2.2824948717433506
2022-05-07,China,0.10987951488694725
2021-08-26,Canada,-0.63867754442071523
2026-03-04,Saudi Arabia,-2.3358023772558218
2024-06-08,Russia,-1.8080007361334123
2023-06-06,Saudi Arabia,0.5875396149870169
2024-03-14,USA,-0.77196247646679872
2025-07-17,China,1.070658410887755
2022-11-03,UAE,1.9793984435653402
2020-05-08,Saudi Arabia,-2.6257953106963177
2022-06-16,Saudi Arabia,0.59526980520310435
2025-04-02,Russia,-1.8636008492520164
2021-11-09,Canada,-0.12707241261662616
2025-01-25,Russia,-2.0856188446720862
2022-08-14,China,0.47246363964696991
2024-01-25,USA,-0.8684853039606234
2025-03-13,Iraq,-1.3777021937629281
2020-12-21,Saudi Arabia,-1.3712878487146232
2024-10-14,Iraq,-2.3568123551219982
2023-09-29,China,1.1730582904772333
2024-01-01,Russia,-2.9355456839934559
2024-03-08,Saudi Arabia,0.52271169766982573
2025-09-30,Canada,0.19746967826314138
2025-02-17,USA,-0.72257311749146891
2026-03-13,Canada,-0.074456752936467752
2021-11-28,China,0.35310008843610452
2020-04-03,USA,-1.5385764979302221
2023-01-24,UAE,1.4527218732172613
2023-10-12,Saudi Arabia,-0.64665627626729827
2022-02-12,Russia,-1.7224940512081521
2025-10-21,Saudi Arabia,1.639639396371809
2023-05-18,Canada,-0.39767186742772886
2021-11-01,Russia,-1.4284839186742415
2024-04-29,Canada,0.012873705139985326
2026-01-24,USA,-1.6898014363923697
2025-06-09,China,1.2096653625636657
2022-03-16,UAE,1.9521846948105037
2025-08-14,USA,-1.0489898436370795
2020-12-29,Canada,-0.81150566356441345
2025-05-20,Russia,-1.9492917303924615
2025-05-18,USA,-1.2152164631186193
2024-06-07,Canada,-0.37897778437095742
2020-05-31,Russia,-1.511945089195087
2020-08-31,Russia,-1.5200208968035398
2023-06-15,USA,-0.82106477968000935
2026-01-17,UAE,0.77058785650362172
2022-03-26,Iraq,-1.3694628175149295
2022-04-07,Saudi Arabia,-0.73896467424090717
2021-11-09,UAE,1.7780861403571542
2024-02-12,USA,-0.57505979056597567
2026-01-30,Canada,0.23170785000778721
2020-04-23,Saudi Arabia,-1.275456473795016
2020-11-30,China,-0.0030775185536437962
2026-02-07,China,1.457984084848932
2024-07-04,Iraq,-2.5728684466349612
2026-04-21,Canada,-0.10838868992300342
2024-10-15,USA,-0.788559216632943
2020-04-17,UAE,-1.1519876516762644
2023-01-07,China,0.14160141917545027
2021-05-13,Canada,-0.36540057967809669
2023-03-30,Saudi Arabia,0.34749048359321327
2026-01-11,Saudi Arabia,0.83470041876303069
2024-05-03,Canada,-0.57821165342869318
2023-03-08,UAE,1.8699436678642576
2021-07-01,Canada,-0.8605112189245826
2023-08-04,UAE,1.353880506166715
2024-11-22,China,1.5633849591832392
2021-02-15,Iraq,-3.2531825074987153
2022-10-16,China,1.4305949065263166
2024-02-15,Iraq,-2.47853325654709
2023-12-08,USA,-1.1671427410899
2025-10-14,UAE,1.4003205122640112
2026-04-22,Iraq,-1.9419992813340934
2022-03-18,USA,-1.0745360909957384
2025-01-04,China,0.66579037918892892
2024-10-27,Iraq,-3.1166645223106926
2023-09-09,Canada,-0.437356421044098
2023-11-08,Iraq,-2.3286672854919681
2022-04-11,UAE,1.2934472512987085
2021-02-27,China,0.14584564768456404
2023-03-22,USA,-0.46690188927567922
2020-09-10,UAE,0.57758280779637272
2025-09-27,USA,-1.4214543920344216
2020-11-19,China,0.41722808478598877
2021-09-21,USA,-1.1223915975711067
2021-09-23,Saudi Arabia,1.4803438280405989
2022-05-21,Saudi Arabia,0.52414840610205526
2025-01-16,Russia,-1.9598293119776335
2025-03-20,Iraq,-1.3710393401109504
2022-06-01,Russia,-1.7939451494474916
2025-07-30,Canada,-0.10612880011494925
2023-12-24,China,0.90747710097680945
2022-04-15,Iraq,-2.0463985974642003
2021-07-21,USA,-1.093236269966827
2023-01-08,Canada,-0.63886335667656824
2022-09-22,Canada,-0.21254710047162878
2024-03-03,Iraq,-1.4171974686668491
2023-01-13,Russia,-1.9628105663407263
2023-12-01,Iraq,-3.6825600433190919
2022-10-09,Canada,-0.40410590477807912
2025-09-13,UAE,-0.39125312937905721
2024-09-28,Iraq,-3.4234402575499665
2022-04-05,UAE,1.3941636049864379
2021-11-08,Saudi Arabia,-0.035619234354210341
2020-12-02,UAE,1.4934354933439327
2024-01-28,Russia,-2.4657381454389968
2025-12-19,China,1.2269696619760688
2022-03-25,Canada,-0.0241400083790549
2025-08-13,Canada,-0.7258846800131743
2023-07-21,USA,-0.67544834734687775
2022-02-21,USA,-1.2428496632039889
2023-09-28,Russia,-1.8983873592676068
2022-10-31,Saudi Arabia,0.62572269130775371
2022-02-09,Russia,-1.462146495979058
2025-09-13,Iraq,-1.3962378116334597
2021-04-28,China,0.39363652174722041
2022-09-02,Russia,-1.8704813196766616
2022-10-14,USA,-1.1465696610245195
2023-11-13,UAE,0.960421577531515
2020-11-24,Russia,-1.2531128179715265
2020-01-08,UAE,-0.28683883246999203
2022-11-11,Canada,0.14589059678839283
2025-11-24,Russia,-1.5700719483338466
2024-05-21,China,1.0228609874399122
2021-11-18,Canada,-0.33533323315683095
2021-05-01,China,0.560456182881402
2024-05-31,Canada,-0.28119242456731808
2023-03-30,USA,-1.2836641534851672
2023-05-29,UAE,1.8570186517429326
2022-09-02,UAE,0.60875118221862745
2023-08-11,UAE,0.55721494055405263
2025-01-18,UAE,1.1801053972392876
2026-02-10,Canada,-0.0450741827046654
2024-10-29,UAE,1.1238460844870246
2020-06-13,Russia,-1.55193470054172
2020-06-10,Iraq,-2.4422751555517377
2024-06-18,Saudi Arabia,0.27836581759045154
2025-03-04,Russia,-1.526149426848852
2020-06-20,Canada,-1.3977947768586032
2023-04-09,Saudi Arabia,0.15504931424444643
2022-09-24,Saudi Arabia,1.4458102864091207
2020-01-26,USA,-1.5215829175998921
2022-07-14,Russia,-2.1561537349350925
2025-07-05,USA,-1.2368812954401138
2022-10-03,UAE,1.3302900685244781
2025-01-23,USA,-0.96555576901318652
2024-04-28,Russia,-2.8450798000176873
2022-06-27,Russia,-2.1492503789362707
2023-05-17,Saudi Arabia,0.10781407509206159
2022-12-16,Canada,0.43571515386650184
2025-05-24,Saudi Arabia,0.58186766470356477
2020-01-12,China,0.42437283601226622
2020-01-08,USA,-1.9642522594097986
2023-06-29,Iraq,-3.0960520990420504
2024-12-10,Iraq,-2.5269539360368
2025-05-01,Canada,-0.032719218447833633
2023-01-09,Iraq,-2.4084074996698384
2023-04-02,USA,-1.6012077255455694
2023-06-21,USA,-0.80762867029204488
2022-02-09,UAE,1.2830147583259079
2024-11-05,Iraq,-3.1913166207184518
2024-02-11,USA,-0.78540572902151817
2024-02-10,UAE,1.1366246808088569
2025-01-12,Canada,-0.24935082761069111
2023-05-16,UAE,1.6760792197895438
2021-06-29,Iraq,-2.4336614571172128
2023-05-13,Canada,-0.51747661016806135
2021-12-03,Saudi Arabia,-0.72783465820164106
2022-11-19,Canada,-0.023194268863908667
2020-06-17,China,-0.69908980677479782
2022-05-01,China,-0.36169723908437856
2025-07-31,Russia,-2.3769909969144165
2024-06-03,USA,-0.82959190322346377
2021-10-03,Saudi Arabia,0.15963570270817198
2021-10-02,Saudi Arabia,0.039313532594156514
2020-10-30,UAE,-2.0915679075361524
2025-05-06,China,1.1544745267207339
2025-02-08,USA,-0.861208526849941
2022-10-06,UAE,2.2478130591148533
2022-01-19,Iraq,-2.5874639712235106
2021-09-20,Iraq,-2.3102212744045594
2023-12-12,Russia,-1.7303074928716196
2022-08-08,China,0.13311996630726786
2022-05-20,Iraq,-2.0938887638323274
2020-08-01,Canada,-0.58842105234714159
2024-01-22,Russia,-2.3249236872434165
2022-11-17,USA,-0.72504224071083989
2026-02-26,Iraq,-1.5467466458159962
2025-08-02,USA,-1.1798565578313172
2022-11-26,China,-0.15023939509692041
2022-10-25,Iraq,-1.0233771597994685
2022-02-03,China,0.50429679767577662
2022-09-28,Saudi Arabia,1.1344857763144858
2022-07-02,Saudi Arabia,0.47959389131883934
2020-10-17,Iraq,-2.3789135080271553
2021-03-04,UAE,0.39294032628848991
2025-04-24,UAE,2.29841935920917
2025-07-06,USA,-1.5257503062048225
2020-05-02,Russia,-2.2480048306094611
2021-02-03,China,-0.078926855979009572
2024-04-26,Canada,-0.044389399882156289
2022-10-15,USA,-1.2321441667468207
2024-07-17,China,1.2913347534074602
2024-09-08,USA,-1.0643023911712972
2025-01-04,Saudi Arabia,0.38262220690312654
2024-12-23,Saudi Arabia,-1.2225249656635244
2025-05-12,USA,-0.63343420309793319
2022-10-25,Russia,-1.7766251764684804
2022-07-02,UAE,0.42550317230237084
2022-12-24,UAE,1.4497174693738246
2025-10-29,China,1.2941495961503582
2021-07-15,USA,-1.2246767240216005
2023-12-04,Saudi Arabia,0.713999615974294
2026-04-26,China,1.764571993093482
2023-07-10,Iraq,-1.8754081099538367
2021-04-08,China,0.29667333423426934
2021-04-18,China,0.33478609865397968
2024-10-08,UAE,1.4415002843221865
2026-02-25,Iraq,-1.5392599150985768
2026-02-28,UAE,-3.3047836890428224
2022-11-22,Saudi Arabia,0.13014484099067195
2021-08-29,USA,-2.3745762667563586
2021-10-02,USA,-1.3386062877189246
2020-08-14,UAE,0.80190341225289641
2023-01-11,UAE,1.2391702887053302
2020-01-20,USA,-0.94949688849800062
2021-03-06,USA,-1.0307051699820169
2026-01-18,UAE,1.27183268412256
2021-07-04,UAE,0.97100607146533036
2024-05-09,UAE,1.9295925015064466
2021-09-20,Russia,-1.5676108631135095
2025-04-12,China,0.52037432971344633
2022-01-23,China,0.085396777418832073
2023-12-15,USA,-0.76174511455734784
2026-04-14,China,0.89418484585825375
2025-12-22,Iraq,-0.6265502599849877
2021-01-17,UAE,-0.055688958184916912
2022-08-01,UAE,0.57553600406049776
2024-09-01,China,1.3503670641275927
2021-10-20,Canada,0.053683368093402475
2020-03-24,UAE,-0.77616719816659507
2024-12-10,Russia,-2.1179084043636736
2020-12-14,China,0.35776447127926114
2021-05-17,UAE,0.52282393957892881
2023-09-02,Iraq,-2.8454652560881946
2024-05-15,Canada,-0.10481689431027624
2021-03-06,Russia,-1.3037952256676659
2020-02-16,UAE,0.80357627401181986
2021-07-11,Iraq,-3.3330505431326509
2022-03-06,Russia,-3.0292693656190131
2024-04-14,Saudi Arabia,-1.5994781154406013
2020-03-02,Saudi Arabia,-1.5423335098908322
2024-09-02,USA,-0.8840757436128327
2022-03-19,Saudi Arabia,-0.029982985167287354
2022-01-09,Canada,-0.99539748589748533
2020-07-26,Russia,-1.621253126342608
2023-02-20,Saudi Arabia,0.91409917971975285
2024-12-26,USA,-0.67908451115172042
2024-12-27,Saudi Arabia,0.47311830448360004
2024-10-11,Canada,-0.37889017617794396
2023-07-08,Canada,-0.16555765797126051
2022-11-23,Saudi Arabia,0.28316585711183107
2022-11-27,Iraq,-3.4635363055694333
2021-03-26,USA,-1.3499045165288908
2024-12-07,Canada,-0.31156985482847493
2023-10-13,China,0.88538096471908789
2023-03-31,Iraq,-2.1306945523906884
2023-03-07,China,1.2832218327644402
2021-02-08,Russia,-1.601376989489298
2020-05-24,China,-0.63501450841536289
2024-09-22,Canada,-0.073898666330372481
2025-03-16,China,0.90971891824048778
2023-05-06,Canada,0.088386516289812089
2022-06-01,Iraq,-1.8464766190661615
2021-03-17,Russia,-1.6136095105243302
2025-05-19,Saudi Arabia,0.98773392853246533
2022-04-10,USA,-1.271252993680593
2024-08-14,USA,-0.90383191473666846
2023-04-09,UAE,2.2003114766825576
2025-07-03,UAE,-0.021167303790991032
2021-07-15,Russia,-1.606492431134853
2020-07-04,Iraq,-2.2800167709237256
2020-07-08,Iraq,-2.5368811891407903
2021-06-17,UAE,0.14782326409318414
2025-01-17,USA,-0.64169095361084438
2022-03-11,China,0.76097741957016007
2025-12-14,Saudi Arabia,0.63776516320703158
2022-05-04,Iraq,-2.4717345261966988
2023-10-04,Saudi Arabia,0.6526256442326791
2024-05-03,USA,-0.95927141938580862
2020-05-04,China,-1.1222574197891035
2022-06-16,Canada,-0.15987704855268497
2024-07-25,Saudi Arabia,0.47243651527098868
2022-06-19,China,0.37923462716016987
2021-09-27,China,0.26246050809251409
2024-04-29,China,1.6148469677512107
2021-12-24,UAE,0.99954183994124257
2021-06-12,China,-0.20673249159655943
2023-05-04,Iraq,-1.2517628995280614
2023-04-19,Russia,-1.9080251874004401
2023-05-08,China,0.87314853537313009
2023-01-31,China,1.0423895549676498
2023-01-27,China,0.65393236947425959
2025-05-19,Iraq,-0.46923291150534052
2024-08-06,Canada,-0.21978146055423403
2021-11-23,USA,-1.1208391937879367
2023-04-09,USA,-1.2446815415291166
2021-05-18,UAE,0.91015319470199063
2020-04-03,Saudi Arabia,-2.3258930871350256
2022-06-13,Iraq,-2.79998676876663
2022-10-14,Russia,-1.8329495759244936
2021-07-18,China,0.3129815808104317
2021-01-14,Saudi Arabia,-0.024910816026298854
2023-02-15,China,0.83169201482751387
2023-02-27,Saudi Arabia,0.096254081680163
2020-03-30,Canada,-1.0927970992064728
2025-03-05,UAE,1.1745986227166032
2023-09-26,Russia,-2.4378518931715329
2024-08-21,Russia,-2.3460214278858116
2020-04-18,China,-1.3185743973084179
2024-12-02,UAE,2.8307835478902508
2022-02-07,UAE,1.9194898054612364
2022-02-18,China,0.63209702066508555
2025-04-18,China,0.94543642754617851
2020-02-18,Iraq,-2.6101049044491091
2021-02-15,China,-0.02148069313416618
2024-02-17,China,1.6553368760961857
2021-10-15,Canada,-0.11824966681274489
2023-01-27,Saudi Arabia,-1.108465465134981
2025-05-14,Canada,1.0197257505307735
2023-11-08,Saudi Arabia,0.0040670471155215835
2021-05-02,USA,-1.3484297059892658
2023-12-17,Iraq,-1.7351774862921527
2025-09-22,Russia,-2.362383611985194
2020-10-18,Iraq,-2.0907627231216024
2020-05-01,UAE,-0.56243436128181179
2024-11-11,Canada,-0.34215689737786364
2025-09-12,Canada,0.42382517951008425
2022-10-04,UAE,1.9662499183461843
2022-03-27,Canada,-0.14653239202137724
2024-04-26,Saudi Arabia,0.83229131048312821
2022-08-01,China,0.9996705334465481
2023-05-13,Russia,-1.5564601995117786
2025-03-18,Iraq,-0.60278391671182041
2020-08-27,Iraq,-2.036155385354312
2024-08-18,USA,-0.809801658814998
2020-12-09,UAE,1.0803424027071675
2023-07-03,Canada,-0.28080333071411462
2020-03-15,Saudi Arabia,-2.648064082845297
2023-03-26,USA,-1.5239667367943428
2025-07-12,USA,-1.3123153180961027
2024-03-17,USA,-1.0266933692136739
2021-05-11,Iraq,-3.2150799635477276
2023-09-02,China,0.97784701434849175
2024-05-19,Russia,-2.6679836124143943
2020-09-08,UAE,-0.27273482439646773
2026-01-07,China,1.0989273790324978
2023-05-29,USA,-0.79702706833252956
2020-05-06,Saudi Arabia,-1.577845197871971
2026-04-03,Iraq,-1.9606213098550151
2023-12-13,Saudi Arabia,0.95509969407624007
2022-10-20,Saudi Arabia,1.1073858284463087
2023-04-30,China,0.76352370970025474
2024-02-05,Russia,-2.0762800083355009
2022-02-21,Saudi Arabia,0.51062533239182128
2021-12-15,Russia,-1.3764847731394765
2025-02-25,UAE,1.5720267480927692
2023-06-07,China,0.83971980021760084
2025-04-04,Russia,-2.2045546635647892
2022-10-15,UAE,1.7236644951410918
2020-08-03,China,0.12465339941212228
2026-04-29,Canada,0.058970399890387631
2024-07-01,Russia,-1.8338177644861222
2024-01-27,Russia,-2.6593698565388943
2025-01-01,Russia,-1.9443676275148585
2021-10-28,China,0.49432312028619152
2023-09-18,China,1.1428207107329735
2025-08-01,China,1.1816085819230151
2024-10-11,Saudi Arabia,0.13447127398141573
2023-02-09,USA,-0.79910466819625325
2021-11-18,Iraq,-3.2850462202432329
2020-09-16,UAE,0.76954181274835565
2023-03-23,USA,-1.0083880191890247
2024-05-30,Iraq,-1.1575125515738132
2022-12-24,China,0.12770705221213513
2022-01-14,Saudi Arabia,-0.11391432683587396
2022-10-17,Canada,-0.072889758679334518
2024-09-10,China,1.1101823929842147
2023-02-19,UAE,1.366593411851857
2025-05-31,Russia,-2.3336900890274341
2024-01-13,USA,-1.3227785067754552
2022-07-25,China,0.70674430708769975
2020-03-12,UAE,0.64067491335255344
2022-09-17,Saudi Arabia,0.95927171900940944
2021-02-22,China,0.39816744413614052
2025-02-16,Canada,0.20806558965097027
2025-07-17,Iraq,-3.7986911882017771
2025-09-29,Canada,0.34102664813345679
2023-06-10,Russia,-2.4629630431160319
2022-01-13,Canada,-0.5700517151464094
2022-01-21,Russia,-1.7467276836012855
2023-03-19,Iraq,-2.3054728024179472
2022-04-01,Canada,-0.37041370681264307
2020-07-03,Iraq,-2.3155153522015475
2024-07-04,Russia,-1.5397545120126854
2025-01-03,Canada,-0.42837283119987679
2021-03-11,UAE,0.61901987306453832
2024-08-30,Russia,-2.2010043496266594
2025-08-01,Russia,-2.3756513244713888
2025-05-14,Russia,-1.6130792138655021
2021-12-11,China,0.55289826765528594
2020-08-17,Russia,-1.65545189495373
2024-10-01,Russia,-1.7835734397163243
2026-03-08,UAE,-2.0033655520510711
2024-05-27,UAE,1.5577845393174683
2026-03-16,UAE,-2.6397799389852192
2023-04-02,Russia,-2.8813894233587725
2026-01-02,Canada,0.16011630511879257
2026-01-06,UAE,1.203725513257339
2025-04-21,Russia,-1.617307061380153
2023-05-24,UAE,1.3302918575389029
2021-04-20,Canada,-0.51202308804527219
2022-08-31,UAE,0.34313453415965034
2022-10-15,Iraq,-2.6798834295046388
2020-07-02,UAE,0.29190823866167004
2021-11-12,Canada,-0.19941595968465381
2021-08-30,Saudi Arabia,-0.10421333440725772
2024-07-07,UAE,1.0995488752112295
2025-10-01,China,1.2927300766257261
2025-08-24,Russia,-1.9063873245896439
2024-06-23,USA,-1.0063347397230975
2025-01-02,China,1.3186117540749933
2024-10-26,USA,-1.1709952938865462
2023-05-09,UAE,1.7598504343685122
2022-07-17,Saudi Arabia,-0.30482443176834745
2023-04-22,China,0.60777425836571186
2021-10-04,Russia,-1.2944751626743725
2025-07-10,Canada,0.0032354724694764331
2020-06-22,Russia,-1.6637105346324055
2024-03-03,Saudi Arabia,0.04242678954839893
2023-01-15,Iraq,-0.53823276651755914
2023-01-19,Russia,-1.7708191238789448
2025-09-16,Iraq,-1.0222607369935333
2026-03-31,China,1.1862240061366012
2022-03-29,USA,-0.9234539139199256
2020-02-22,Saudi Arabia,-1.5865762815972255
2023-03-07,Saudi Arabia,0.99555182178310631
2023-12-08,China,1.2156876954536058
2020-03-03,Canada,-0.77148635916896469
2021-12-31,USA,-1.2548466450474478
2025-12-12,USA,-1.0270930413688328
2023-11-27,Russia,-2.2061037550491913
2021-12-01,Iraq,-2.2528435560967734
2025-03-06,UAE,0.56735981692290183
2021-12-16,USA,-1.0969166735885052
2023-02-04,USA,-1.3451584356928934
2022-09-10,USA,-0.84294257925892335
2022-12-22,Russia,-1.3554157379410523
2025-04-05,Iraq,-1.5229423075327591
2024-07-14,Iraq,-1.4691602889575981
2021-04-07,Saudi Arabia,-0.27450512652479314
2026-02-04,Russia,-1.9897688688485364
2021-09-09,UAE,0.918406068591099
2026-04-21,Russia,-2.0307253130702514
2023-11-28,USA,-0.58912997114985277
2020-11-22,Saudi Arabia,0.20839132904133775
2021-10-03,Iraq,-1.7460386025635477
2021-05-20,USA,-1.0310148659442613
2023-01-13,Saudi Arabia,0.49825723077022449
2026-04-15,Russia,-1.7143357524660581
2022-08-05,China,0.19842998842064755
2021-01-27,Saudi Arabia,0.4043500896876398
2024-01-12,Saudi Arabia,-1.5868996024146205
2023-02-04,Saudi Arabia,0.43830704594176695
2021-05-09,Saudi Arabia,-0.47775251396396196
2023-06-07,Iraq,-0.96380921647244366
2022-07-12,UAE,-0.37873884831818339
2025-10-26,China,1.4507775266373117
2026-01-27,Iraq,-0.93094087404225268
2023-05-02,Iraq,-1.2703442409789294
2020-12-08,UAE,0.54101858496951349
2021-08-31,USA,-1.5241556609955749
2021-10-12,Iraq,-1.342020532072763
2022-12-09,Canada,0.18091706640592642
2020-07-30,USA,-1.5796046560937067
2022-08-12,Saudi Arabia,-0.46958359356184537
2022-01-07,Saudi Arabia,-0.35600026206486712
2021-04-17,UAE,-0.44134827131760046
2022-11-21,Canada,0.092618684365020465
2025-05-04,Saudi Arabia,1.1427488047348104
2023-06-05,USA,-0.79255106363032057
2020-10-20,Iraq,-2.5077930143508369
2023-03-25,China,-0.089739320235426939
2025-11-06,China,1.2108185204624748
2024-05-17,Iraq,-1.0164909444342893
2020-10-10,UAE,0.3039411294565284
2023-03-30,Canada,-0.48437626285654167
2023-05-24,Iraq,-0.75555309395039882
2021-10-31,UAE,1.3906854382886795
2022-01-16,Canada,-0.50643281215210612
2021-02-13,Russia,-1.6129217153053479
2022-08-02,China,0.3712874249332983
2023-02-11,UAE,1.7195753457445815
2021-05-30,Canada,-1.1455310847620264
2022-07-25,Saudi Arabia,0.021678930176359912
2023-06-24,USA,-1.1163625873162779
2024-12-15,Canada,0.018491669424912181
2020-08-12,Russia,-1.4217889714255771
2021-12-22,UAE,1.2364986407264231
2021-02-26,Canada,-0.33846650035973114
2026-03-16,Iraq,-2.9408714712997117
2025-09-26,Russia,-2.2021817195119953
2022-09-25,Canada,-1.7829501448996283
2020-08-31,Canada,-0.58698792649255349
2024-02-28,Iraq,-0.70767016564632323
2021-09-23,Canada,-0.33097197724480187
2025-04-03,Iraq,-1.263410007869247
2021-07-16,Russia,-1.5247524440068614
2022-01-27,Iraq,-1.7498931960983646
2022-06-21,Saudi Arabia,1.3835520864370869
2021-08-30,UAE,1.700558824766345
2021-04-06,USA,-1.0338472485748691
2024-01-26,Iraq,-2.0918661558042735
2026-02-11,China,1.4449117154968962
2022-01-04,China,0.35476772463160178
2021-10-28,UAE,1.6760513686242797
2024-10-08,Canada,0.41336638788639235
2025-05-28,UAE,0.99475358350086307
2020-03-26,China,-1.1818421039421374
2022-02-26,USA,-1.7028370024305537
2025-12-01,Canada,0.259855591825147
2021-08-15,Iraq,-1.9853916844983288
2021-01-05,Russia,-1.2740000802908626
2025-05-04,Canada,-0.045087951122782771
2025-05-02,China,0.7648314357223106
2025-05-07,USA,-0.91026410126897672
2025-05-07,Canada,-0.021701602662262919
2021-08-01,USA,-1.16095278018134
2025-01-24,Saudi Arabia,0.19141724598101967
2023-05-02,Saudi Arabia,-0.87996452806788228
2025-06-06,China,1.2879778310296819
2020-05-13,Iraq,-2.9116186889096656
2021-01-21,USA,-0.61149390507849011
2024-01-25,Canada,-0.53589242928042224
2024-10-17,China,1.4854303706509639
2020-07-28,USA,-1.5782552181483374
2023-07-23,USA,-0.789549709875016
2020-03-30,UAE,-1.0937277766576754
2024-12-17,China,1.1843445357528091
2025-11-28,China,1.0860854945356768
2020-04-10,UAE,-2.7995384662027276
2024-05-17,USA,-0.66901428987039091
2024-05-15,Saudi Arabia,0.74422153312514494
2020-05-03,USA,-1.5709582841213048
2025-10-20,China,1.0540102678714953
2023-08-13,Saudi Arabia,0.48839120415587733
2022-10-12,Canada,-0.54106892769676262
2020-04-20,Russia,-2.3147501608341772
2023-11-12,Canada,-0.40295071649409731
2026-02-08,USA,-0.78925200246038685
2025-03-29,Russia,-2.5246049235019159
2024-06-28,UAE,-0.39992440633283416
2021-10-28,Saudi Arabia,0.33018028325807613
2025-05-23,Russia,-1.9947815508845803
2020-12-20,Saudi Arabia,0.0382003821427276
2024-03-31,Russia,-3.0824955712267084
2020-09-13,USA,-1.863268159242162
2024-08-05,UAE,0.79403940933605188
2022-10-27,USA,-0.87125793567761756
2021-11-20,USA,-1.2915079708975994
2025-09-27,UAE,0.3749719532790286
2021-08-01,Canada,-0.53991135174983385
2023-05-28,USA,-0.88133679750794358
2020-07-13,Russia,-1.8030887347032973
2021-03-31,USA,-1.2544399714882273
2020-11-27,USA,-1.0320164189568422
2024-06-11,Canada,-0.16705791735162778
2023-06-25,USA,-1.0058316560978744
2020-01-03,China,0.31755390527078636
2024-03-16,China,1.0185218337549631
2023-01-01,Canada,-1.0602279402291337
2021-11-29,Russia,-1.2933997991354649
2023-06-22,Iraq,-2.0624468142270111
2020-09-07,China,0.31123825564498669
2020-06-18,China,-0.4790920942784227
2021-05-24,China,0.14843666390084692
2023-05-23,Canada,-0.22503568174591598
2020-02-03,Russia,-2.1230703571667631
2025-10-03,UAE,1.0208086149134838
2025-12-16,China,0.99203445718458982
2021-10-20,Russia,-1.5572755384085375
2021-05-03,UAE,1.4399510780919336
2024-08-02,USA,-0.89359061848502186
2025-07-03,Iraq,-1.5040537494264905
2024-02-22,USA,-0.90542894851129774
2023-05-21,Russia,-1.924142975212894
2020-11-04,Russia,-1.4495432924440961
2021-11-11,Canada,-0.099305473015988577
2023-11-16,USA,-0.76561321142864436
2023-02-18,Iraq,-2.0944372507456515
2023-02-10,Russia,-2.0857610454796647
2024-10-24,Canada,-0.23542020862343938
2023-09-11,UAE,-1.0265312404952156
2025-05-18,Canada,2.0092020807004665
2024-08-26,UAE,-0.17938816016012438
2022-05-18,Iraq,-1.7822717832630126
2025-05-07,Saudi Arabia,0.57966330908493724
2021-03-08,USA,-0.85887298818879387
2021-05-21,Iraq,-2.2550082521303771
2021-04-29,USA,-0.98712702050628864
2022-01-13,Russia,-1.7568701822472981
2021-11-07,Canada,-0.43790019101945049
2025-09-06,Iraq,-1.0420946730951159
2021-02-14,Russia,-1.4375482972767886
2022-12-30,Iraq,-3.0232044712585915
2021-08-31,Russia,-1.135662713723617
2026-02-08,Saudi Arabia,0.99055841073416062
2021-09-09,Russia,-1.1075302036132559
2021-03-10,UAE,0.041226210981603492
2023-12-23,Russia,-2.0754489571682537
2022-02-07,China,0.62651427602501641
2021-02-01,China,-0.059074853712381525
2021-04-23,Iraq,-2.5532131934672622
2020-02-09,Saudi Arabia,-0.0940811672060829
2022-03-10,Iraq,-1.6881578531249783
2023-11-11,UAE,1.517119425220671
2024-10-30,Russia,-1.9927947070439145
2024-10-19,Russia,-2.1992340394853489
2025-05-24,Canada,-0.19058619364872417
2020-01-15,Russia,-1.0544937748763989
2024-01-19,Iraq,-2.5564071352696813
2021-03-18,China,0.22726277360805347
2021-10-09,USA,-1.2744826884811626
2020-04-16,UAE,-0.12128624892668546
2023-12-26,Russia,-2.1135400660640018
2023-03-24,China,-0.42878888868855597
2025-07-11,USA,-1.2634531843866794
2021-11-29,China,0.56059719286468257
2024-03-10,Russia,-2.2962839682107545
2025-07-03,Canada,0.08266593725065656
2025-02-03,China,0.79064681442185214
2020-11-19,Russia,-1.4920855273989784
2021-02-02,UAE,0.6249581032733782
2026-04-06,Canada,0.4817966113052371
2023-11-17,Iraq,-2.5327541263374123
2022-05-21,UAE,1.4132436598037597
2025-06-05,Canada,-0.22880093933194673
2023-05-10,UAE,1.4454296377712195
2023-02-23,UAE,1.9628522798697867
2023-10-29,Russia,-2.5847811312729778
2023-06-24,Iraq,0.2526432893754938
2024-01-08,UAE,1.3753007595316551
2023-07-04,Canada,-0.67198461455463532
2020-09-17,Canada,-0.35167790243188723
2023-12-29,Iraq,-3.2126754937181934
2022-07-04,Saudi Arabia,0.603620120846834
2021-03-03,Iraq,-3.6490987296830153
2024-02-23,Canada,-0.19163462996345329
2025-01-30,UAE,2.6063651538345121
2020-09-28,Iraq,-3.9674008214851568
2020-07-02,Saudi Arabia,-1.1375674444250992
2020-02-09,Russia,-1.7058719800235702
2022-09-08,Canada,-1.949271512914577
2024-07-15,UAE,1.8829598926275375
2025-03-23,Russia,-2.7196409729266229
2023-11-23,Russia,-1.8235845028538975
2024-06-21,Iraq,-0.897533908750958
2022-03-20,Russia,-2.8488637148302716
2020-06-10,Saudi Arabia,-1.4754357915051943
2020-08-19,Russia,-1.6923175803399273
2025-11-26,Canada,0.52591755013887176
2020-05-30,Iraq,-2.0221112534848737
2022-07-01,China,0.93243660714811472
2024-11-28,Iraq,-0.95008316976817342
2023-01-23,Canada,-0.24277169880878455
2022-07-12,Iraq,-2.2142585187062345
2021-07-03,UAE,0.304630745997399
2026-01-29,Saudi Arabia,0.79550499080629133
2025-03-25,Canada,-0.059631023102091743
2025-08-10,Russia,-2.2739553485830148
2022-07-18,Iraq,-1.7409847318793512
2023-12-29,USA,-1.1780242610940181
2020-09-06,Russia,-1.9675680986080637
2025-04-24,USA,-1.0283318221909554
2020-02-03,Canada,-0.87909782080972421
2024-07-17,Canada,-0.52595744335270955
2024-09-12,Saudi Arabia,0.81741852547391725
2021-10-17,China,0.31547552238230031
2023-04-19,Iraq,-1.5585444585061767
2020-06-02,China,0.18840015956194833
2025-11-20,Canada,0.56880754462630723
2022-10-26,Iraq,-1.9611419826883272
2025-05-01,UAE,1.9686349619997505
2023-01-05,USA,-1.1266512475169428
2020-09-08,Saudi Arabia,-1.3045363018881462
2021-03-01,Iraq,-2.4936441838972794
2024-11-14,UAE,1.1857688441725986
2023-08-08,USA,-0.98097347865330409
2021-07-09,UAE,0.823412517273927
2021-11-06,Canada,-0.4158719502717878
2022-05-26,USA,-1.4817399209484605
2022-05-21,China,0.43747063568130351
2024-01-30,Saudi Arabia,0.28451046090073984
2026-04-22,Saudi Arabia,0.75623201953320729
2020-03-31,China,-1.106437723152395
2024-06-15,USA,-0.82138114310236521
2024-10-16,USA,-0.73035812403260814
2023-02-02,USA,-0.83806463374103957
2023-10-01,Saudi Arabia,0.15460175582270191
2020-01-28,China,-2.3855230120847155
2025-10-31,Canada,-0.030052854027210009
2022-01-12,USA,-0.99163645551123381
2024-09-25,USA,-1.135955536652024
2022-12-05,USA,-0.6569238817668771
2025-01-16,UAE,2.5043862030380253
2021-10-17,UAE,2.4612701714302547
2026-04-20,Iraq,-1.9644271138467289
2022-12-11,Iraq,-1.8467263458570951
2024-02-06,UAE,1.3633814302420593
2024-04-01,Russia,-2.9359784780593254
2020-11-23,USA,-0.810493259210318
2024-01-16,Saudi Arabia,-0.12918159276086219
2023-06-24,Saudi Arabia,0.66025167953308128
2021-08-19,China,0.38145362859062043
2023-06-09,Russia,-2.2796205709173556
2023-08-25,Canada,-0.52388683028946348
2022-07-10,Russia,-2.5117429062757246
2022-10-02,China,1.1007482141459044
2022-04-05,China,-0.48718505864326489
2026-01-25,UAE,0.904181202737834
2020-07-09,UAE,-0.013053217342140176
2024-06-22,UAE,0.43871746660235805
2023-07-27,USA,-0.80257621454847483
2022-02-23,Russia,-2.0859918014892713
2022-02-20,China,0.93241350952301727
2022-11-25,Russia,-1.8497777143317025
2025-07-27,UAE,-0.46728076050636685
2024-08-27,USA,-1.0603983875208012
2024-03-24,UAE,2.0378400439712028
2023-10-14,China,1.2281982033018961
2023-10-10,UAE,1.3340789723928796
2023-03-06,Iraq,-1.1283172782573407
2020-11-14,Saudi Arabia,-0.89695808753997741
2022-09-04,UAE,0.561604984834272
2025-04-07,USA,-1.3773439013190627
2022-08-03,UAE,0.48359265263511653
2025-06-03,USA,-1.0680653819573283
2022-12-02,China,0.32167356249141971
2026-02-23,Canada,-0.20210279052972152
2023-10-22,China,0.97593757524879843
2024-08-19,Canada,-0.43292385872495986
2023-12-24,Russia,-1.8038424673614939
2020-01-31,USA,-1.3468476060367769
2023-01-12,Russia,-1.9359118967379032
2026-03-16,China,0.86493966661712662
2021-11-23,Saudi Arabia,0.52548219813674291
2023-06-04,Iraq,-1.0618369353525097
2020-06-23,Iraq,-2.2290542606126462
2024-03-01,Saudi Arabia,-0.81753074125914238
2024-11-10,UAE,1.2206729301966441
2021-02-05,Russia,-2.0789345555483854
2023-11-30,Russia,-1.9873841221094419
2026-04-03,Saudi Arabia,-1.5595162048421347
2020-09-23,UAE,0.30289846517913033
2024-09-16,UAE,0.92179548231035258
2026-04-26,Russia,-3.0940014795890924
2020-03-31,Iraq,-2.61125881617707
2024-01-10,Iraq,-1.70368338893413
2023-11-07,Iraq,-2.9266549023499584
2020-01-05,China,0.3633454954652266
2021-08-25,Russia,-1.1520377678093523
2023-10-15,Saudi Arabia,-1.2072987695507069
2022-07-03,UAE,1.0562376757040146
2023-08-06,Canada,-0.27394977996829145
2025-04-10,Saudi Arabia,1.0013089887745341
2024-11-02,Canada,-0.26982336881340541
2025-12-28,Iraq,-1.7587635096916456
2021-01-10,Russia,-1.7392432193881211
2022-08-04,Saudi Arabia,0.27654750687100188
2021-06-12,Russia,-0.59239322075379086
2024-07-05,Canada,-0.30634972274437733
2024-02-06,Russia,-1.8820545855341642
2021-09-13,Russia,-1.1804538174528043
2020-12-25,China,0.439482604477489
2020-12-27,Saudi Arabia,-0.33617310878174256
2022-09-30,UAE,0.8321954353216281
2021-03-20,Saudi Arabia,-1.5241666802469007
2023-08-22,China,0.61310971178538742
2024-05-11,UAE,0.98173520651339552
2022-07-04,Russia,-2.1226030821516897
2025-04-22,UAE,1.4898781713599265
2024-05-06,UAE,1.662475825638098
2020-07-21,Iraq,-2.3835000190024429
2020-07-11,Canada,-1.2817819038975471
2021-07-14,China,0.23757548335527992
2020-04-26,Russia,-2.3580682736217882
2023-11-15,Saudi Arabia,0.12703241188698222
2024-02-01,Canada,-0.16056763760150369
2025-10-05,Iraq,-0.69554846783864233
2021-10-22,USA,-1.4169055468360112
2022-01-08,Russia,-2.4053788138911605
2020-01-14,Saudi Arabia,-0.84756660410243645
2020-12-18,China,0.55577577012051915
2021-11-20,Russia,-1.4677745697677913
2020-01-23,Iraq,-3.0926059810761011
2023-10-17,Iraq,-3.0530317468344075
2024-05-14,Canada,-0.125745009948109
2022-07-14,UAE,0.4638799698715626
2023-03-30,China,0.03758701372535049
2025-07-07,Canada,-0.18428152943976783
2022-11-08,Iraq,-1.8361104600171636
2022-06-12,China,0.11037818845472315
2024-09-28,Canada,-0.32866396460710234
2021-07-12,UAE,1.1916314457294335
2024-04-18,Russia,-2.2444205603718834
2022-06-06,USA,-0.92853079739847544
2025-03-14,Canada,-0.065425745904450716
2020-08-20,China,0.29260637405526019
2025-05-20,Canada,-0.13728770910618204
2021-06-02,Iraq,-2.4815376465565953
2023-12-24,Saudi Arabia,0.013535227351678059
2022-09-11,UAE,0.49155086152071331
2024-12-07,Russia,-2.3164287899689691
2022-02-04,Iraq,-3.1987147304497356
2023-03-21,UAE,2.0453082296078047
2022-09-26,Canada,-0.20017597759647057
2026-01-05,Russia,-2.234657199978622
2022-12-26,USA,-1.5256524414552486
2026-01-10,Canada,-0.43120730806590762
2020-05-28,China,0.16895779602748637
2021-03-31,Saudi Arabia,0.82557851933564808
2022-12-02,UAE,2.5972786895223834
2024-09-18,China,1.2119132142293294
2023-02-26,Saudi Arabia,0.61909673159372325
2025-08-05,China,0.70326772096637835
2022-07-22,Saudi Arabia,0.01533452333508388
2020-03-12,USA,-1.7882917883374192
2024-03-26,Iraq,-1.807722021270189
2020-03-17,Iraq,-2.9199306422052338
2021-02-24,Canada,-0.60828128046843044
2021-07-23,Saudi Arabia,-0.098892009999402286
2022-12-22,USA,-1.047274674299135
2021-04-21,Russia,-1.8505844868672261
2020-09-30,China,0.33007747143231386
2024-07-25,USA,-0.66392806899229717
2022-06-10,Canada,-0.44469072593720838
2024-07-11,Iraq,-0.97431010910178473
2024-07-19,Iraq,-2.331070869537792
2021-04-03,Russia,-1.7473615395988251
2021-01-22,Saudi Arabia,-0.48143972686940789
2024-09-06,UAE,0.68050834978847341
2020-05-19,UAE,0.036083205109261475
2026-02-13,UAE,0.8999776337925165
2023-02-22,Canada,-0.30990006020080563
2023-10-22,Iraq,-3.6429070635503513
2023-01-29,USA,-1.3531339145661145
2021-08-20,Saudi Arabia,0.35261817664498685
2025-02-21,Iraq,-1.89709968108087
2023-08-23,UAE,1.3595420769143929
2023-04-07,Saudi Arabia,0.56602920089734987
2022-09-20,USA,-1.0375892969772518
2025-04-17,Iraq,-0.80552920687521334
2020-07-20,China,-0.17490264694716129
2022-08-28,Iraq,-2.30760815608724
2020-07-18,Iraq,-2.2280269771611882
2022-12-31,USA,-1.1309881930328747
2021-06-26,Canada,-0.10295446751125381
2025-12-09,Canada,0.054790599462796533
2022-12-19,UAE,1.5477454855217858
2021-12-04,UAE,1.9013985522674184
2020-08-16,Canada,-1.3169154777830243
2025-05-07,UAE,1.6350357662306489
2025-07-13,Iraq,-1.579270994786063
2023-04-09,Canada,-0.72507841269882545
2022-09-25,UAE,0.440060540124886
2020-04-03,Iraq,-2.9150525946293335
2025-02-04,China,0.43761503172000438
2020-10-19,China,0.11443489663942479
2023-12-01,USA,-0.94793130027073236
2020-02-24,China,-1.9092922196098823
2022-03-31,China,0.32578515038617817
2024-04-19,Russia,-2.347245764546988
2024-06-27,Saudi Arabia,0.48290547536942363
2022-06-04,UAE,2.4126102303355856
2025-11-24,Canada,0.36766102025084779
2024-05-28,Russia,-1.576900324517351
2020-10-23,Iraq,-2.3115613882226138
2026-01-08,Saudi Arabia,0.24666849950774028
2026-03-28,Russia,-2.5941599059732412
2023-01-19,USA,-1.1256574140816908
2022-08-27,China,0.64569320680608233
2021-11-04,Iraq,-1.7903907790876421
2025-09-11,Saudi Arabia,0.77511535869027959
2021-02-17,Canada,-0.28921116139772035
2020-04-28,Iraq,-2.7550150146538246
2020-04-21,China,-0.83155940811309759
2020-05-29,China,0.02743460346483929
2021-10-25,China,0.25693318052180814
2021-04-16,Canada,-0.46728548125734354
2020-01-08,Saudi Arabia,-1.0515946557251541
2020-03-16,UAE,-0.33812214152860187
2021-07-25,Saudi Arabia,-0.22249874895179508
2022-10-28,Iraq,-1.4051046407561465
2024-08-14,Russia,-2.57721829693702
2026-01-06,Canada,-0.066537411389225282
2022-12-25,Canada,-1.0983889543782792
2026-01-15,Canada,0.10236368265666868
2022-12-29,UAE,1.7127820702849275
2025-04-06,Russia,-2.7795693192852315
2020-02-03,China,-2.0989648259420606
2021-10-14,Russia,-1.0568349611510095
2023-02-20,Iraq,-2.4931343228913057
2024-10-07,Saudi Arabia,0.13376823061980975
2023-04-12,USA,-0.94602716297403
2020-10-01,Canada,-0.78030625188000924
2026-03-28,Canada,0.19979781368063937
2024-02-28,USA,-0.821531552007735
2026-04-04,Saudi Arabia,-1.3848814662518387
2022-10-16,UAE,1.2650203668407887
2024-07-12,USA,-0.60758561019105473
2025-01-17,Saudi Arabia,1.0670606658160042
2021-12-30,China,0.39741741478820147
2024-02-08,China,1.4116761217811218
2024-04-01,China,1.2927561709364486
2023-11-20,Saudi Arabia,-0.6164119335024576
2024-06-26,Iraq,-2.3298136124502022
2025-08-10,UAE,1.2928816702256631
2023-04-13,USA,-1.0258719385842994
2023-09-11,Saudi Arabia,1.1708040951101786
2020-06-06,Canada,-1.5185528771136041
2022-04-19,Iraq,-2.3703055807046884
2022-09-13,Iraq,-1.4162642148200222
2025-07-19,China,0.89660580872733686
2024-05-18,UAE,0.86607247771477647
2022-07-16,UAE,-0.23154123489705927
2021-03-04,Iraq,-2.1174962181556123
2022-10-08,Russia,-2.5642200324406978
2021-02-08,Canada,-0.59438324833470635
2022-09-04,Russia,-2.1380528695634236
2021-11-07,Saudi Arabia,-0.98073866195477311
2024-01-29,Canada,-0.63272076969198809
2024-10-22,Canada,-0.28776969904616945
2020-12-23,Russia,-1.3726451971759046
2020-06-15,Iraq,-2.9957344592307282
2022-02-28,Iraq,-1.4378288958107448
2024-06-09,UAE,0.98873285044220172
2023-06-03,USA,-1.0830517728917941
2022-02-09,USA,-0.7918408174375493
2022-04-21,USA,-1.0614473723808016
2022-11-06,Saudi Arabia,0.37983640218271358
2020-02-25,UAE,-0.25841997348610413
2020-04-30,Iraq,-2.5729923277926248
2025-10-21,Russia,-1.9569132418717441
2021-07-13,UAE,1.1862618849814244
2025-03-22,China,1.5559171664177502
2024-04-05,Saudi Arabia,0.80341140575151082
2026-02-15,Saudi Arabia,1.3704042123577682
2022-03-23,USA,-0.97700307665743125
2023-02-20,UAE,1.5689668625516098
2020-01-10,China,0.700001346841902
2020-01-13,Iraq,-4.136042178146587
2021-12-19,Russia,-1.4571436703020975
2020-01-05,Russia,-1.2618172837726975
2025-09-30,Russia,-1.8616780556428103
2023-05-18,Saudi Arabia,0.1918202212280235
2025-01-20,Russia,-2.107444170947411
2025-04-08,USA,-1.0564742265223714
2022-01-29,UAE,1.9734100909350272
2024-09-13,UAE,0.8777629083444819
2020-03-08,China,-1.9811519597589935
2022-05-27,UAE,1.6171715208921067
2023-07-11,Canada,-0.32659577132137679
2020-12-02,USA,-0.85302464984379756
2026-02-03,China,1.2587167365374938
2023-05-14,USA,-0.68892744664038275
2022-03-23,UAE,1.8367075137611879
2024-10-26,UAE,-2.9481900524576519
2026-02-12,UAE,1.0647947386493524
2020-01-12,Russia,-1.4860167349535609
2022-05-09,China,0.019989821854866495
2025-05-11,Russia,-1.1640621899997337
2022-09-14,UAE,1.510650187129414
2022-02-03,USA,-1.091437276675151
2020-06-24,China,0.023640694807342971
2024-11-16,Iraq,-1.2949195695839293
2022-04-03,Saudi Arabia,-0.14136889966005028
2023-03-15,Iraq,-1.5375295423412469
2020-09-24,Saudi Arabia,-0.19679529561603268
2020-04-21,USA,-1.5761378045949657
2024-04-19,Iraq,-3.8032049910667873
2024-01-31,UAE,1.4899627843995322
2024-09-17,Canada,-0.017465425270218687
2020-05-20,UAE,-0.12967636455442241
2020-11-24,China,0.28932071394106623
2025-05-27,USA,-0.72343368733923885
2025-05-19,USA,-0.956857590684839
2024-08-25,Saudi Arabia,0.56954865299427648
2024-03-18,Canada,-0.10800258216559086
2021-05-14,Saudi Arabia,-0.83375774841461314
2026-03-29,Canada,0.48572473857775161
2025-10-21,USA,-0.79575055834879382
2020-09-22,Iraq,-2.9460486396532044
2024-07-16,Canada,-0.049275100245374258
2021-12-26,UAE,1.8218283760683791
2025-01-16,Saudi Arabia,0.67118931494771883
2025-01-04,Iraq,-1.090048888863117
2022-06-07,China,0.55785016846273072
2020-01-10,Russia,-1.7939179009279134
2025-12-02,UAE,2.6330257083358992
2022-11-26,USA,-0.67147536222292981
2021-01-09,Canada,-0.86256531955790172
2020-03-13,Iraq,-3.4209408277527409
2023-12-28,Canada,-0.27426646865502646
2024-03-11,USA,-0.14139191709234855
2023-01-23,UAE,1.5149785084538447
2021-11-07,China,0.19912605553885304
2022-01-02,Russia,-1.5758903474926484
2025-05-28,Saudi Arabia,1.1283685596085031
2025-05-28,Iraq,-0.6565163156836743
2022-09-12,USA,-0.74161221857904136
2025-02-25,Saudi Arabia,0.948495296435151
2025-07-18,Iraq,-2.2071169453245219
2025-07-02,UAE,1.0428768064396619
2022-09-07,USA,-0.7528568494230059
2020-05-26,Russia,-1.8344874242583402
2021-01-13,USA,-1.8745765796365808
2020-12-02,Canada,-0.40107895362968143
2026-02-05,USA,-0.77849210271597635
2020-03-04,China,-1.5497132904486588
2020-03-06,Canada,-0.7199222282551484
2023-02-23,Russia,-2.0800592989273228
2021-12-05,Saudi Arabia,0.25802500410757367
2026-02-28,China,1.4908920727225745
2020-12-10,Canada,-0.28880811308233356
2020-01-05,Canada,-1.1511588560286137
2020-05-30,Canada,-0.98400745987151639
2025-11-10,China,1.306676897393968
2020-04-03,China,-0.99215279067357587
2025-07-02,China,0.87643034908383566
2022-07-15,China,0.56938228173909244
2020-11-03,Iraq,-3.5943721535967259
2020-02-06,China,-2.0614120227699528
2021-01-12,Russia,-1.5658686664294279
2022-08-06,USA,-1.8933416521740807
2022-12-03,Russia,-1.8002605575704302
2022-06-04,Iraq,-2.4668869557481918
2025-08-17,China,0.89301271980347618
2021-05-25,USA,-1.0709369709305661
2024-12-23,Iraq,-1.1097057099220249
2020-06-02,Canada,-0.84098573719992187
2021-10-07,Canada,0.12243056569924698
2023-01-26,Iraq,-3.0336153581462915
2021-07-06,Iraq,-2.9753581305600512
2022-04-04,Iraq,-2.0840409462087197
2022-03-08,UAE,2.4793332561951571
2025-12-13,USA,-0.67817580412879064
2020-07-30,Saudi Arabia,-0.42113049486049203
2020-05-18,Saudi Arabia,-1.1250274824003248
2023-02-22,Russia,-1.8035972333496546
2024-10-15,Russia,-2.0679838628914591
2021-01-04,Russia,-1.5503799919152326
2024-03-19,Saudi Arabia,0.13130183138513821
2024-01-05,Canada,-0.574333420559161
2022-05-17,UAE,1.9891619759390997
2026-03-21,UAE,-1.0941752760995833
2022-06-16,Iraq,-2.9026327522752124
2023-07-19,Iraq,-1.7580706494770229
2021-10-15,Iraq,-3.2947033922512414
2022-08-21,Iraq,-1.7971672310441396
2020-12-23,China,0.18755620319743249
2021-03-24,Canada,-0.61090406991262158
2024-01-05,China,1.1879325871716309
2023-02-08,Canada,-0.53540975674191926
2022-04-12,UAE,1.2649222617257627
2024-08-11,UAE,0.20073638436216151
2023-01-18,Canada,0.16038158845235906
2020-07-22,Canada,-0.88005930008848032
2024-07-20,Saudi Arabia,-0.22803168334382695
2026-04-06,USA,-1.2944931519208711
2021-01-20,Saudi Arabia,0.21317574327962646
2021-09-09,Iraq,-3.0539571338952181
2024-09-03,USA,-0.81560843832798846
2025-05-22,Canada,-0.078549728816512454
2022-07-17,Canada,-0.73989887067112248
2021-03-15,Russia,-1.2585228628309357
2021-03-21,Iraq,-1.7523005939130489
2021-06-04,China,-0.16108633923959723
2021-01-08,Russia,-1.3678578444079741
2023-04-21,Iraq,-0.90807752364506422
2024-03-17,Canada,-0.49151836490255224
2023-08-31,Canada,-0.52462576186045762
2025-09-14,Russia,-2.3080934862504394
2023-08-16,Canada,-0.40166131378199776
2024-09-14,Iraq,-1.1740536198956792
2025-01-14,China,1.1157734193037949
2025-12-29,Iraq,-2.9781649855743613
2020-05-21,Russia,-1.8307833973512051
2021-06-23,China,0.40433317084238252
2021-06-25,Saudi Arabia,0.35694322442568488
2026-02-20,Iraq,-2.4744958453483963
2025-08-08,Canada,-0.49830610945030535
2023-06-26,Iraq,-1.5300182044060842
2020-08-14,China,0.14600022197452772
2024-12-09,China,1.4117953890154227
2022-07-06,USA,-1.3258042950565796
2025-09-25,UAE,1.1730647977865705
2021-11-07,Iraq,-4.1995375974548033
2023-03-13,UAE,1.6763092264845989
2020-05-22,USA,-1.3613698458360763
2025-10-09,China,1.4219167563560222
2025-08-24,Iraq,-2.0337998951823475
2022-05-31,Canada,-0.33406325095815176
2024-09-07,Saudi Arabia,1.007268132003319
2023-04-12,Russia,-2.0270384431444781
2020-06-05,Canada,-1.0753651669234066
2024-03-29,Iraq,-1.1721020484752334
2024-12-02,Iraq,-2.1889712074346286
2021-11-22,Russia,-1.6719605791383203
2026-03-18,Iraq,-3.2269185186749652
2020-04-14,USA,-1.4802947232588919
2022-06-26,Canada,-0.23653342567599758
2022-03-01,USA,-1.2906629878101077
2020-08-01,UAE,1.3084656412466997
2020-05-13,China,-0.6447223008443258
2024-10-21,Iraq,-1.7394892230106609
2021-12-02,Saudi Arabia,-0.031745012542144971
2020-03-24,Saudi Arabia,-2.5148954749868797
2023-09-08,China,0.62968214459039706
2024-03-19,UAE,1.2862479454416362
2023-02-08,Saudi Arabia,0.644790645423345
2021-03-29,Iraq,-1.944611396747191
2025-02-26,Russia,-1.8511954427482273
2022-04-13,Iraq,-1.9012966412763941
2023-12-26,Iraq,-4.7487301315259947
2023-01-10,Saudi Arabia,0.33551732784855565
2022-07-03,Saudi Arabia,0.916454813449149
2024-07-31,Saudi Arabia,0.70975155435376347
2024-11-15,Russia,-1.9665406813100124
2022-10-03,Iraq,-1.1708426796986047
2025-10-27,Iraq,-0.66178427070794488
2024-11-02,UAE,0.78360802273143615
2022-10-22,Russia,-2.3821578213556149
2023-11-23,Saudi Arabia,0.34648032574644883
2021-06-29,Russia,-1.4494110314597419
2021-10-21,USA,-0.99699681497877324
2022-07-18,Saudi Arabia,-0.10309370891654153
2020-06-12,Iraq,-1.8340171763922486
2020-03-25,Saudi Arabia,-3.2220825888813649
2020-06-06,Saudi Arabia,-1.2483670519357823
2021-12-19,Canada,-0.67759863265489129
2020-12-16,Russia,-1.2652454644444959
2024-12-16,UAE,1.863839498272942
2020-08-10,UAE,0.095479458090293221
2022-01-30,Iraq,-2.8986348293773032
2025-07-23,Iraq,-2.4450033916420484
2020-04-11,China,-1.2698374952686637
2021-05-17,USA,-1.1670603399095196
2023-06-10,Iraq,-1.5482927141222802
2022-02-10,USA,-0.78220924731707586
2022-12-22,Canada,-0.52871236180899317
2026-01-13,Saudi Arabia,0.948479723543861
2021-11-09,China,0.58051332589928506
2023-05-30,USA,-0.94745785836413732
2023-12-07,UAE,0.41245576743130591
2022-05-26,UAE,1.1011971739176907
2025-06-13,USA,-1.5100201981645518
2022-05-22,Saudi Arabia,0.93812800118242756
2023-11-21,UAE,1.0122645864952242
2020-11-26,Saudi Arabia,-0.57910364274397819
2021-05-26,UAE,0.50228616803971171
2022-12-14,Russia,-1.693102902399408
2022-11-11,Iraq,-1.9897503850741627
2025-07-28,Canada,-0.18179634952334592
2024-06-06,Saudi Arabia,0.873801355028528
2021-03-25,Iraq,-1.9829040839823209
2025-11-13,UAE,2.3701531240559408
2025-05-01,Saudi Arabia,1.099463369956887
2022-07-14,China,0.69766489233233275
2025-02-09,Canada,1.1577727316682276
2023-01-14,Iraq,-2.4185509068717139
2022-03-29,Canada,0.20348736420110014
2021-04-28,Canada,-0.4737274774136106
2023-08-11,China,0.5801775140644152
2020-12-01,Canada,-0.36300645952452665
2025-03-30,Iraq,-2.1751285279903581
2021-06-21,Canada,-0.65878807021438668
2022-08-11,USA,-1.1519820757317731
2020-07-24,Canada,-1.0686847423894779
2020-07-25,Russia,-1.7856717372840842
2022-03-20,USA,-1.3324566470042041
2020-03-21,USA,-1.5755651727826354
2020-01-07,China,0.50547472127038984
2021-06-09,Iraq,-2.1260126664464738
2022-09-20,Canada,-0.28794378500209428
2022-02-12,Iraq,-2.0810414974061255
2020-10-14,Russia,-1.5328510501026751
2025-04-14,USA,-1.0334619273314178
2020-09-21,Canada,-0.32433262789453116
2020-05-23,China,-0.56220118449873346
2021-10-13,Russia,-1.1275634754923858
2021-01-28,China,-0.30810648356931558
2024-10-07,Canada,-0.3102447642934153
2025-12-05,Canada,0.38224581564367732
2022-07-18,Canada,-0.35641622667011252
2020-06-03,Iraq,-2.1416545086454892
2020-06-05,UAE,-1.2078867877307549
2024-01-11,Canada,-0.76817212418219094
2021-01-07,Saudi Arabia,0.15685606542277158
2022-05-16,Canada,0.16193659590933163
2022-04-19,China,0.054107601772933708
2024-12-05,Canada,-0.28054043920022292
2023-04-01,Saudi Arabia,0.2170650371209969
2022-07-06,Russia,-2.1140685067685951
2025-04-27,Iraq,-0.52519667217362176
2022-03-26,UAE,1.7289774253014252
2024-02-25,Saudi Arabia,1.1956695957989512
2020-11-09,UAE,0.65977412317629724
2023-11-18,Russia,-2.2112050940783687
2020-08-03,Saudi Arabia,-0.863720594508596
2025-06-08,Saudi Arabia,1.633602047876729
2022-03-22,Canada,0.11318863663598695
2026-04-30,Canada,-0.14265274824102964
2026-02-28,Iraq,-3.6054716544383
2022-05-03,Iraq,-2.0375908341516116
2020-03-14,Iraq,-4.4983458203838014
2025-05-04,Iraq,-1.0078689014757625
2022-04-11,Russia,-2.7306304051730237
2021-11-23,Russia,-1.509099764296169
2024-03-10,USA,-0.612914099893663
2022-12-27,USA,-1.4953091228592157
2024-09-29,Iraq,-3.4956318482200075
2021-04-30,USA,-1.0216131150713881
2024-02-16,Iraq,-1.7323938091779327
2024-09-09,Russia,-1.8312537251978542
2021-12-02,Iraq,-2.4643363712468505
2025-03-05,USA,-0.88963537698857043
2023-11-07,USA,-0.94187847183288409
2023-09-23,Canada,-0.83566899569492359
2026-03-11,Saudi Arabia,-2.1812076373352611
2021-08-03,USA,-1.087044211239764
2022-10-04,Saudi Arabia,0.89405102852208285
2025-10-25,Russia,-2.6687906831764927
2026-01-31,USA,-1.3296577615555332
2021-01-16,USA,-1.5501366840533348
2021-01-18,Canada,-0.55286151650691684
2024-01-21,Saudi Arabia,1.090824780610135
2021-09-08,Russia,-1.7066413021519165
2024-06-23,China,1.231649888633414
2021-05-26,USA,-1.0754464721194414
2022-05-15,Russia,-1.6578706314181297
2020-04-18,Canada,-1.108637895070437
2021-02-25,China,0.3278338485800173
2024-12-08,UAE,0.99440149943506428
2025-09-28,Iraq,-0.43250432035219932
2022-07-09,UAE,1.1286634384606451
2022-02-17,Canada,-0.81714547838471374
2021-08-05,Saudi Arabia,-0.073667044234950185
2023-01-13,USA,-1.0436593697213108
2023-05-23,Iraq,-1.2365938577555773
2025-09-18,USA,-1.1327308872349753
2025-10-23,Canada,0.091597512876499892
2022-08-31,China,0.67108252570579063
2026-04-01,UAE,-0.84838459059840354
2022-10-12,China,0.93180995752807494
2026-04-22,Canada,-0.012198243683601423
2023-02-17,UAE,1.6259810686101912
2024-06-23,Russia,-3.5035010234814004
2020-02-27,Saudi Arabia,-2.2416970604740287
2020-07-25,Saudi Arabia,-0.31860599649780674
2020-06-08,UAE,0.11077628654554614
2024-01-15,Russia,-1.9365152650820874
2024-08-31,UAE,-2.6512444403825954
2021-03-16,USA,-0.80064078322126675
2023-09-21,China,1.4543731820770949
2024-10-02,Russia,-2.0066320771372061
2020-09-13,Iraq,-2.1561815546938874
2024-03-07,Canada,-0.78005323868349885
2021-05-05,UAE,1.2935923923382251
2020-10-25,Canada,-0.7786655130667155
2020-10-26,China,-0.010745714829785005
2020-04-14,Russia,-2.3070814875858794
2025-04-27,USA,-0.93528080550526926
2025-04-17,Saudi Arabia,1.3020093360442662
2023-08-04,Russia,-3.109522605709278
2024-07-26,Iraq,-1.180169157611948
2020-02-15,China,-2.1493758830816163
2023-05-19,China,1.2292981493923751
2022-09-05,Russia,-2.1968447276031116
2022-08-09,UAE,1.1538038774793751
2021-10-15,China,0.54310403591169287
2024-02-08,UAE,1.704421773916023
2025-03-11,Iraq,-1.1901653638917191
2024-10-22,USA,-0.94930732606746449
2020-11-22,UAE,0.9144514768790829
2023-02-21,Iraq,-2.0589616842131937
2021-12-18,Canada,-0.66445549069887677
2025-11-20,Iraq,-1.1558664529983751
2024-08-10,UAE,0.0038654414325919595
2022-02-17,USA,-1.0926085299224064
2025-09-20,Iraq,-1.0243892259495881
2023-03-09,Iraq,-3.8804683238427766
2021-07-07,Saudi Arabia,-0.054735582007294059
2024-04-22,China,0.819207519785354
2020-05-14,Canada,-0.668274710934775
2021-06-25,Canada,-0.39282923254036667
2020-12-21,China,0.25039223932848342
2020-12-21,Russia,-1.3318369949521454
2023-04-23,Iraq,-0.89983454429485243
2024-06-05,USA,-0.85694857895549048
2021-10-01,China,0.13414504266248961
2020-04-15,China,-0.8838386475780784
2021-11-20,UAE,1.6373375730249764
2025-02-09,USA,-0.60944728972441142
2022-11-09,USA,-0.61975056586244115
2023-06-18,Canada,0.14649174135376644
2023-08-09,China,0.45182890612004228
2025-04-16,Canada,-0.30194217798017703
2024-05-05,China,1.4882204715953267
2026-01-14,USA,-1.2319477733481075
2025-04-14,Canada,-0.082275415535966553
2026-04-13,Iraq,-1.9603259475087833
2020-12-07,UAE,1.065333238439826
2023-02-19,China,1.1714950120605232
2020-05-21,UAE,-0.075909851084755925
2023-11-29,China,1.0198890654889998
2023-05-06,UAE,1.3682115489259423
2023-02-27,China,1.0051211906980853
2023-02-25,Iraq,-2.0494533018268166
2020-12-13,UAE,1.2198115091084685
2023-04-22,Saudi Arabia,-0.029970347948100821
2023-07-05,Saudi Arabia,0.39707181129122643
2021-03-29,USA,-1.31917031135205
2025-11-26,USA,-0.75144132204821157
2025-11-19,Iraq,-0.76675959260082127
2022-04-28,China,0.43050629146888425
2025-07-07,Saudi Arabia,-0.13095343990809744
2025-04-17,Russia,-1.8076684075843215
2025-10-31,Iraq,-1.3873741747132975
2021-02-03,Iraq,-2.1823830678550187
2020-09-29,Iraq,-2.3775187391166375
2021-02-12,Saudi Arabia,-1.2122486224872357
2024-02-13,UAE,1.5190886111342905
2020-09-23,Saudi Arabia,0.57087151193851093
2024-09-13,Saudi Arabia,0.87979302159092942
2025-12-20,China,1.1794638525008991
2025-06-14,USA,-1.5924371089007159
2023-11-29,Iraq,-1.6175693798363073
2020-08-29,USA,-1.5757328406022955
2024-08-29,China,1.3488035329916448
2022-04-15,Saudi Arabia,0.48197110206204535
2021-11-27,Russia,-1.6533103332183792
2022-09-26,Saudi Arabia,0.45172094777890293
2026-01-05,Canada,-0.0033060234587702179
2022-04-21,UAE,1.3915745902361385
2023-10-12,Iraq,-2.3171406064025963
2023-10-11,Saudi Arabia,-0.97922232629694661
2020-05-03,UAE,-0.48649940895366561
2022-06-17,Russia,-1.5550558373818375
2022-06-17,China,0.49453448029492525
2021-04-24,UAE,0.514170540756676
2022-12-29,Iraq,-2.7153799382647388
2026-04-07,Canada,-0.12499092062813688
2024-04-12,USA,-0.94705491184026047
2022-12-08,Russia,-1.8798844334477003
2022-01-04,UAE,1.6821217695253572
2024-01-22,China,1.1006574161550247
2020-08-30,Russia,-1.8103515613872969
2023-01-31,USA,-1.0833553387896466
2023-09-12,Saudi Arabia,0.7162510873421094
2020-06-30,Russia,-1.3022244895887476
2020-09-04,Canada,-0.70283954382993807
2022-02-05,UAE,1.1270162798123189
2021-03-07,China,0.86725199944386211
2023-01-19,Iraq,-2.8498465084504532
2022-04-02,Russia,-2.7195773111176846
2022-01-26,Russia,-1.9456167880394479
2025-03-25,USA,-0.8936330735787823
2022-12-05,China,0.34641060001800023
2020-03-07,USA,-1.4260753434293731
2020-03-03,Saudi Arabia,-1.589602077650524
2021-03-14,Iraq,-2.4877821331458314
2020-06-06,China,0.19648480825365416
2020-12-10,Russia,-1.1773695990255821
2023-04-26,UAE,0.88694887226759711
2023-02-03,Canada,-0.26136421255033565
2022-05-18,Canada,0.28369343829019694
2022-04-16,China,-0.0985630230882605
2020-10-23,UAE,0.13531538463107406
2023-04-03,Canada,-0.2780764844266419
2023-12-31,Russia,-2.7010698484792526
2020-01-27,Iraq,-4.4666743112302365
2025-09-23,China,1.0208502634890635
2025-04-24,Saudi Arabia,0.62792860868013722
2020-02-23,Canada,-1.1342156710864877
2020-07-18,Canada,-1.215410055156616
2021-11-08,Russia,-1.4966960828883757
2020-02-11,China,-1.9059221982269665
2024-07-06,USA,-1.0614493112571328
2026-04-27,Russia,-1.8914963535293314
2024-09-01,USA,-0.8490630257869537
2021-01-24,Saudi Arabia,0.081684123696781866
2021-01-29,Iraq,-2.6289206900010433
2024-09-05,China,1.4833805529202402
2022-06-06,China,0.588372684204186
2025-03-14,UAE,0.94600834784548393
2020-03-31,Canada,-0.84958936542505459
2026-02-24,USA,-1.284302909723982
2025-08-04,USA,-0.934935785760098
2023-09-20,Iraq,-1.759736789811581
2022-04-15,Canada,-0.15613325610338083
2025-02-17,Saudi Arabia,0.23483942203632815
2020-09-03,Saudi Arabia,-0.40962157451472447
2021-05-16,USA,-1.6042721785689356
2023-03-31,Canada,0.010797209224528787
2021-09-18,Saudi Arabia,-0.26512328869897839
2020-02-05,Russia,-1.5843574098763304
2021-11-15,Iraq,-3.1458627190155664
2025-03-23,Saudi Arabia,-1.1520261554254456
2021-10-27,USA,-1.0884338196301335
2020-02-29,UAE,0.32144260074686587
2024-10-06,UAE,0.43586527988082396
2023-09-12,UAE,-0.22562956347454177
2023-02-02,Canada,-0.30076625041559119
2024-03-05,China,1.3668293589514013
2020-05-07,UAE,-0.77521913501749329
2025-10-22,USA,-0.830445490473458
2025-09-10,Canada,0.026013374571841802
2023-05-31,Saudi Arabia,0.57669973227124116
2025-08-25,USA,-1.0630505578555858
2022-12-10,USA,-1.118942463982127
2021-05-26,Saudi Arabia,-0.003955517282228151
2022-07-22,Russia,-1.668293544047144
2022-07-20,China,0.66363153604507064
2024-12-02,China,1.2586289667855957
2023-01-07,UAE,-1.4633843564470599
2022-10-31,Canada,-0.51328667022993524
2020-09-11,UAE,0.08595133805778
2023-09-01,Saudi Arabia,0.38914039607441148
2023-03-02,Canada,0.021894117461957185
2020-07-22,USA,-1.8643305518142104
2022-10-21,USA,-1.1227413264222723
2022-06-23,China,0.57475886509568863
2022-05-26,Saudi Arabia,1.0048654749924169
2023-02-16,Russia,-2.0860412010669
2022-08-19,China,0.70599447643224889
2021-06-23,Saudi Arabia,0.28469412783918685
2021-06-29,Canada,-0.18354399001995231
2024-04-07,China,1.5537740934673641
2024-10-08,Saudi Arabia,0.38041434743498254
2025-12-08,USA,-0.43566035731060354
2020-03-24,Canada,-1.2763996373751056
2023-09-12,China,0.708739461678202
2024-01-17,China,0.783484014050977
2024-12-30,Saudi Arabia,-0.36719409352954041
2023-11-01,Iraq,-2.6609262539573781
2024-08-16,Canada,-0.33189758128908015
2024-12-18,Iraq,-1.1992673547141606
2024-01-09,Russia,-2.29301784470605
2021-08-26,Iraq,-2.6344662059354027
2020-03-18,Canada,-0.92161687080604571
2023-12-22,Canada,-0.62911480386004925
2025-11-22,Iraq,-0.61349014797293688
2021-11-18,Saudi Arabia,0.010972033442916713
2025-05-06,Canada,-0.020588772073844554
2022-11-01,Saudi Arabia,0.79652576174797229
2023-01-20,UAE,1.9441738822717989
2024-03-02,Saudi Arabia,0.25070810616936179
2021-07-08,Canada,-0.34753288034144997
2022-06-19,Saudi Arabia,0.89511403406178314
2022-06-14,Saudi Arabia,-0.095553935849506139
2024-09-24,China,1.5045284250968436
2021-04-30,China,0.52574305011528688
2020-02-01,Saudi Arabia,-0.79087910425400343
2020-05-27,UAE,-0.31682702540098939
2022-12-16,Saudi Arabia,0.54370515229239136
2025-03-12,China,1.2006710712331499
2024-12-24,China,1.3980487484939685
2023-07-21,Canada,-0.22904511698314586
2020-08-24,Russia,-1.9361884854753939
2020-12-16,China,0.32170651768169206
2023-04-27,UAE,2.0461120181860646
2024-03-25,Russia,-4.5038992541556873
2022-02-19,Russia,-2.5588231791925473
2025-04-19,USA,-1.2755384329141712
2024-07-21,Iraq,-1.9028580716245784
2020-07-05,Canada,-1.3069738497991539
2024-04-24,Saudi Arabia,0.51161116458931288
2021-09-08,Canada,-0.61297537605046915
2024-10-05,Iraq,-3.6480429945045207
2022-07-28,Iraq,-2.7797358297817785
2022-05-06,China,-0.26115745539398372
2022-05-08,China,-0.17319267279764491
2024-01-01,Iraq,-1.9194017869414037
2023-10-30,USA,-1.027581533649093
2023-12-23,Iraq,-3.7872743632179686
2026-03-24,Saudi Arabia,-1.648838869812975
2022-11-06,UAE,1.2313253672777689
2023-08-09,Iraq,-1.6814413729874602
2024-02-22,UAE,0.39247305312076886
2021-04-23,Canada,-0.8465503313221856
2022-01-20,USA,-1.1615400338304629
2022-01-28,Russia,-1.8556187663595751
2020-04-23,USA,-1.5374241486468161
2022-03-04,Canada,-0.020237590489106463
2023-02-18,Russia,-2.047990352906691
2026-04-22,UAE,-0.13744529940720249
2025-03-20,UAE,1.2191788850118848
2024-09-06,Iraq,-1.2578544677459482
2024-10-15,UAE,1.2170102928722246
2024-06-04,China,1.2323124588531287
2021-08-28,Saudi Arabia,0.013680160092139031
2023-10-09,Canada,-0.34065693228965171
2025-05-01,Iraq,-0.10941020273556396
2024-05-30,Canada,-0.048040072940075222
2022-04-27,China,0.045056045097754169
2021-07-31,Russia,-1.7940674914790864
2022-02-12,Saudi Arabia,0.37580987165112961
2024-11-11,USA,-0.40332049442337609
2023-07-31,China,0.83550784032670466
2022-04-04,USA,-0.96815428354882027
2020-09-27,USA,-1.4762867392873398
2025-09-07,Canada,-0.24520988972005991
2024-11-06,Russia,-1.3643194996624304
2020-02-05,UAE,0.9216891061467517
2021-12-28,Canada,-0.40748379281376379
2021-10-11,Russia,-1.5208735157429241
2024-09-21,UAE,0.87271409012987877
2021-01-23,China,-0.65072861219107092
2021-06-22,Saudi Arabia,-0.084191787428560691
2021-06-22,UAE,0.96067793385762024
2023-10-29,USA,-0.94530337717804513
2024-12-15,Iraq,-1.8409343527759003
2024-06-05,UAE,1.383381552806378
2023-01-10,Iraq,-1.6125996148195827
2025-11-15,USA,-0.96340566841208741
2025-02-16,Iraq,-1.9715220318983526
2026-01-08,Iraq,-2.487989144910669
2024-05-05,Saudi Arabia,1.0143091079276412
2020-11-12,China,0.022660927350291266
2025-09-06,Canada,-0.21194102027906775
2020-12-04,USA,-0.992303862617655
2024-09-20,China,1.352233748226594
2020-03-02,China,-1.6836170394383354
2022-12-15,Saudi Arabia,0.45085619218937562
2023-02-27,Iraq,-3.0910467282208507
2020-03-31,Russia,-2.4130769079680245
2021-03-10,Saudi Arabia,-0.16783023939392261
2023-07-01,Canada,-0.34852658564165878
2021-05-04,Canada,-0.182310065493692
2020-04-19,USA,-1.7473547903773936
2021-05-21,Russia,-1.1522481806327989
2025-07-06,Canada,-0.037687519865265473
2021-09-18,USA,-1.4703432567847659
2022-03-26,Russia,-2.6940268898401927
2024-05-09,Russia,-1.2224120371677594
2021-07-07,Russia,-1.5470354949189167
2022-01-14,Russia,-1.7742582519783832
2023-05-19,Russia,-1.8390374293641691
2025-12-21,USA,-1.0569691913345156
2024-04-12,Russia,-2.2071803244258024
2023-07-11,USA,-0.7470846115195553
2020-08-05,China,0.0543923698610409
2023-07-10,UAE,1.9154636234236835
2024-06-25,Iraq,-2.3430931639143266
2024-01-26,UAE,1.3642730473161875
2025-05-23,USA,-1.1553311406538447
2023-06-26,USA,-0.75699623871712141
2021-06-07,Saudi Arabia,0.23660377571446095
2021-12-21,Saudi Arabia,0.0895266723570468
2024-12-09,USA,-0.83381820324439326
2021-11-21,USA,-1.0491157352453384
2025-04-21,Canada,-0.079013533890171017
2021-05-21,UAE,0.2159384037749966
2025-04-01,Russia,-1.8485653072813981
2021-02-18,Saudi Arabia,-0.092685933733479386
2023-03-13,China,1.4968724635639996
2022-03-05,USA,-1.5831548919942617
2023-02-13,Canada,-0.26198793245321794
2025-08-27,Canada,0.0047746567624282477
2025-12-04,USA,-0.77449565934129871
2023-11-01,Saudi Arabia,-1.0142752995973434
2021-05-18,USA,-1.0463291131653059
2020-10-15,Saudi Arabia,-0.44417274669104584
2023-03-03,China,1.3305098120077128
2022-01-14,China,0.31400897264223188
2021-11-02,USA,-1.0478104764111997
2025-01-21,Saudi Arabia,1.1863081188733644
2023-11-29,Russia,-1.981900358333659
2023-05-17,USA,-0.903365224854857
2023-11-20,Russia,-1.7006285990671417
2024-10-27,UAE,-0.13191925469870946
2024-10-26,Saudi Arabia,-1.4296285607051198
2023-04-13,Russia,-2.1371820667956265
2022-02-27,China,0.70581969813570233
2025-05-10,USA,-0.85358951436288033
2020-12-15,China,0.33605961167884429
2023-10-31,UAE,1.5486419858588298
2026-03-18,Canada,-0.052839714273064428
2022-04-27,Russia,-2.3486257922370291
2023-06-20,China,0.82191610272114224
2023-06-10,Saudi Arabia,0.32432331371360629
2023-03-01,UAE,1.9009774289578616
2024-07-26,Russia,-2.0980552523740008
2023-08-15,Russia,-2.6338998830760492
2022-09-03,Canada,-0.23070561269857193
2023-03-15,Canada,-0.51707590719835828
2021-11-11,Russia,-1.9550230848577046
2025-12-30,USA,-1.1616307471022851
2021-12-28,UAE,1.4304511917826126
2023-05-10,China,0.77891513157348569
2025-05-29,Russia,-1.7520024409556221
2023-10-20,UAE,1.2529728038083785
2023-09-22,Russia,-1.9911686278009784
2021-01-03,UAE,1.1095914734694499
2023-02-07,Canada,-0.17076343613593212
2025-11-26,Iraq,-2.14723172895499
2023-10-31,Iraq,-2.4314743390606228
2025-07-18,Russia,-2.505631417514778
2022-07-12,Saudi Arabia,0.35974867236297087
2022-01-16,Iraq,-2.2598701596997968
2026-01-25,Russia,-1.7153056540278133
2024-11-09,Iraq,-1.7503803483536722
2020-04-26,China,-0.63150931529268306
2022-06-22,Russia,-2.0843939025372831
2020-07-06,Saudi Arabia,-1.6196377913893139
2025-12-24,China,1.3692617154951856
2024-04-14,Iraq,-3.1904429860946162
2024-09-18,Russia,-2.2258217697237748
2023-11-24,Russia,-1.7394732330670801
2021-10-26,UAE,1.241221498234143
2022-02-24,UAE,1.8987522203848566
2023-04-23,Saudi Arabia,-1.6548567350995591
2020-01-02,USA,-1.0235604107927136
2020-12-15,UAE,1.7248361459547672
2025-07-31,USA,-1.048436458703194
2021-09-17,Canada,-0.16698415778055817
2022-12-22,China,0.50640148067026935
2023-08-04,Canada,-0.51076004218463444
2023-05-20,UAE,1.1794742758574808
2026-04-11,China,1.4582591883690936
2024-07-15,USA,-1.1907007830393659
2024-07-15,China,1.1321511355717302
2024-09-11,Saudi Arabia,1.2882279318935836
2025-01-12,USA,-1.4984086504240157
2023-07-13,Saudi Arabia,0.11483449142533178
2022-03-10,Saudi Arabia,0.23508751446314927
2025-05-28,Russia,-1.8367937642026677
2023-01-28,UAE,-0.0018775804429438103
2025-02-27,UAE,2.0342298950124968
2020-03-16,Iraq,-3.9136639640928905
2025-11-17,Russia,-2.0819263973525133
2024-08-13,USA,-1.0197658978784225
2023-03-21,Canada,-0.32691790667145393
2023-01-24,Russia,-1.8307372999668179
2025-07-07,Russia,-2.3727894571637109
2025-09-18,Iraq,-1.2277280491997067
2024-11-03,China,1.6615800896863404
2021-04-01,Canada,-0.39129352960338704
2026-04-27,UAE,0.96904102126382774
2026-04-20,China,1.2939476801175709
2023-11-22,Saudi Arabia,0.2347958570717727
2025-08-09,Iraq,-2.1460992036618713
2024-01-10,USA,-1.0664151292590518
2023-07-09,Russia,-2.0415957547899075
2024-12-13,China,1.2812526880607082
2021-02-28,Saudi Arabia,-2.0278040790879976
2023-06-01,Canada,-0.093269126784958523
2023-10-18,Russia,-2.0180646511115841
2022-10-09,Saudi Arabia,0.69579114166559386
2025-10-20,UAE,-0.59828379036250934
2025-01-26,USA,-1.0326784098514625
2022-10-24,Canada,-0.078587688097679437
2024-02-14,Russia,-1.9642856858656763
2021-06-10,Iraq,-2.1008607101904273
2021-01-16,Saudi Arabia,0.082161394327238735
2024-02-02,Iraq,-2.8767796559875638
2025-01-08,Canada,-0.7429682107622122
2024-01-26,China,1.3408771162931359
2025-03-10,Canada,-0.309527106918709
2022-01-06,Saudi Arabia,-0.27186822092778207
2024-10-04,USA,-0.89705030321943746
2026-02-20,Canada,0.018868614229442866
2020-03-20,Iraq,-2.0499057353341841
2021-06-03,USA,-0.84707228929698908
2025-11-19,Canada,0.38441523447528747
2025-02-20,Canada,-0.1908600781009705
2023-12-16,China,1.4735595677162514
2025-04-22,China,1.1589364002053404
2022-06-23,UAE,1.5583168402669718
2022-03-06,Iraq,-1.1898411440004815
2023-11-18,Iraq,-1.718001834947428
2024-04-11,Saudi Arabia,0.85438774058472755
2020-12-16,Canada,-0.40127449932024917
2021-06-07,Russia,-1.4571093135595523
2021-10-08,Iraq,-2.1625454645463948
2022-07-15,Saudi Arabia,0.40200483957234928
2023-06-14,Canada,-0.26338930780973951
2024-02-20,Iraq,-2.7675458596844171
2024-07-24,China,1.1864720977784509
2026-01-20,China,1.0092285839517336
2022-12-30,Russia,-1.6157718201068161
2020-04-24,Iraq,-2.2588529822031314
2025-01-09,Canada,-0.51408735290423346
2024-01-24,China,1.1183611120133083
2023-07-23,UAE,0.14077970235375598
2026-02-24,Iraq,-1.5495782219045884
2023-04-12,Saudi Arabia,0.58109575613312314
2024-12-15,Saudi Arabia,0.87476170589698887
2023-07-02,Canada,-0.374823214266753
2020-09-12,Russia,-1.6162136716823556
2020-06-30,Iraq,-2.6799442695112918
2021-05-04,USA,-0.85610202483856324
2025-07-17,Canada,-0.28680312177633549
2022-07-16,Iraq,-1.1848923826003028
2024-07-27,China,1.3425406196361096
2021-11-01,UAE,1.8808519535700654
2020-11-09,Saudi Arabia,-0.0092494396631110521
2024-09-16,Russia,-2.0978641066235846
2026-02-08,UAE,1.2606842703809147
2023-11-29,USA,-0.66523856764127476
2022-08-12,China,0.53284396605177264
2022-05-04,UAE,0.72908403049158965
2022-05-08,UAE,1.0119254948321887
2020-02-18,UAE,1.108920260536983
2025-10-23,China,1.3390744719839447
2022-08-30,Iraq,-4.3677126601096088
2024-02-27,Iraq,-1.1035112854782068
2021-07-07,USA,-1.3050302976893691
2023-08-15,China,0.66987214306445331
2022-03-01,Iraq,-1.0558692771769151
2023-07-19,Canada,-0.35915589419356087
2024-01-04,USA,-1.3686745086027032
2024-08-28,Canada,-0.45074011159559924
2022-09-12,Saudi Arabia,0.95150389009431413
2023-08-24,Russia,-2.4960576257125808
2023-06-18,UAE,1.8077393225797156
2021-08-07,China,-0.20565853854441765
2024-05-01,Canada,-0.29783688703052968
2020-02-16,Canada,-1.2438009951763174
2025-08-21,UAE,1.1887030920185726
2022-03-18,Canada,0.005367091507589415
2020-11-25,China,0.49439658061514491
2021-09-13,China,0.5044855022060869
2020-08-23,Iraq,-2.5037961878180721
2021-05-05,Canada,-0.231903353355154
2025-07-19,Canada,-0.43413160461608769
2025-09-22,Saudi Arabia,1.3257607294607436
2024-05-04,Iraq,-0.56399006571450094
2024-11-18,Iraq,-0.70603083775613618
2020-07-19,Russia,-1.8950593503388158
2024-07-13,Iraq,-0.97467654200413323
2024-01-21,Russia,-2.7816003391076096
2021-06-24,Iraq,-1.9557065277721373
2025-08-28,Saudi Arabia,0.55156696062032839
2024-12-26,Canada,0.16915692574448096
2024-03-27,Saudi Arabia,1.2790715856653481
2020-04-18,Russia,-1.8927242100475781
2023-08-22,USA,-0.9287452614902475
2021-11-25,China,0.39886011154005435
2021-11-29,Iraq,-2.5673276679656651
2025-11-04,UAE,1.3548208178841641
2021-08-05,China,-0.10303581840669142
2024-05-06,USA,-0.89463954692312908
2020-11-10,Russia,-1.5192886016728839
2023-08-14,China,0.53630411991959692
2024-04-16,Iraq,-2.9875056404403271
2021-04-06,Saudi Arabia,0.12320734223440216
2022-05-30,Russia,-2.1458851912374528
2020-11-21,UAE,0.32026583576098766
2021-09-13,USA,-0.890155986464172
2023-04-10,Canada,-0.4668771976494781
2020-06-07,UAE,-0.17675994447439519
2023-04-24,Russia,-1.925072795882701
2021-10-08,China,0.327241470212269
2026-01-01,Saudi Arabia,-0.029864315559474539
2024-05-14,USA,-0.74504512310491278
2025-04-23,China,1.3790540764052015
2021-03-09,Russia,-1.2762480943106287
2020-02-16,USA,-1.2024316546990921
2021-04-28,Iraq,-2.2800609609353342
2020-05-28,USA,-1.5071532066931559
2020-03-09,Russia,-2.401513176134817
2022-08-02,Russia,-2.0032747167034581
2025-01-17,China,0.97343871141043958
2025-12-10,Saudi Arabia,1.1137849462657021
2022-08-16,Iraq,-2.4562699561380614
2020-08-23,Saudi Arabia,-0.58853246103613222
2020-01-06,China,0.51022855760823471
2021-08-17,China,-0.12204241932979273
2020-05-30,USA,-2.6421169839430751
2020-04-16,Iraq,-3.5458535390082813
2021-11-24,UAE,2.0596729160428215
2023-01-05,Iraq,-1.8724891763381197
2025-02-10,Iraq,-0.92058975331652115
2023-06-19,Iraq,-0.74079944029168532
2025-09-13,USA,-1.4626302960403628
2021-07-01,China,1.3428928634007467
2023-12-07,USA,-1.0549180957475637
2024-07-17,Iraq,-2.1574337870292246
2024-09-20,Iraq,-2.3194823896162537
2024-04-20,Russia,-2.3316928910319419
2024-04-12,UAE,0.71011599525780089
2023-05-13,UAE,1.5686382937159147
2022-03-12,Iraq,-2.11530137675253
2025-01-04,UAE,1.54077344062065
2023-07-28,Canada,-0.83891124766664271
2023-06-24,UAE,1.6120404049024086
2023-11-06,Saudi Arabia,-0.2810828038591755
2024-08-27,Canada,-0.48485084033304349
2026-03-07,Saudi Arabia,-2.4086015084397778
2022-09-15,Russia,-1.8130440210138496
2021-05-15,China,-0.24531784624184025
2022-02-12,USA,-1.3139346388369739
2025-02-04,Saudi Arabia,1.0900959626827378
2025-04-27,Canada,-2.9293763115712705
2020-02-25,Canada,-0.93912911881733308
2025-09-10,UAE,0.53801927880467437
2026-04-15,China,1.2449925272948548
2025-10-15,Iraq,-1.1980289023543667
2021-01-17,Saudi Arabia,-0.22151411244315852
2023-11-14,China,1.2395782659354859
2021-10-17,Russia,-1.3005204633211782
2020-12-24,Saudi Arabia,0.21075718747204952
2023-04-15,Russia,-2.1680815546254388
2020-01-08,Canada,-1.1340726517990918
2023-06-27,Russia,-2.512231941884163
2025-05-12,Iraq,-2.0609000528705583
2021-10-03,Russia,-1.434315669263214
2025-05-02,UAE,1.3949531073118229
2023-09-05,Russia,-1.9932949882700379
2021-03-01,Canada,-0.69542935952064444
2021-02-02,USA,-1.0809388952453054
2024-07-29,Canada,-0.21023578801771331
2026-01-27,UAE,1.5590426969948417
2023-08-19,UAE,0.6869338094204992
2023-03-11,Iraq,-1.3090611106022023
2024-10-30,China,1.1703882922142985
2023-07-23,Iraq,-2.6079717645677247
2023-07-21,China,1.1680677303324642
2023-10-29,UAE,1.0441019971695342
2024-12-25,Russia,-2.8310505942985058
2023-09-13,UAE,0.82984931038291909
2024-06-18,USA,-0.614569747094208
2022-11-20,USA,-1.3311512397635903
2024-01-08,Russia,-2.6794080038801056
2023-01-21,USA,-1.3489428171091435
2024-05-14,Russia,-1.8960940968462123
2021-03-05,China,0.67857646616017564
2023-03-09,UAE,1.7588555102583494
2020-07-13,Saudi Arabia,-1.5656526302078944
2023-12-10,USA,-1.2648488716791875
2025-04-12,UAE,1.2976739855232786
2020-12-06,Canada,-0.77064117915659636
2024-07-03,USA,-0.72078675786736024
2023-11-29,Saudi Arabia,1.2483559573671352
2022-08-18,Canada,-0.21165690351919128
2025-03-17,USA,-1.0989980149150951
2025-12-02,China,0.9110583881285319
2021-10-02,Canada,-0.38542627797174767
2025-11-22,USA,-0.91766726198662774
2022-09-10,Canada,0.39420221951899914
2023-01-16,Saudi Arabia,0.43403538229017352
2024-11-16,Russia,-2.0478722142035175
2024-07-24,Canada,-0.8407574869582064
2023-08-19,Canada,-1.8746455708947289
2023-03-17,Saudi Arabia,0.54844981069693
2020-12-06,Russia,-1.7069908307046853
2021-01-19,Saudi Arabia,0.05209852177452215
2024-09-05,Saudi Arabia,0.93023539661606014
2024-04-07,USA,-0.7606161912958912
2022-08-22,USA,-1.0738585999576149
2020-11-26,Russia,-1.4866868229618087
2025-08-11,Iraq,-1.8972878554869248
2021-03-17,UAE,0.72096295601892735
2023-06-28,Saudi Arabia,0.58443227336027781
2022-09-17,China,0.68560227111218919
2020-10-31,UAE,0.17847044010222105
2021-05-12,Saudi Arabia,-0.15455513369150775
2022-09-23,USA,-1.1592756850960872
2025-12-30,UAE,0.89604434168723424
2020-09-21,China,0.37864808896035629
2022-03-07,Canada,0.047329665619194869
2020-05-24,USA,-1.5911391673149329
2026-04-28,Canada,-0.13634143389468259
2024-01-27,UAE,1.2005155180924771
2022-03-13,China,-0.044056796919469468
2020-03-26,Canada,-0.94078967759666465
2024-06-14,Saudi Arabia,0.33706017218656958
2021-08-17,Iraq,-3.3137564954991179
2020-08-29,Canada,-0.64792443400538857
2024-03-30,USA,-0.85745046014728776
2025-05-15,USA,-0.72158235514794078
2022-11-29,UAE,1.8510411933796305
2026-03-04,UAE,-1.8511569005689652
2025-11-20,Russia,-1.888239270654142
2020-08-15,Saudi Arabia,-0.57456242771218591
2022-09-18,China,-0.13754551570614248
2024-03-04,Iraq,-1.9421332586080331
2025-02-12,Canada,-0.088589661883716544
2023-01-04,Iraq,-2.21168670352406
2022-04-22,Canada,0.22070528128667155
2024-09-15,USA,-0.85092703318100193
2021-06-14,Russia,-1.2431009034682505
2023-11-11,Saudi Arabia,-1.8514392798015784
2020-07-26,USA,-1.8238100935902428
2022-07-28,Russia,-1.8660274125170981
2024-12-27,Iraq,-2.4244170696411071
2023-06-29,UAE,1.3706923256740466
2023-11-04,Iraq,-2.458199286451106
2024-08-26,Canada,-0.58188882175677081
2023-01-08,Saudi Arabia,0.16368229352172928
2024-03-11,UAE,1.5856514011059877
2025-07-05,Iraq,-2.0849894460748741
2022-11-08,Russia,-1.6542862463858554
2020-02-26,UAE,0.98046845496798474
2022-08-25,Canada,0.07579500775192527
2022-01-13,China,0.28406591330545583
2025-04-01,Iraq,-1.5178173438297593
2020-02-04,Saudi Arabia,-1.0503223360713083
2025-10-10,UAE,0.67093729774910127
2025-10-14,USA,-0.70398950315858466
2024-02-01,Iraq,-2.5120861219875339
2025-08-17,Saudi Arabia,1.1677546316678056
2022-11-15,China,0.69031206540080414
2024-06-10,USA,-0.62300887008624606
2022-07-26,Russia,-1.771956195275429
2023-11-09,Russia,-1.6033761713759924
2021-12-16,China,0.6575112771816285
2022-11-23,UAE,2.5234106222585115
2024-01-09,Saudi Arabia,-0.32039107690524676
2024-03-09,China,1.8511088487684413
2023-10-05,China,0.37155844877871491
2026-04-03,Russia,-2.4370840060598606
2023-03-17,China,1.0799313177491059
2023-12-09,UAE,-0.32033141799840287
2022-06-28,Saudi Arabia,0.22530599250377412
2022-12-12,Russia,-1.6820078646543584
2023-05-03,Russia,-2.8138449354106743
2020-06-10,China,0.26418086452501238
2025-05-12,Canada,-0.033671654225547881
2025-05-16,Russia,-1.5099027434329222
2022-11-20,Canada,0.20650945970144285
2026-03-05,Saudi Arabia,-2.0385952888227985
2025-04-20,Iraq,-0.36426883275892097
2020-02-13,Saudi Arabia,-0.16677711463372924
2023-12-05,UAE,0.12273924430332936
2022-08-08,UAE,1.3153811793500727
2025-01-08,Saudi Arabia,0.42862221294518155
2025-06-01,UAE,1.0775190947940716
2023-02-25,Canada,-0.28512914468507661
2025-05-17,Canada,0.16050362004422991
2021-03-25,Saudi Arabia,-0.37873233303989906
2023-06-08,USA,-0.75890565658270048
2024-11-29,Iraq,-1.0959915989913385
2021-06-19,UAE,0.48482763309722476
2023-11-12,Iraq,-2.5049148608070739
2022-12-07,Saudi Arabia,1.3319580165096292
2024-04-21,USA,-0.96972338634113509
2020-05-17,UAE,-0.66255360926875617
2026-02-16,China,1.3365939326797684
2020-01-12,Canada,-1.3318174088845955
2024-01-13,Saudi Arabia,-0.042278537294135027
2024-10-14,UAE,1.3760128304936865
2021-03-28,China,-0.043027428297048906
2022-06-30,Russia,-1.8364405490297557
2021-02-27,UAE,-0.2054289665181791
2021-07-27,Canada,-0.21995563982519664
2022-10-27,Saudi Arabia,1.0868256728913239
2020-01-29,USA,-1.3359599615747977
2020-05-01,Iraq,-2.19436452243378
2021-07-02,China,1.1877403218009439
2021-04-29,Saudi Arabia,0.36531519189286193
2020-11-03,Canada,-0.48846111067307263
2022-10-11,UAE,2.22376018312584
2024-02-12,Saudi Arabia,0.1965239748632609
2023-12-06,Saudi Arabia,0.32018568299271494
2022-12-04,Iraq,-2.7728437054138313
2025-03-21,China,1.5095487705647344
2021-06-24,Russia,-1.7316571711555018
2022-01-01,Canada,-0.67209854997474938
2025-11-25,China,1.169603885991948
2026-03-05,USA,-1.5655812407956358
2024-12-01,Canada,-0.24884802035882914
2020-04-09,Russia,-2.0056523251110119
2020-01-20,Russia,-1.4101842935963018
2021-03-08,Canada,-0.0074407387534026811
2020-10-12,Iraq,-1.62556163334446
2021-03-09,Canada,-0.220999243720867
2020-05-09,Saudi Arabia,-2.4338967257260382
2025-09-07,China,1.1430867517551528
2021-12-24,Russia,-1.2662269037585345
2024-07-05,Iraq,-0.69052746292433931
2023-05-11,China,0.71154406620197386
2025-03-12,USA,-0.90443763325091653
2024-12-23,Russia,-1.8651233286914977
2021-05-28,Canada,-0.39254885455713806
2025-12-05,Saudi Arabia,0.81337526034675633
2020-08-21,Saudi Arabia,-0.65066684054316359
2020-08-25,Canada,-0.31352882936068727
2025-05-14,UAE,1.9264475915666013
2021-05-08,Russia,-0.743705779477529
2025-07-11,China,1.1433169441173936
2023-08-24,USA,-1.0643823628413178
2022-07-16,Canada,-0.27238575021290345
2022-11-07,Iraq,-1.7363141106448494
2025-09-20,Canada,-0.88512408476862137
2024-11-14,Canada,-0.22698854475127178
2020-07-16,USA,-1.4987531310419122
2020-07-13,China,-0.3652547419161058
2025-12-31,Canada,-0.3096312977375581
2020-05-29,Russia,-1.7382324931095863
2020-05-24,UAE,-0.25942276428037436
2025-10-09,UAE,2.3374732396435696
2021-10-10,Iraq,-2.6704914188102133
2020-11-25,UAE,1.6200454887746314
2023-09-16,Saudi Arabia,0.46067668645491289
2022-11-16,Russia,-2.3980495738671488
2022-11-16,Canada,0.025976194361033683
2020-06-08,Iraq,-2.4678900511051016
2025-03-03,USA,-0.23349560888553478
2021-06-04,Russia,-1.014860793502002
2024-05-21,UAE,0.77381817268518815
2024-08-14,Iraq,-1.4036270920638512
2025-09-26,UAE,0.64467653734578489
2021-10-30,Russia,-1.4398565576585647
2022-01-19,Canada,-0.43940320894770241
2020-07-12,USA,-1.6230096849857534
2023-05-18,Russia,-1.9550085777085848
2022-10-17,Saudi Arabia,1.2050275881477361
2025-12-31,Russia,-1.6732969873871901
2020-05-29,UAE,-0.3109822956154179
2026-04-19,China,1.1873917753426948
2021-06-11,Saudi Arabia,0.21856216176210733
2022-03-01,China,0.85011380070868914
2021-10-12,USA,-1.0371453849516428
2021-04-02,Russia,-1.7429554657696593
2021-01-31,Canada,-0.51675052362736684
2023-11-01,USA,-0.91738571265412094
2025-11-13,China,1.2596178345882614
2021-02-26,Russia,-1.7360569246400086
2022-09-23,UAE,0.90467534057499721
2026-01-09,Iraq,-2.1247846125649517
2022-03-09,USA,-1.2750934294933438
2024-04-23,USA,-0.88121276259229187
2025-10-05,Russia,-2.6688311253594308
2022-08-19,Saudi Arabia,-0.19814993890914831
2022-01-08,Canada,-0.99398569523728086
2023-02-24,Russia,-2.3148353698088675
2020-12-27,Russia,-1.4946987145389854
2024-06-11,USA,-0.90295200002420706
2024-08-19,Saudi Arabia,0.508429254830745
2021-12-23,China,0.2307111698866473
2021-02-26,Saudi Arabia,-0.5921935444815758
2026-03-10,USA,-1.5107294704245733
2024-11-27,Canada,-0.68772066695130252
2020-06-27,Russia,-1.1765198549683862
2021-03-01,Russia,-1.7312501628514041
2023-06-18,USA,-0.99517394773327517
2021-02-08,China,0.21062529818496858
2025-10-29,Iraq,-0.56181444576803874
2022-09-06,UAE,1.3115596713310105
2025-10-13,Iraq,-1.3037982868352536
2022-06-24,USA,-1.3228417343532157
2025-06-10,Iraq,-1.5355803063062952
2025-10-09,Iraq,-1.221798234330574
2026-04-22,USA,-1.1080341519109318
2022-08-18,Iraq,-2.2327387962273813
2022-08-15,UAE,1.2902575832805456
2026-02-11,UAE,1.601578353799318
2026-01-17,China,1.0502167493041012
2022-03-26,China,-0.1544752909448599
2024-02-14,USA,-0.81605774888684057
2023-12-04,Russia,-1.9481420144181774
2020-02-02,Saudi Arabia,-0.73114098042869224
2025-06-07,Russia,-3.2985243503976016
2022-03-12,Saudi Arabia,-3.0842676325582117
2021-05-28,Russia,-1.43412225705028
2021-03-18,Canada,-0.42075516809657265
2020-01-09,USA,-1.4912226413274992
2023-09-09,Russia,-1.7192957015544208
2020-03-11,UAE,0.53118113800081179
2024-03-27,Canada,-0.25208919195045959
2023-03-26,Saudi Arabia,0.41114883881714215
2020-09-10,Russia,-1.8098645665039319
2020-10-28,Iraq,-2.8305062492504214
2022-10-03,China,0.54215460347147815
2022-10-19,Russia,-2.1285548083345587
2024-04-25,USA,-1.1799910098751096
2025-09-06,China,1.2053614506232333
2020-02-04,Iraq,-2.8007128896428108
2020-02-05,Canada,-0.74818138816148361
2020-09-21,Iraq,-3.1008501043176655
2024-06-24,USA,-0.93732810935572108
2024-06-25,UAE,1.1537705246317396
2025-08-09,USA,-1.0099316767543909
2026-02-21,USA,-0.993070943427485
2023-01-30,Canada,-0.14453317277550831
2020-01-06,Russia,-0.94740356667086056
2022-07-22,China,0.92623906340792106
2023-11-09,China,1.3685342216696974
2020-03-11,Iraq,-3.4878562598962253
2021-11-19,USA,-1.0146939014409027
2025-07-09,Russia,-2.4012468677070036
2021-02-19,Russia,-1.3397729298804504
2024-09-11,Russia,-1.857407079830248
2021-03-31,China,0.40880530366504042
2024-07-03,UAE,1.4426964514768663
2022-02-28,UAE,2.338452545210743
2023-01-28,Saudi Arabia,-0.22749103439471571
2021-12-16,Iraq,-2.4710968332043159
2020-10-21,USA,-1.0762559844971535
2021-05-13,Russia,-1.512504615039546
2022-12-26,Saudi Arabia,0.85117477221253723
2022-03-29,China,0.3063933959976487
2023-05-20,Russia,-2.0439860892754376
2021-02-12,China,0.25295139217674772
2021-07-10,Saudi Arabia,0.33881193345758032
2024-01-31,Canada,-0.24422247858934806
2025-01-05,Russia,-2.886730384776715
2024-09-22,Iraq,-3.7354107803801315
2022-01-03,USA,-1.1627825761044661
2024-10-07,Russia,-2.0252995097355373
2023-11-09,UAE,1.3516079959121392
2024-12-17,USA,-1.1120720005565976
2020-05-30,China,0.0047909583588589023
2021-10-08,USA,-1.0369569132060912
2021-02-20,Canada,-0.67152356903862187
2023-01-02,Russia,-2.5681518306483295
2026-03-27,Saudi Arabia,-0.91056512972643633
2024-02-22,Canada,-0.43084017062621038
2021-04-21,Canada,-0.33629064877116643
2020-11-13,Iraq,-2.6214021913762022
2025-10-26,Saudi Arabia,1.226037303273438
2025-06-12,Canada,-0.72789487956308885
2022-08-20,Saudi Arabia,-0.51017646717855747
2021-03-13,Russia,-1.8772351581357123
2024-12-19,Russia,-1.6926687108267575
2020-08-10,USA,-1.4769545849012686
2023-12-24,Canada,-0.19641655185438289
2023-12-26,Saudi Arabia,0.76900258639872843
2021-07-21,Russia,-1.4055470652434991
2020-10-31,Canada,-1.266598545086604
2026-03-14,Iraq,-4.0556128816298092
2023-10-15,Iraq,-2.7885320178051525
2025-09-23,USA,-0.99323273018628055
2022-10-14,China,0.84065981756711428
2022-09-05,China,0.46687462761659193
2024-04-14,Canada,-1.0269246161605274
2025-06-07,Saudi Arabia,1.0136061747192047
2023-11-24,Saudi Arabia,0.64230585074328783
2020-05-18,Russia,-1.7913924519477955
2026-02-14,China,1.6139522182495374
2026-02-15,Russia,-2.4845726181659074
2022-08-22,Russia,-2.415109194255765
2023-01-30,USA,-0.95294983852732
2026-02-27,Canada,0.35746104345708379
2024-10-16,China,1.4357145184108873
2021-12-17,UAE,1.5779166087881487
2020-09-15,Russia,-1.519411830541922
2025-07-21,China,0.998265816997066
2026-03-12,UAE,-1.8550575102415663
2023-01-05,Saudi Arabia,0.655989600107083
2021-05-12,Canada,-0.29974590909707988
2020-06-18,UAE,-0.015309757007269002
2020-11-17,Iraq,-2.497875268425978
2026-01-10,USA,-1.2481663930306388
2023-03-01,China,1.059647652176275
2021-07-07,UAE,-0.37844706596132144
2022-06-10,Saudi Arabia,-1.0886057259240871
2026-04-30,China,1.5340841657494977
2025-12-07,USA,-0.62305380454783488
2025-05-10,UAE,0.85871956043796094
2024-08-06,Saudi Arabia,1.9297781866201564
2020-09-13,Saudi Arabia,-0.7892111765270956
2020-04-16,USA,-1.5142170848868677
2022-07-01,USA,-0.97992251292876686
2021-05-19,Saudi Arabia,-0.49415366536268007
2023-01-19,Saudi Arabia,0.79436507288017943
2021-02-01,Saudi Arabia,0.15047617500412219
2022-01-15,China,0.1548157022235262
2025-04-05,USA,-1.322709704959574
2022-10-20,Canada,-0.38567544163668949
2023-11-15,USA,-0.77961417132953481
2021-01-19,Russia,-1.7742566042045049
2020-03-03,Iraq,-2.6001834993812416
2020-10-07,Russia,-2.0596487474332221
2023-09-19,China,1.2858311649293028
2023-09-14,Russia,-1.8964339171003783
2025-11-30,Canada,0.55037220075947868
2024-01-08,USA,-0.43914253926556079
2023-06-22,Saudi Arabia,0.79508272086533993
2023-10-15,USA,-1.0750622758475752
2022-07-05,Iraq,-2.4767031184857138
2022-02-11,Saudi Arabia,-0.11216395452173719
2026-04-04,UAE,-2.3866579827393584
2022-04-06,Saudi Arabia,0.11905579456729806
2025-04-05,Saudi Arabia,0.27642832868594497
2021-10-16,Saudi Arabia,0.20385862473989433
2021-04-08,Russia,-1.4171847888826283
2024-01-26,Saudi Arabia,-0.21487319180558967
2024-10-20,Russia,-1.8289646464535243
2023-02-28,Canada,-0.73406314675978357
2022-03-24,Russia,-2.4156105545661717
2023-07-03,China,0.85381011242420024
2021-07-23,Canada,-0.31954872252281696
2026-03-18,USA,-1.2072396261726095
2020-09-02,China,0.19509682031460951
2022-09-22,China,0.80780117986620836
2022-10-06,Russia,-2.0002258892967135
2024-02-25,China,1.5894638616769858
2022-06-11,USA,-1.2391393382278313
2025-01-30,USA,-1.3049332749580251
2025-04-04,Iraq,-0.62398589983763175
2024-02-16,Russia,-3.6948076701367438
2026-04-19,UAE,-0.059502089351540416
2022-03-11,Russia,-2.7317703449380146
2024-02-04,USA,-0.94644234681146922
2020-07-29,UAE,0.52520224557729478
2023-06-30,Canada,-0.19742957108428238
2024-10-03,UAE,1.3761559111928905
2020-01-11,China,0.35654111909229291
2025-02-28,Saudi Arabia,1.0293549901526418
2020-03-13,UAE,-0.49868742859275983
2022-09-16,Iraq,-0.28909428670698217
2025-02-20,UAE,0.98608524819862275
2023-01-17,USA,-0.83253957069393214
2021-10-14,Canada,0.11235025045543821
2022-06-09,Russia,-2.3123155451776021
2024-04-10,UAE,1.1629047454351928
2021-09-11,UAE,0.65393458557878015
2023-04-16,Canada,-0.29981365182900038
2024-01-11,Saudi Arabia,0.55348661883459449
2025-11-24,Iraq,-0.60180035894962258
2025-05-05,China,0.62354870412224472
2025-09-30,Iraq,-1.2377286792167137
2024-11-29,USA,-0.55305466534498493
2026-03-24,Iraq,-3.0340571506509688
2023-01-17,China,0.63846347662300384
2025-09-21,Russia,-1.9688396388033096
2026-01-23,China,1.2346231765890683
2025-10-16,Canada,0.20475606905941723
2025-03-20,USA,-0.87295167259686091
2024-09-01,Saudi Arabia,0.97174042551715889
2023-05-15,USA,-0.804345337849831
2024-12-22,USA,-0.80083682644812038
2020-08-30,China,0.41430194812676008
2020-06-09,USA,-1.8294122366297783
2025-08-04,Russia,-2.6349578975137504
2024-08-08,Iraq,-1.6405895436838425
2025-11-13,Canada,0.38495395761969348
2025-05-01,Russia,-1.6175754790951089
2024-12-08,Saudi Arabia,-0.67189749949910893
2026-03-17,Iraq,-3.589226440038837
2020-09-10,Saudi Arabia,-0.43397046885809271
2026-01-04,Saudi Arabia,0.40368006150849767
2024-05-14,Saudi Arabia,0.87979787489385275
2020-10-17,Saudi Arabia,-1.0109255890908935
2022-08-29,Saudi Arabia,0.30446959295549497
2020-02-17,Iraq,-2.1657775414868912
2020-07-09,Saudi Arabia,-1.1125553774065602
2024-04-14,Russia,-2.7859700558451594
2022-03-02,Iraq,-1.776622590948036
2020-11-29,China,0.177644112205992
2021-06-27,China,0.74010110453179212
2021-09-14,Saudi Arabia,0.55806270783317069
2020-12-21,Canada,-1.5118958149673829
2024-12-30,UAE,1.7299467122338572
2023-11-02,UAE,0.990270938550833
2024-12-11,Russia,-1.9060365798812713
2020-09-18,Iraq,-2.6318978959592032
2024-03-06,UAE,0.90410747324992513
2022-02-02,Iraq,-2.5971575003767904
2022-02-03,UAE,1.3423400838529904
2023-09-07,Canada,-0.19522877481929449
2022-11-09,UAE,2.1050239433563873
2025-07-04,UAE,1.0194256472540661
2023-08-05,Russia,-2.9481947483942479
2021-07-06,Saudi Arabia,-0.37263913888718991
2024-07-26,UAE,1.8543186197168908
2024-11-05,Russia,-1.7671954681211606
2021-07-15,Saudi Arabia,-0.22148538903103152
2024-02-12,Iraq,-1.733833916091396
2020-12-06,Iraq,-2.4588811610754822
2021-04-02,USA,-1.3198467437036141
2025-08-29,UAE,1.5280766011969602
2025-12-14,Iraq,-1.4125589895980273
2021-04-14,Canada,-0.32119435946764929
2022-12-15,USA,-0.812386040151861
2024-06-03,Iraq,-1.1972571053332637
2023-10-30,Iraq,-2.5546104200406816
2020-04-15,UAE,-0.31682586619102487
2025-05-07,Russia,-1.3955263592392575
2022-09-28,USA,-1.5482912945085368
2025-07-07,Iraq,-2.19896884981141
2026-01-17,Canada,-0.023030167264546417
2021-10-30,UAE,1.0596227784489689
2020-07-10,Iraq,-2.6423067895174039
2020-11-13,Saudi Arabia,-1.5577876511399198
2024-05-07,USA,-0.75897204086745573
2025-09-04,China,1.3497373224788034
2020-11-08,UAE,1.1242250047539664
2025-01-25,Iraq,-1.9593539592027645
2022-03-04,USA,-1.41386077741079
2023-07-12,Saudi Arabia,0.66942593697962927
2024-10-24,Russia,-1.5226843656576927
2022-05-03,Saudi Arabia,0.47773893689689206
2025-08-02,Canada,-0.59081156894510967
2025-08-03,Russia,-2.8896844391519632
2021-12-16,Saudi Arabia,0.28102019980919857
2024-06-07,UAE,1.3056387269207932
2024-10-01,Saudi Arabia,1.1690995724762336
2024-03-04,USA,-0.750970899551957
2025-11-18,Canada,0.27180705837568853
2023-01-09,UAE,1.4088084690373617
2025-02-19,Saudi Arabia,-0.23753963659612171
2022-03-28,USA,-0.44644919324888976
2021-04-03,China,-0.15015628095096187
2021-09-01,Canada,-0.17840222895642446
2020-03-21,Saudi Arabia,-1.6378074981179169
2021-05-31,China,0.14605517722411221
2025-03-03,UAE,1.0158213160489293
2026-03-05,UAE,-1.9229556188604116
2020-04-14,Iraq,-2.7069676472291131
2023-06-04,USA,-0.943237933425535
2020-10-29,Iraq,-2.3410528086723406
2022-03-28,Russia,-2.388334056110434
2025-01-26,Canada,-0.32473319967500297
2025-04-09,China,0.31656822533800949
2021-12-24,China,0.707597901282046
2021-04-04,USA,-1.3241124145502912
2024-02-07,Iraq,-2.5448289291873651
2026-02-04,Saudi Arabia,1.1165667611275891
2023-05-16,USA,-0.86109702644176722
2023-05-05,Saudi Arabia,-0.35146635080623434
2024-06-29,Russia,-2.341240577837358
2023-01-08,USA,-1.2221383590876731
2022-02-04,Russia,-1.2816587551359337
2025-11-09,Canada,0.684591595835288
2023-09-04,Iraq,-2.657448036928483
2026-01-17,Iraq,-2.0297828118099734
2024-02-29,UAE,1.9629097079998334
2023-12-10,Canada,-0.19715174414053951
2020-11-07,Russia,-1.8147287274917929
2020-04-29,Russia,-1.970019104309169
2024-09-27,UAE,1.4690934609839266
2024-07-12,Canada,-0.19661185627051153
2026-02-01,Saudi Arabia,0.11058563257655428
2025-08-20,UAE,0.61078640715603238
2024-10-31,China,1.2904988450615256
2023-11-22,China,1.2496357022610984
2024-04-10,Russia,-2.3611599910765682
2020-11-20,Russia,-1.375044251889709
2024-10-07,Iraq,-3.2745880545910193
2025-03-08,Saudi Arabia,0.72310004089565794
2022-11-29,Canada,-0.20621807751285293
2024-08-21,China,1.2368197423060656
2024-08-07,Russia,-2.7111099688094948
2024-03-25,Canada,-0.10846750229876133
2025-02-21,Russia,-1.6515405863679817
2021-02-24,Russia,-1.7053898502219866
2020-04-02,Russia,-2.2321536059447209
2022-02-13,USA,-1.3334596309447002
2023-05-24,Russia,-1.8521498033734669
2020-09-28,USA,-1.4667154388901544
2020-02-06,Russia,-1.526153033178606
2021-06-11,USA,-0.88682075202689437
2021-09-07,Saudi Arabia,0.39243328933511196
2024-01-20,USA,-1.214983408082583
2022-06-01,China,0.51569761333134423
2020-01-17,Canada,-0.988547514386631
2022-11-11,Russia,-1.8903919466376295
2022-07-24,UAE,1.1615836644741304
2022-04-17,Russia,-3.0631833302900406
2022-04-17,Iraq,-2.94711080986886
2020-09-16,Iraq,-2.3995130877361674
2025-05-06,UAE,0.98011959737632492
2020-12-30,UAE,0.99718347994344825
2020-02-05,Saudi Arabia,-0.61758453353118348
2021-08-09,Saudi Arabia,-0.16913169451214563
2023-04-18,Iraq,-2.2790601599635694
2022-05-12,Iraq,-1.8669476478929214
2020-12-16,UAE,1.8763114171980162
2024-12-12,Russia,-1.6421625449121511
2021-10-03,USA,-1.4409855440355706
2023-01-10,Russia,-1.8541531106863007
2021-11-02,Saudi Arabia,0.069641045151726338
2025-01-27,USA,-0.74457180958876967
2020-04-27,Russia,-2.0152903708552512
2020-08-09,UAE,-1.0186189335222544
2024-07-06,Canada,-0.52062546814943422
2025-08-12,Iraq,-1.2942662168502745
2020-12-23,Saudi Arabia,-0.33332692649603846
2025-05-05,Saudi Arabia,0.77021888229477642
2020-10-24,Saudi Arabia,-0.75381583254316975
2025-02-17,Canada,-0.51367279555116374
2024-12-06,China,1.478766367393108
2025-09-27,Russia,-2.6555581088895992
2021-03-04,USA,-1.0901840553156921
2023-06-10,UAE,1.4784359221769285
2025-04-16,UAE,1.4650340807497029
2025-09-19,Saudi Arabia,0.85251127316031117
2022-01-11,Russia,-1.7534798929616531
2025-09-03,USA,-0.97598381335483453
2026-04-08,USA,-1.3073363655975148
2023-08-15,Saudi Arabia,0.19048969350709316
2021-11-09,Iraq,-2.7075007344310924
2020-07-04,Canada,-1.6017456414686793
2021-12-28,Saudi Arabia,-0.49988758188459703
2025-10-06,UAE,1.5602216405554545
2024-09-10,UAE,0.24470452035141027
2022-11-18,Saudi Arabia,0.52051046934478673
2023-09-18,Canada,-0.70226001096780333
2025-12-05,Iraq,-1.0119635357994798
2023-10-29,Saudi Arabia,-0.74401377927037726
2020-01-14,Canada,-0.50611273207496488
2024-08-18,China,1.2696175418893243
2021-03-20,China,0.29813843239544396
2026-03-05,Canada,0.12704883379910836
2020-10-20,UAE,1.0843725589567283
2022-09-28,UAE,1.4839050449935889
2021-08-08,Saudi Arabia,0.40728262798311987
2022-12-26,UAE,1.3286814804334377
2020-05-01,Saudi Arabia,-1.63897964284665
2020-02-19,Iraq,-2.5562533355124675
2020-02-14,China,-1.7652434831439969
2020-11-06,UAE,0.91654265780384914
2021-02-12,USA,-1.3361938454063058
2023-08-17,USA,-1.0007688013470328
2024-11-06,Saudi Arabia,1.508618169730912
2025-10-07,Iraq,-2.8039302834136053
2023-02-19,Saudi Arabia,0.63860831297276643
2020-03-07,Russia,-1.3574464012289076
2023-05-11,Canada,-0.282493357643577
2021-06-28,USA,-0.97261412577122552
2022-03-13,USA,-1.5805360274808908
2020-07-25,UAE,-0.59390600652609415
2020-07-28,Saudi Arabia,-0.9245412486759983
2020-01-10,Canada,-1.0563163071286439
2023-03-25,UAE,1.5969467468706002
2024-11-30,Saudi Arabia,0.98501816734968783
2020-07-21,Russia,-1.8004862890653108
2021-09-22,China,0.38497714044099335
2022-03-31,Canada,0.15646336595662419
2022-01-22,UAE,-0.03939191345664992
2021-02-18,China,0.29240781020851769
2020-02-08,Canada,-0.59247118487302974
2025-01-06,Saudi Arabia,-0.40031137785441928
2020-08-02,USA,-1.5900210580553602
2020-11-28,Saudi Arabia,0.18364587735427426
2022-01-05,UAE,1.1474497632321452
2025-08-17,Iraq,-1.8912048977285749
2021-09-14,China,0.42747714464174458
2023-04-12,UAE,2.0263976119584108
2024-10-14,Saudi Arabia,0.51625911017025217
2023-09-09,UAE,0.36923022455256904
2021-08-25,USA,-1.1587652556432904
2025-02-26,UAE,1.879926043116392
2025-05-09,UAE,0.43588640574048831
2024-05-31,Iraq,-0.78206478464985463
2022-09-28,Iraq,-4.3651767957802088
2022-07-03,Iraq,-2.5451496019229083
2020-06-26,Iraq,-2.9128281481120166
2020-10-13,Canada,-0.50787078082091974
2024-07-26,Canada,-0.539341150080131
2020-02-10,Iraq,-2.7133290090293682
2023-03-10,Saudi Arabia,1.411275293807716
2023-12-02,Canada,-0.40097530015767685
2023-09-30,UAE,1.6904594669287023
2025-08-19,Russia,-1.4210834397620953
2021-12-10,USA,-1.344460295954911
2022-05-19,China,0.31072658670351433
2025-07-11,Russia,-2.0998906804370803
2023-01-01,USA,-0.94883295235685683
2021-05-19,Canada,-0.27191249632006487
2022-11-07,Canada,-0.11892889622173711
2023-07-16,Russia,-2.2666579924532293
2025-03-15,USA,-1.3559524842238162
2023-01-30,Saudi Arabia,0.42222068318038997
2020-10-05,USA,-1.128654180643454
2025-03-03,Iraq,-1.3958736133434764
2022-10-30,UAE,1.1829586793015341
2020-09-06,China,0.33646909909019779
2024-05-19,UAE,0.713820830074238
2022-02-06,USA,-1.0751637041341504
2022-04-30,Saudi Arabia,0.55715498369873284
2021-03-03,Russia,-1.6899573440090374
2026-03-29,UAE,-0.73154472861208608
2025-04-26,USA,-1.253699296795237
2023-05-29,Russia,-1.9980463057323727
2020-07-05,Saudi Arabia,-1.0844549657563038
2020-08-06,Saudi Arabia,-1.7206647807137345
2020-12-05,USA,-1.180286558044922
2023-11-14,USA,-0.75977961477740041
2020-11-30,UAE,-0.071440275882287019
2021-10-13,UAE,2.0329611147053903
2021-10-13,China,0.26940413975710037
2025-03-23,UAE,0.39974177919832
2021-12-30,Iraq,-2.2094327628158972
2023-02-13,Iraq,-1.7787714440110363
2024-06-27,China,1.3512022707831763
2020-01-11,Canada,-1.920526824612756
2023-09-08,USA,-0.89193172707607071
2020-08-26,China,0.55626461362235868
2023-09-29,UAE,0.67888257284211073
2023-11-07,China,1.397367901121731
2021-01-04,Saudi Arabia,0.27961772719101308
2025-12-17,Saudi Arabia,0.929276398140703
2023-07-07,Saudi Arabia,0.25135424494229575
2024-12-15,China,1.3842637048033504
2025-02-28,Canada,-0.095629110037735637
2023-10-30,Saudi Arabia,0.39630389767997604
2025-11-17,UAE,1.5776562782745511
2020-09-02,Saudi Arabia,-0.016426892410438498
2023-06-22,Russia,-2.0989842362272269
2023-06-20,Russia,-1.9990334126298472
2021-11-30,China,0.46951651905147268
2022-10-15,Russia,-2.3404087669589022
2022-09-07,China,0.42913800014477493
2025-12-23,UAE,1.6454604756568316
2020-12-07,Saudi Arabia,-0.41636578394893742
2022-05-23,Iraq,-2.9792425638885276
2026-04-29,China,1.4821478268160271
2022-12-09,China,0.79426251225512
2020-07-30,Canada,-0.53254636464170868
2021-04-15,Iraq,-3.9479071087219406
2021-06-30,Russia,-1.409585736738358
2023-02-21,USA,-1.0610491810606797
2025-08-06,Iraq,-1.3072633528807076
2020-08-15,Russia,-1.7832055483358864
2021-07-25,USA,-1.0334346266296657
2026-03-19,Saudi Arabia,-3.2712152245245587
2023-04-03,China,0.15027880334635016
2024-11-26,USA,-0.79251010258098065
2025-07-06,UAE,0.71521701899852319
2022-10-02,Canada,-0.19545117975804854
2020-07-14,Iraq,-2.1250227428429285
2024-07-23,USA,-0.520980566604545
2020-11-01,USA,-1.2154817089088612
2020-09-20,Iraq,-2.6240679593430691
2022-05-25,China,0.45646685416622129
2026-04-26,Iraq,-0.83739948337678149
2022-12-11,UAE,1.5936732310333945
2023-11-24,UAE,0.84675403257499327
2024-08-28,UAE,2.6588185252565042
2024-08-09,UAE,0.87934510932442578
2022-04-10,Iraq,-2.1226750151651967
2023-08-29,Saudi Arabia,0.42780675124239975
2025-05-03,Iraq,-2.02953860606856
2021-05-09,Canada,-0.49848573582939704
2025-02-08,Russia,-2.1815443933506957
2022-10-07,Iraq,-2.6464945038636656
2025-01-30,China,1.4154606176817583
2025-09-03,Iraq,-2.1900342834396853
2022-06-20,China,0.49538230604189432
2025-06-03,Canada,0.14002299644414409
2025-08-23,Russia,-2.0444905113585667
2023-04-22,Russia,-2.0616776751930037
2025-07-28,USA,-0.74351279310627716
2020-08-17,Canada,-0.93303628445094433
2022-07-16,USA,-1.3475719535733017
2021-03-08,Iraq,-1.0582696881209068
2023-03-07,Russia,-1.9297197334659189
2021-07-03,Saudi Arabia,-0.90095804852602568
2025-04-11,Canada,-0.15441652761931807
2022-10-23,Russia,-2.8098824249600107
2023-07-30,Iraq,-1.2411617989377144
2022-06-03,Saudi Arabia,0.26461742955935458
2020-03-29,Iraq,-2.927977516199435
2025-11-29,USA,-1.1458896450251368
2023-02-07,Iraq,-2.6281008830072436
2021-12-20,China,0.14914255984307098
2025-11-17,Saudi Arabia,-1.0089962840865849
2025-02-24,USA,-0.53862548220730155
2024-03-15,Saudi Arabia,1.1010296625766087
2026-03-19,USA,-1.2162750474634676
2021-07-31,USA,-1.2370618569016454
2021-04-22,UAE,-0.028447903721066911
2020-07-13,Iraq,-2.0596342314173324
2022-06-10,Iraq,-2.7113549865314996
2025-01-18,Iraq,-1.7404818184121336
2023-02-16,Saudi Arabia,1.3259338515363839
2025-08-20,Canada,-0.62301538986772409
2021-10-20,Iraq,-2.2687812279319983
2021-12-06,UAE,1.8401265898894872
2026-02-26,Canada,0.26961841953752685
2021-08-14,USA,-1.667587942555306
2021-02-24,USA,-1.1605450466084639
2021-05-09,Russia,-0.20285578207548743
2024-12-05,Russia,-1.880470428274996
2024-03-14,UAE,1.110994723790018
2021-09-19,Canada,-0.40792358135584494
2022-10-06,Iraq,-2.9771960461712261
2022-04-01,Saudi Arabia,-0.10190359434455268
2021-06-28,Canada,-0.49201917394601513
2024-01-28,China,1.675895800731328
2020-02-29,Canada,-0.753669212433953
2022-12-13,USA,-0.6906457993401206
2023-04-19,Saudi Arabia,-0.22722110805515577
2023-09-14,China,1.1454408799560376
2020-03-25,Canada,-1.0083742741540827
2020-12-15,USA,-0.73947499511167947
2022-07-31,Iraq,-2.7776503723553532
2021-12-22,Saudi Arabia,0.35879819117642647
2022-01-30,China,0.67346758151700814
2023-10-05,Saudi Arabia,0.90839566103840508
2022-02-03,Iraq,-3.0436949155544726
2023-10-18,UAE,0.97964160183307636
2020-07-20,Canada,-1.1616133660384296
2022-10-05,China,0.70955806766169849
2022-06-18,China,0.48987911694587932
2025-01-27,Saudi Arabia,1.1886879080653923
2026-04-09,Saudi Arabia,-0.57911646686564355
2025-01-03,USA,-1.0907025641395207
2022-03-25,Saudi Arabia,-1.6497461865920016
2021-04-12,USA,-1.359507946374749
2020-11-22,Canada,-0.67989048173825628
2020-01-16,Iraq,-2.8566464364635622
2022-09-30,USA,-1.3406778096396157
2026-02-27,China,1.1525300177775348
2022-02-25,Canada,-0.15581398543210984
2025-08-01,Saudi Arabia,-0.28497393179196862
2024-10-15,Canada,-0.9638325333359048
2021-12-19,Iraq,-2.5923578352576566
2022-05-14,Saudi Arabia,0.0014056869317131959
2022-09-19,China,0.516395235954528
2021-05-11,Canada,-0.26040457445478915
2021-11-30,Saudi Arabia,0.289631932511023
2023-06-17,UAE,1.6604465395616625
2025-09-14,Saudi Arabia,0.68747313239917762
2020-05-28,UAE,-0.010567598294560485
2024-04-14,China,1.3361833440827757
2020-12-06,Saudi Arabia,-0.16579572055506087
2022-08-22,UAE,1.5316933499573366
2025-08-13,Iraq,-1.1335850437853434
2023-05-09,China,0.76627142187860653
2024-10-09,Saudi Arabia,0.76800786696213241
2020-01-17,UAE,0.54918120162697637
2024-01-14,China,1.2386142377020071
2023-10-25,Iraq,-3.0632487378897726
2023-09-28,Canada,-0.32909027710381111
2021-08-21,UAE,-0.18388807391902653
2022-09-14,China,0.54747694601870556
2021-05-07,UAE,0.17945246716980467
2025-11-05,Saudi Arabia,1.3902510497063463
2025-10-11,Saudi Arabia,0.5198587173078757
2024-09-30,USA,-1.0848522291606275
2023-11-12,Saudi Arabia,-1.2869204645461245
2025-01-05,USA,-0.9028518943976731
2026-02-08,Canada,0.2707558575733735
2021-09-05,UAE,2.0068040672692864
2024-01-27,Saudi Arabia,0.23066125594261183
2020-12-25,Saudi Arabia,-0.53773246430134247
2020-10-08,Canada,-0.41922489832204923
2023-09-17,UAE,0.736958902020677
2024-03-31,China,1.4939469453682412
2023-07-02,China,1.1023480318639769
2025-02-17,China,1.0513379939219243
2022-09-26,USA,-1.0525692073750565
2022-11-03,Canada,-0.11132617537813758
2026-04-11,Iraq,-1.1716319348414437
2021-11-15,Russia,-1.7463254402647714
2025-01-18,USA,-0.82198057662993
2023-07-17,Saudi Arabia,0.81728648667663528
2021-04-17,China,0.22636391578501955
2020-03-30,Saudi Arabia,-2.43648281229402
2026-02-23,UAE,0.88446044103500721
2023-10-22,Russia,-2.4294638922352227
2020-10-04,UAE,0.53146583338650633
2024-10-11,USA,-0.99147747537115982
2020-12-11,UAE,1.6535490190611242
2024-01-18,Russia,-2.04431934080714
2022-11-28,Saudi Arabia,-0.0421385650228254
2021-07-23,Russia,-1.4935063624535403
2022-10-26,China,1.0831965348905173
2023-06-08,Saudi Arabia,0.60506475428315931
2022-07-04,China,0.79066504051658482
2022-09-23,China,0.70421664482719437
2025-07-02,Russia,-2.1345290129536165
2026-03-25,Canada,-0.19362381913371574
2022-02-12,UAE,2.0415688705343138
2020-10-16,USA,-1.3431956404357521
2024-11-14,Saudi Arabia,1.1651890390865036
2022-01-21,Saudi Arabia,-1.9600890497799079
2026-01-28,Canada,0.085709256689645075
2021-07-11,Canada,-0.683573031405877
2024-07-07,China,1.1086804685803187
2020-05-20,Russia,-1.7355128593456677
2022-12-09,USA,-0.79773130714110019
2025-10-03,China,0.9976987083499036
2025-06-01,China,1.3943622722095168
2021-10-28,Russia,-1.6047207765840428
2023-05-05,Russia,-2.2053249847191676
2020-11-22,China,0.13798055092349132
2025-03-03,Saudi Arabia,0.1431897052249132
2024-01-06,Saudi Arabia,-0.60472536260241583
2023-02-06,China,0.93348313193283672
2024-05-26,Russia,-2.2455044913408475
2024-03-09,USA,-0.78072782121372009
2023-01-07,Saudi Arabia,-0.098707774237320134
2023-03-29,USA,-1.0425521610857005
2025-11-02,Iraq,0.15728064513913487
2024-05-19,Saudi Arabia,-0.43825662538840282
2023-05-19,Canada,-0.17327731657011247
2023-08-15,UAE,1.5619122630698559
2023-07-11,Saudi Arabia,0.49969167553035759
2020-07-31,Saudi Arabia,0.0476123193982024
2022-06-09,China,0.22934703879076068
2020-07-26,Saudi Arabia,-0.63485727903949729
2023-05-08,Canada,-0.50907582654984218
2025-05-20,USA,-0.90037286592797261
2025-05-16,UAE,1.410881919188258
2025-05-08,USA,-0.58563442276264732
2024-12-07,USA,-0.67357000236386866
