Date,Brent_Close,WTI_Close,Canada_Sentiment,China_Sentiment,Iraq_Sentiment,Russia_Sentiment,Saudi Arabia_Sentiment,UAE_Sentiment,USA_Sentiment,Brent_Pct_Change,WTI_Pct_Change
2020-01-03,68.5999984741211,63.04999923706055,-0.5452181255134195,0.3175539052707863,-4.327422676630524,-1.2152686850567265,-1.9083183882184027,-1.1859764123665668,-2.0225192291228917,0.03547167508107307,0.030565526684486866
2020-01-06,68.91000366210938,63.27000045776367,-0.3662376791092917,0.5102285576082347,-3.444645251352042,-0.9474035666708605,-0.9591187332635752,0.7092668835154604,-1.2919437362100974,0.004519026164486517,0.00348931361404059
2020-01-07,68.2699966430664,62.70000076293945,-0.3202226221573614,0.5054747212703898,-4.063223241340263,-1.2103425411344324,-0.750968648860483,-0.0325517991251743,-1.5517057294765315,-0.00928757778306255,-0.009009004120439812
2020-01-08,65.44000244140625,59.61000061035156,-1.1340726517990918,0.6223730065066291,-4.063657798447432,-1.6440033137869152,-1.051594655725154,-0.286838832469992,-1.9642522594097984,-0.04145297115592539,-0.04928229848466481
2020-01-09,65.37000274658203,59.560001373291016,-0.9338674541784932,0.469657276373316,-3.4327810540340256,-1.6686673967048633,-0.5034142570611615,0.7925086031937899,-1.4912226413274992,-0.0010696774482380489,-0.0008387726312464316
2020-01-10,64.9800033569336,59.040000915527344,-1.056316307128644,0.700001346841902,-3.6032116931403886,-1.7939179009279134,-0.6605183658294815,0.5847704143536931,-1.4619194183070197,-0.005966029880101642,-0.00873069922387304
2020-01-13,64.19999694824219,58.08000183105469,-0.3800089466836916,0.3205959347085217,-4.136042178146587,-1.3355852485551865,-0.3739285030609249,0.3279697173929105,-1.0349381349971685,-0.01200379144960717,-0.016260146842582146
2020-01-14,64.48999786376953,58.22999954223633,-0.5061127320749648,0.2390548826109543,-3.6806038168773023,-1.3294878157855108,-0.8475666041024364,0.632310941302766,-1.1701941869010828,0.004517148431660178,0.0025826051386492743
2020-01-15,64.0,57.810001373291016,-0.3267066483469298,0.3056859313434255,-2.8999625244995206,-1.0544937748763987,-0.0876815044441883,0.9456112989996666,-1.240120526719806,-0.007598044347971844,-0.0072127455306035815
2020-01-16,64.62000274658203,58.52000045776367,-0.49056458932924,0.3402163474276208,-2.856646436463562,-0.9779343824898812,-0.2958026320214073,0.6675133992274305,-1.0226806053485034,0.009687542915344238,0.012281596049237953
2020-01-17,64.8499984741211,58.540000915527344,-0.988547514386631,0.4436011639429874,-5.112572987670176,-1.1307358244194303,-0.3239452864787125,0.5491812016269763,-1.2271653420749276,0.003559203308007186,0.0003417713193305527
2020-01-21,64.58999633789062,58.34000015258789,-0.3178496754734514,-0.9394041265093612,-3.7563067771033554,-1.2950739585740976,0.0721826271420588,0.5841990372601646,-1.3617296958753673,-0.004009285155715525,-0.0034164803520938536
2020-01-22,63.209999084472656,56.7400016784668,-0.443594557153104,-0.8526378402646075,-2.544739438545496,-1.2652985541362376,-0.3983328615333627,0.6186256273984126,-1.5374224890416757,-0.021365495148796265,-0.02742541086623773
2020-01-23,62.040000915527344,55.59000015258789,-0.7574067843261398,-1.4488745926115827,-3.0926059810761006,-1.555375235300556,-1.1593637807356858,0.4507111016531744,-1.4784113223412525,-0.018509700773476467,-0.0202679149076469
2020-01-24,60.689998626708984,54.189998626708984,-0.8571815457309108,-1.9989694623130907,-3.640534581899873,-1.5409238112242165,-1.796589067658256,0.5822398828544236,-1.6591218102559406,-0.021760191310385424,-0.025184413060551747
2020-01-27,59.31999969482422,53.13999938964844,-1.1278808139196213,-2.3492180573767496,-4.4666743112302365,-1.6198645093162347,-0.453372386281398,0.3522087170684917,-1.1992384623710608,-0.02257371828777477,-0.01937625509632379
2020-01-28,59.5099983215332,53.47999954223633,-1.0285473120211386,-2.3855230120847155,-2.7820991022253634,-1.5960577201255224,-0.8866490257309478,1.1596257274533257,-1.4044775114588208,0.0032029438247882513,0.0063981963961805555
2020-01-29,59.810001373291016,53.33000183105469,-0.9927047068405572,-2.3628636379452312,-3.457246366288841,-1.6580946685793807,-0.3386157986139776,1.0039071037865726,-1.3359599615747977,0.005041220974951077,-0.002804744062557041
2020-01-30,58.290000915527344,52.13999938964844,-0.8411884750966921,-2.356784178522387,-2.4865730087368,-1.804880695038024,-0.3359846777631909,0.8324529096058266,-1.263159504001223,-0.025413817469705835,-0.022313939631505852
2020-01-31,58.15999984741211,51.560001373291016,-0.9840391736464592,-2.27871955243718,-3.185612891124212,-1.8927073822374687,-0.8922029713955411,1.1313237247298704,-1.346847606036777,-0.0022302464586272386,-0.011123859285517623
2020-02-03,54.45000076293945,50.11000061035156,-0.8790978208097242,-2.098964825942061,-3.0012667372012034,-2.123070357166763,-0.7942005965188255,1.1204806774032592,-0.564409251682215,-0.0637895305056081,-0.02812258968810999
2020-02-04,53.959999084472656,49.61000061035156,-0.8340467867065317,-2.12636704340889,-2.800712889642811,-1.7238870572937035,-1.0503223360713083,0.85368919563289,-0.9132282362050572,-0.008999112426097633,-0.009978048172218812
2020-02-05,55.279998779296875,50.75,-0.7481813881614836,-2.0213671211806625,-3.2176825098717297,-1.5843574098763304,-0.6175845335311834,0.9216891061467516,-1.0301534021396643,0.02446255962231958,0.0229792254711354
2020-02-06,54.93000030517578,50.95000076293945,-0.8391991501797853,-2.061412022769953,-3.39750972556276,-1.526153033178606,-0.933187130584055,0.8977844074712896,-1.1049431921109685,-0.006331376299743563,0.003940901732797153
2020-02-07,54.470001220703125,50.31999969482422,-1.0389731914424982,-2.166636223192475,-3.8602876052712793,-1.7286475845201936,-1.058417494407765,0.6561623147342237,-1.2400999988655494,-0.008374277843018918,-0.012365084566858142
2020-02-10,53.27000045776367,49.56999969482422,-0.7998468636158768,-1.9122942351465153,-2.713329009029368,-1.8304118848000464,-0.1054352931185602,1.2474516363476575,-0.0797392326047532,-0.022030489003979525,-0.014904610583237776
2020-02-11,54.0099983215332,49.939998626708984,-0.464688619507584,-1.9059221982269663,-3.6504387356928407,-1.6656121627432223,-0.2350790350588319,1.34970749170245,-1.0097879938355414,0.013891455930364671,0.00746417054998294
2020-02-12,55.790000915527344,51.16999816894531,-0.5473077406061092,-1.879810059472495,-2.020828957897981,-1.9237156851495871,-0.3506574845605745,0.8737284405523742,-0.9749905564728412,0.03295690889300529,0.02462954697757036
2020-02-13,56.34000015258789,51.41999816894531,-0.6538889756824308,-1.9804807540707137,-3.0996613389833265,-1.624420445152972,-0.1667771146337292,1.0606236655449597,-0.9866292459284564,0.009858383725307895,0.004885675375140508
2020-02-14,57.31999969482422,52.04999923706055,-0.7345775044908631,-1.7652434831439967,-2.2165150194625727,-1.4977613707039008,-0.8844745929377604,0.3047686007173073,-1.1000205877057003,0.017394383024177396,0.012252063215663744
2020-02-18,57.75,52.04999923706055,-0.8707829564951665,-1.784335309042988,-2.6101049044491087,-1.9627254016606916,-0.3535140104852383,1.108920260536983,-1.3035047658402408,0.007501749955777015,0.0
2020-02-19,59.119998931884766,53.290000915527344,-0.8428966180870324,-1.674345666706088,-2.5562533355124675,-1.7802694826250314,-0.5596608989395031,1.0220910078972685,-1.1708606362010137,0.023722925227441793,0.023823279474399994
2020-02-20,59.310001373291016,53.779998779296875,-1.0387129338366767,-1.7519955023911995,-2.624743926215103,-1.86882409160432,-0.6793308123725238,1.2812900622207135,-1.2593800715533436,0.003213843789563686,0.009194930669005785
2020-02-21,58.5,53.380001068115234,-0.929888112955894,-1.9605493101334808,-3.496844374289157,-1.676668083865888,-1.4919152305824397,0.7799673494187847,-1.1139627013574918,-0.013657078983912885,-0.007437666795478304
2020-02-24,56.29999923706055,51.43000030517578,-1.090673499324296,-1.9092922196098825,-3.587393125511961,-1.4011452201517631,-1.6485295445195978,0.877986623576293,-1.2375782686292538,-0.03760685064853764,-0.036530549342836616
2020-02-25,54.95000076293945,49.900001525878906,-0.939129118817333,-1.8032454528342137,-3.775043690631013,-1.5334971873070085,-1.3001544238131453,-0.2584199734861041,-1.3897153191767866,-0.02397865883508632,-0.029749149722305135
2020-02-26,53.43000030517578,48.72999954223633,-0.7312834696001975,-1.8564321220990003,-2.876809267042055,-1.575729881092593,0.0288849738947091,0.9804684549679848,-1.4250792930612608,-0.02766151841054787,-0.023446932822953848
2020-02-27,52.18000030517578,47.09000015258789,-0.7545912131707471,-1.6740816981101052,-2.907460419704871,-1.6761377810953766,-2.2416970604740287,0.5929368440433072,-1.5674754512309643,-0.023395096254171466,-0.03365482054287694
2020-02-28,50.52000045776367,44.7599983215332,-0.667186281474383,-1.894534057538964,-2.883729662000265,-2.30624905412811,-2.235273846200737,0.0334731163336558,-1.5191399072615424,-0.03181295204491308,-0.04947975840952801
2020-03-02,51.900001525878906,46.75,-0.2771105405059491,-1.6836170394383354,-3.059937161811441,-1.88488280474354,-1.5423335098908322,0.606959730876215,-0.9457558698966788,0.027315935384223833,0.0444593778617155
2020-03-03,51.86000061035156,47.18000030517578,-0.7714863591689646,-1.507249812778668,-2.6001834993812416,-1.7057451853887962,-1.589602077650524,0.5390643511634765,-1.1817787230524834,-0.000770730527000052,0.009197867490390976
2020-03-04,51.130001068115234,46.779998779296875,-0.8926618018236895,-1.5497132904486588,-2.953653891230891,-1.7512039169054396,-1.938234258039213,0.2868869609455472,-1.003068196594895,-0.014076350436652674,-0.008478201002364627
2020-03-05,49.9900016784668,45.900001525878906,-0.5585429131601505,-1.5151474637739617,-2.860481509786868,-1.7625746163510594,-1.586159311077096,-0.3738459678142199,-1.2762752586730448,-0.022296095557082674,-0.01881139966612022
2020-03-06,45.27000045776367,41.279998779296875,-0.7199222282551484,-1.4560816491009596,-3.1609416146484164,-1.6952786175642776,-1.9593637655077685,-1.1009108577317512,-1.4176347948636323,-0.09441890502548766,-0.10065365126354575
2020-03-09,34.36000061035156,31.1299991607666,-0.5759334031909487,-1.5512319946145623,-2.8729088800119755,-2.401513176134817,-3.729397186945593,0.1219127216623301,-1.3959266046440568,-0.24099844791455216,-0.2458817809757493
2020-03-10,37.220001220703125,34.36000061035156,-0.9351227586557322,-1.6951522559693954,-2.6220045835390526,-1.5842055880066055,-2.606318573865896,0.1268967203911152,-1.4881605269470792,0.08323633758871174,0.10375848174309499
2020-03-11,35.790000915527344,32.97999954223633,-0.965449976456748,-1.8012555168401854,-3.4878562598962253,-1.5219937845605265,-2.2814911331077967,0.5311811380008117,-1.6452684336786745,-0.03842021113047045,-0.04016301058212102
2020-03-12,33.220001220703125,31.5,-0.97116190110261,-1.7003568502732818,-4.0227058977181605,-1.526558864332261,-2.297728825911823,0.6406749133525534,-1.7882917883374192,-0.07180775716910459,-0.04487566897449302
2020-03-13,33.849998474121094,31.729999542236328,-1.3819895499636323,-1.5959381830326873,-3.420940827752741,-1.6913775753581983,-2.2337878823175523,-0.4986874285927598,-1.9235694875617515,0.018964395853945604,0.0073015727694072385
2020-03-16,30.049999237060547,28.700000762939453,-1.3095948960299983,-1.674107075182976,-3.9136639640928905,-1.7620735933556313,-2.3605528866929397,-0.3381221415286018,-1.69196322017874,-0.11225995297948721,-0.09549318698424791
2020-03-17,28.729999542236328,26.950000762939453,-1.1991086924561811,-1.5205234985587746,-2.919930642205234,-1.8002466305651634,-2.372551856418655,-0.8803106555254467,-1.5300737922768173,-0.0439267796451811,-0.060975608135167336
2020-03-18,24.8799991607666,20.3700008392334,-0.9216168708060456,-1.3620996536778427,-3.1177446177444352,-1.8502756562018088,-2.592671838476253,-0.596408377652403,-1.5541385786491473,-0.1340062806408957,-0.2441558344129846
2020-03-19,28.469999313354492,25.219999313354492,-1.0241595467257123,-1.748419449479797,-2.6022998021746115,-2.085167087786858,-2.304092740397312,-1.100199568135489,-1.6143854385594691,0.14429261550173123,0.23809515337769716
2020-03-20,26.979999542236328,22.43000030517578,-1.0722087657367003,-1.6747724541374491,-2.049905735334184,-1.725833795715659,-2.197303321510897,-1.1270999763614746,-1.6110095963740507,-0.052335785284660874,-0.11062645060031195
2020-03-23,27.030000686645508,23.360000610351562,-1.2659808051178774,-1.322821252165291,-3.2441014275968296,-2.079811219260803,-2.7384773479255204,-1.5777125835945487,-1.790738314880775,0.0018532670592119604,0.04146234028187612
2020-03-24,27.149999618530273,24.010000228881836,-1.2763996373751056,-1.480770057213037,-3.3019403030882613,-2.006768891452998,-2.51489547498688,-0.776167198166595,-1.6113827558334397,0.0044394720250249264,0.02782532540869198
2020-03-25,27.389999389648438,24.489999771118164,-1.0083742741540829,-1.2457289210273668,-4.062028730908308,-2.053277145896655,-3.222082588881365,-0.8529234655346363,-1.52583683313323,0.008839770699457405,0.019991650881324485
2020-03-26,26.34000015258789,22.600000381469727,-0.9407896775966647,-1.1818421039421374,-3.5103943356223124,-2.122250040104416,-2.410240745509022,-0.5845006213184388,-1.6190919166190192,-0.038335131816665036,-0.0771743326791442
2020-03-27,24.93000030517578,21.510000228881836,-0.942630210996242,-1.091833345995736,-3.16428902506204,-2.012911003858492,-1.7896256189428794,-1.7977660082352207,-1.6783584706449377,-0.05353074560531379,-0.04823009443316684
2020-03-30,22.760000228881836,20.09000015258789,-1.0927970992064728,-1.1289456090288317,-3.5373786813554684,-2.350327688119683,-2.43648281229402,-1.0937277766576754,-1.5569190868267868,-0.08704372441758157,-0.06601580944603092
2020-03-31,22.739999771118164,20.479999542236328,-0.8495893654250545,-1.106437723152395,-2.61125881617707,-2.4130769079680245,-1.8217161920675489,-0.7006340139553702,-1.5667752714386467,-0.0008787547259464512,0.01941261257771565
2020-04-01,24.739999771118164,20.309999465942383,-0.9898352067272248,-1.1690875032037962,-2.902061795397839,-2.2066096518000067,-2.097587483157332,-0.603117525980147,-1.7078943045812407,0.08795074846659312,-0.008300785160827329
2020-04-02,29.940000534057617,25.31999969482422,-1.0632549847581831,-1.0783548510720695,-2.861749835032219,-2.232153605944721,-2.1961726772762606,-0.5351789629221962,-1.6933537950230202,0.21018596649341958,0.24667653178834636
2020-04-03,34.11000061035156,28.34000015258789,-0.990627801736742,-0.9921527906735758,-2.915052594629333,-2.153427822729322,-2.3258930871350256,-0.8466448123711207,-1.538576497930222,0.13927855717806192,0.119273321254463
2020-04-06,33.04999923706055,26.079999923706055,-0.9079145867569473,-1.412052185552083,-3.2433891147469107,-2.1197349122057014,-2.0498441979891577,-0.7769399469212561,-1.7045860173133174,-0.03107597051667399,-0.07974594977817817
2020-04-07,31.8700008392334,23.6299991607666,-0.8721453386510447,-1.150097464143476,-2.655142126164157,-1.8860828571827013,-2.1859359080917087,-0.7517316982277022,-1.5305075953095408,-0.03570343192334968,-0.0939417473200399
2020-04-08,32.84000015258789,25.09000015258789,-0.996726945093178,-1.0031573575087702,-2.7478246553215686,-2.0102304361654784,-2.2248159562634,-0.4252078285547101,-1.603973688350486,0.03043612449988964,0.0617859095926403
2020-04-09,31.479999542236328,22.760000228881836,-1.2834707551399842,-0.8916374779598057,-2.235819812349271,-2.005652325111012,-1.6227057994890424,-1.2869897396054608,-1.6185749689477913,-0.041412929477236626,-0.09286567993367378
2020-04-13,31.739999771118164,22.40999984741211,-1.136930661438379,-0.8934117467189648,-2.013404953017019,-2.152362205191481,-1.7231072412015165,-0.570163549000814,-1.7281239225933795,0.008259219589028088,-0.015377872493409939
2020-04-14,29.600000381469727,20.110000610351562,-1.2120641099495386,-0.9618582613972892,-2.7069676472291127,-2.3070814875858794,-1.4691875746224303,0.3375636036406615,-1.480294723258892,-0.0674227915904313,-0.10263271988938227
2020-04-15,27.690000534057617,19.8700008392334,-1.2685485191235646,-0.8838386475780784,-3.3834445710532854,-1.9708333739233337,-1.4952169540902216,-0.3168258661910248,-1.6061836344040046,-0.06452702104043928,-0.011934349270711797
2020-04-16,27.81999969482422,19.8700008392334,-1.1399453179184766,-0.8419599933372865,-3.5458535390082813,-2.01863507409127,-1.291252816185969,-0.1212862489266854,-1.5142170848868677,0.004694805282026149,0.0
2020-04-17,28.079999923706055,18.270000457763672,-0.7471889111749149,-1.282941553641096,-3.266607675702551,-1.808912568423632,-2.0269729664223104,-1.1519876516762644,-1.4892835204043724,0.009345802722284358,-0.08052341791101081
2020-04-20,25.56999969482422,-37.630001068115234,-3.3379087849632088,-0.7388987317226104,-2.7950301507783775,-2.3147501608341767,-2.298940451142958,0.0352851357237461,-1.6291553515603436,-0.08938747278139458,-3.059660652724544
2020-04-21,19.329999923706055,10.010000228881836,-1.6209655514612928,-0.8315594081130975,-3.1617467472129603,-2.1454872289229336,-1.8625745719524232,-0.1549030566646786,-1.5761378045949657,-0.2440359736250306,-1.2660111598392576
2020-04-22,20.3700008392334,13.779999732971191,-1.4036782895812747,-0.7704639282606288,-3.2819804065370763,-1.9885397185479472,-1.5211879059449482,0.1550627005339214,-1.4727590988513708,0.053802427296024025,0.37662331847024166
2020-04-23,21.329999923706055,16.5,-1.1951657563416762,-0.6792325109339626,-2.0296065423620337,-1.9409012978791589,-1.275456473795016,-0.4275750074294431,-1.537424148646816,0.04712808271581714,0.1973875413452082
2020-04-24,21.440000534057617,16.940000534057617,-1.5380663564318922,-0.628609022163546,-2.258852982203132,-1.890330315011272,-1.6254920188957749,-0.724460214931733,-1.411448566584838,0.005157084423113689,0.026666699033794927
2020-04-27,19.989999771118164,12.779999732971191,-0.9066515201447696,-0.5892151699325241,-2.6105091949368995,-2.015290370855251,-2.5742228017287254,-0.4600247116841917,-1.39906751350919,-0.0676306309151492,-0.24557264875658102
2020-04-28,20.459999084472656,12.34000015258789,-0.8246929302514896,-0.446772452471453,-2.7550150146538246,-1.9333325712245155,-1.355321149611566,-0.5390652674716779,-1.2638865080360246,0.023511721797693674,-0.03442876287768171
2020-04-29,22.540000915527344,15.0600004196167,-0.901634191174885,-0.5394960013178826,-3.110053258434198,-1.970019104309169,-0.6950237995349798,-0.556272962065803,-1.2863251676590837,0.1016618731245802,0.22042141275487603
2020-04-30,25.270000457763672,18.84000015258789,-1.0373954616438663,-0.3912891107666852,-2.5729923277926248,-1.84743748801601,-1.101138717570056,-0.3404962460178195,-1.3797955020987034,0.12111798719385525,0.25099599121175853
2020-05-01,26.440000534057617,19.780000686645508,-1.4588277022640987,-1.0837107342717025,-2.19436452243378,-1.841627621800208,-1.63897964284665,-0.5624343612818117,-1.4432235394983532,0.04629996260781577,0.0498938708303831
2020-05-04,27.200000762939453,20.389999389648438,-0.87627014272793,-1.1222574197891035,-2.4634576254724374,-2.0838149562027373,-1.650722374828992,0.0414552646799903,-1.3894218491629615,0.02874433485365757,0.030839164905326344
2020-05-05,30.969999313354492,24.559999465942383,-0.8054049321737757,-0.7580833597204013,-3.1465696158975724,-1.8695664884365375,-1.6138529168089126,-0.120789395608585,-1.3693232504405743,0.1386028839951996,0.204512025557537
2020-05-06,29.719999313354492,23.989999771118164,-0.922580247090994,-0.3652447334361002,-2.447449242458158,-1.8202097534145787,-1.577845197871971,-1.043720198002702,-1.303372564931685,-0.040361641191932196,-0.02320845713431885
2020-05-07,29.459999084472656,23.549999237060547,-0.807159677070017,-0.4841807467258976,-1.8199134876541692,-1.8355734960246008,-1.572664608458171,-0.7752191350174932,-1.5940124813915058,-0.008748325534617574,-0.018340997843082074
2020-05-08,30.969999313354492,24.739999771118164,-1.0600902492758897,-0.2136089375258686,-1.836975821494358,-1.4790730816857165,-2.6257953106963177,-1.7671480701258648,-1.4623134236593394,0.05125594962009705,0.05053080987726388
2020-05-11,29.6299991607666,24.139999389648438,-0.612506042869915,-0.6478299945980545,-2.622465016165063,-2.259202435587919,-1.8618665403242172,-0.9194107491557868,-1.4097279135667182,-0.043267684284709396,-0.024252238763970202
2020-05-12,29.979999542236328,25.780000686645508,-0.860939597205484,-0.6757750178477073,-2.563545828573935,-2.2743457575104773,-1.6377065179123738,-0.8191134046109809,-1.3933112813378226,0.01181236555460874,0.06793708941435694
2020-05-13,29.190000534057617,25.290000915527344,-0.9153411496438416,-0.6447223008443258,-2.9116186889096656,-1.8989754200507052,-1.9050925416874247,-1.283958653740363,-1.5497066033944802,-0.026350867919985976,-0.0190069727721921
2020-05-14,31.1299991607666,27.559999465942383,-0.668274710934775,-0.4561352878124668,-2.59332730803532,-1.880184157997812,-0.981992441842278,-1.13857846388239,-1.566216205762702,0.06646106855823719,0.08975873737597717
2020-05-15,32.5,29.43000030517578,-0.8005848152972685,-0.671556983476355,-2.3784410293390925,-1.809309147280492,-1.299835019901446,-1.3867531305886565,-1.4090070333295666,0.04400902268446005,0.06785199112736828
2020-05-18,34.810001373291016,31.81999969482422,-1.4487440761261825,-0.3754090756178604,-3.054916396575099,-1.7913924519477955,-1.1250274824003248,-0.3133884851356465,-1.355408795835389,0.07107696533203134,0.0812096284357875
2020-05-19,34.650001525878906,32.5,-0.5959595473498942,-0.3497834567032967,-2.615769836617638,-1.836821588653675,-1.1195089440718191,0.0360832051092614,-1.141449292161702,-0.004596375785692275,0.021370217212365095
2020-05-20,35.75,33.4900016784668,-0.5082228849375819,-0.1884050457709824,-2.343909152282029,-1.7355128593456677,-1.7576995252515897,-0.1296763645544224,-1.2559151125600272,0.03174598631112735,0.03046159010667071
2020-05-21,36.060001373291016,33.91999816894531,-0.7889420200678846,-0.2443685643173781,-2.2433689002010824,-1.8307833973512049,-1.1701190502962973,-0.0759098510847559,-1.4884406992342727,0.00867136708506333,0.012839548191333483
2020-05-22,35.130001068115234,33.25,-1.026723500461299,-0.452283850768191,-0.0913967396013074,-1.85500543681867,-1.284566514627414,-0.3087453001224697,-1.3613698458360763,-0.025790356898450217,-0.01975230557526131
2020-05-26,36.16999816894531,34.349998474121094,-0.9975189587747738,-0.1886299019782231,-2.401941234506664,-1.83448742425834,-1.3456529649746038,-0.8202968603397776,-1.2742374563631245,0.029604243359218074,0.033082660875822345
2020-05-27,34.7400016784668,32.810001373291016,-1.2202652492202914,-0.1400390296889687,-2.912856748039289,-1.6547894418038482,-1.2641457422425626,-0.3168270254009893,-1.4335110674084734,-0.03953543165247586,-0.04483252312195285
2020-05-28,35.290000915527344,33.709999084472656,-0.7675453786316326,0.1689577960274863,-2.27665043616116,-1.76225377750699,-0.7832826952183896,-0.0105675982945604,-1.507153206693156,0.0158318713439054,0.027430590475814087
2020-05-29,35.33000183105469,35.4900016784668,-0.8243106268513484,0.0274346034648392,-2.2952888317458773,-1.7382324931095865,-1.4880330947741172,-0.3109822956154179,-2.0013787176275275,0.0011334914845453348,0.05280340084061397
2020-06-01,38.31999969482422,35.439998626708984,-1.1002700746835834,0.388288798263888,-2.1631646452291022,-1.1441271438685874,-1.0147168077668058,0.2857303825420414,-2.8229076621915414,0.08463056067948904,-0.0014089334852905866
2020-06-02,39.56999969482422,36.810001373291016,-0.8409857371999218,0.1884001595619483,-2.0445511065067428,-1.5257609819385198,-1.475997384460572,0.1825005574851206,-2.777809935503835,0.03262004201343549,0.03865696387328699
2020-06-03,39.790000915527344,37.290000915527344,-1.1701047008546597,0.0246119318180401,-2.141654508645489,-1.6645848396752618,-1.2799883287367693,-0.0613832085253197,-2.3704224723496434,0.005559798392717807,0.013039921877987526
2020-06-04,39.9900016784668,37.40999984741211,-0.8715852909526817,-0.3111898092247462,-1.5416819920247682,-1.7774124916593816,-1.4019124090343176,0.1332716805027138,-2.4287195650746005,0.005026407598332172,0.0032179921946529078
2020-06-05,42.29999923706055,39.54999923706055,-1.0753651669234066,0.0677948086618706,-2.149805700051054,-1.6415350676529692,-1.293627159224745,-1.2078867877307549,-2.0596451139434286,0.05776437763536291,0.05720394007957941
2020-06-08,40.79999923706055,38.189998626708984,-0.9908694504611552,0.1487656719186445,-2.4678900511051016,-1.8555467725318675,-1.4597248796108593,0.1107762865455461,-2.0852508779830856,-0.03546099354738985,-0.03438686818171077
2020-06-09,41.18000030517578,38.939998626708984,-1.0238214993238324,-0.1628216086229768,-2.8152696454906616,-2.234435411353336,-1.3854878549338203,-0.0520835365592474,-1.8294122366297785,0.009313751843653462,0.01963864956715322
2020-06-10,41.72999954223633,39.599998474121094,-0.8557605899490922,0.2641808645250123,-2.4422751555517377,-1.9518532088262763,-1.4754357915051943,0.3419363374813345,-1.7074676739914714,0.013355979431389553,0.01694914922157742
2020-06-11,38.54999923706055,36.34000015258789,-0.8010211928663283,0.1255023129440276,-2.3102248668769847,-1.5360973585799922,-1.3521467169344996,-0.6054515565373819,-1.6523654643977057,-0.07620417781114985,-0.08232319310980873
2020-06-12,38.72999954223633,36.2599983215332,-0.9844859605027256,-0.0208134091678196,-1.8340171763922488,-1.0628500116013406,-1.5523033257254617,-1.1127143601646596,-1.7001423115767873,0.004669268709160734,-0.0022014813076161044
2020-06-15,39.720001220703125,37.119998931884766,-0.8735802042195896,-0.3451841995965732,-2.995734459230728,-1.8994236991078783,-1.4533076571625605,0.4180315646035581,-1.579562069005531,0.025561623810172573,0.02371761307669029
2020-06-16,40.959999084472656,38.380001068115234,-0.7983258139523198,-0.7032177336955487,-4.280478172979096,-1.6640777981267278,-1.576393755368093,-0.404400786822224,-1.5312918912657945,0.031218474966290044,0.03394402404328112
2020-06-17,40.709999084472656,37.959999084472656,-0.8363322375063736,-0.6990898067747978,-2.3444387450038007,-1.725476675313326,-0.9912501032382086,0.0252627975524702,-1.5036499623740764,-0.006103515761424205,-0.01094325096284332
2020-06-18,41.5099983215332,38.84000015258789,-0.6598237281198966,-0.4790920942784227,-2.5617624031562496,-1.7070094368862814,-0.813129178054762,-0.015309757007269,-1.5198706923508876,0.019651173054574533,0.023182325851930585
2020-06-19,42.189998626708984,39.75,-1.4611059922876033,-0.2336866183128196,-2.5269375008204507,-1.5247376978848244,-1.1518194624404792,-0.9288829597210708,-1.368626220914949,0.016381602810690454,0.023429450150284747
2020-06-22,43.08000183105469,40.459999084472656,-0.8908198804291364,-0.1006663131141389,-2.5732066498409285,-1.6637105346324057,-1.0956633220431875,-0.9921843610021814,-1.4556535283825844,0.021095122856493065,0.017861612187991316
2020-06-23,42.630001068115234,40.369998931884766,-0.904880152734451,0.1083531817600246,-2.229054260612646,-1.3616231658104838,-1.3543866662876252,0.3065759173793757,-1.5189514951859684,-0.010445699717103185,-0.0022244230010975974
2020-06-24,40.310001373291016,38.0099983215332,-0.9044426790457122,0.0236406948073429,-2.263379819697871,-0.9320502751727624,-0.9929272278520545,0.3896423420277778,-1.6512493965577686,-0.054421760185210166,-0.058459268585404955
2020-06-25,41.04999923706055,38.720001220703125,-0.7535956851537636,-0.2077476812679029,-2.4449776362795594,-1.2914481763043808,-0.6688646920133712,-0.1479662793180081,-1.519540093545646,0.018357673990550882,0.018679372021116247
2020-06-26,41.02000045776367,38.4900016784668,-0.6668129032725322,-0.6625263581228683,-2.9128281481120166,-1.5152648717612556,-1.447484342106564,-0.5987575602875514,-1.5075486178660564,-0.000730786354553481,-0.0059400706349500565
2020-06-29,41.709999084472656,39.70000076293945,-0.3820959520162522,-0.5230356101183175,-3.728597201607316,-1.3660656041452703,-0.9525802756211634,0.4266361548735901,-1.539314586276748,0.01682102922986184,0.03143671165775985
2020-06-30,41.150001525878906,39.27000045776367,-0.4459262489692993,-0.618402695919034,-2.679944269511292,-1.3022244895887476,-0.736512940429686,0.0968444317870504,-1.2477333988108898,-0.013425978683423656,-0.010831241735823616
2020-07-01,42.029998779296875,39.81999969482422,-0.2571114646936482,-0.3536442643308656,-2.3306382299297885,-1.2425161549979935,-0.7535967884635437,0.2935386294359174,-1.2777588150090406,0.021385108646096773,0.014005582649587511
2020-07-02,43.13999938964844,40.650001525878906,-0.933877261753141,-0.3362247404800639,-2.3224058572360784,-1.0241311487168638,-1.1375674444250992,0.29190823866167,-1.4166072843253323,0.026409722640732713,0.020843843229927828
2020-07-06,43.099998474121094,40.630001068115234,-1.0536005703429812,-0.6578464052841027,-2.526683541835248,-1.9103279054755349,-1.619637791389314,-0.2832165297331298,-1.433340718759228,-0.0009272349581196382,-0.000492016162679354
2020-07-07,43.08000183105469,40.619998931884766,-0.7482015590388847,-0.5273064260099439,-2.7307043852323685,-2.0438369567083527,-1.0971328432685763,-0.2599233160472311,-1.3799954301215922,-0.000463959252305135,-0.00024617612521593557
2020-07-08,43.290000915527344,40.900001525878906,-0.93213886954855,-0.1780192487885648,-2.5368811891407903,-1.5086503518408565,-0.798027406149519,0.4640697995898666,-1.3866337245659477,0.004874630351600295,0.006893220122030863
2020-07-09,42.349998474121094,39.619998931884766,-1.051201476008054,-0.1846205664844669,-2.8545134247873416,-1.7663876752748018,-1.1125553774065602,-0.0130532173421401,-1.4204130847398453,-0.021714077651337926,-0.03129590577604835
2020-07-10,43.2400016784668,40.54999923706055,-0.9672421922114188,-0.2350331850855753,-2.642306789517404,-1.637988995143968,-0.7399341157383522,-0.0414904543048404,-1.4408529176935867,0.02101542470868223,0.02347300177303513
2020-07-13,42.720001220703125,40.099998474121094,-0.8308538056923325,-0.3652547419161058,-2.0596342314173324,-1.8030887347032971,-1.5656526302078944,-0.0533909020388619,-1.557410612316017,-0.012025912062409327,-0.01109742962777116
2020-07-14,42.900001525878906,40.290000915527344,-0.8215400673952442,-0.4770370533413134,-2.1250227428429285,-1.8669862499905687,-1.2550917131025878,0.1971014800680838,-1.6466671737634844,0.00421349016929673,0.0047382156767130645
2020-07-15,43.790000915527344,41.20000076293945,-0.7650970412789999,-0.2499703185300381,-2.400502238182435,-1.622203741819684,-0.9179851937469452,0.3172976837642002,-1.416103978963204,0.020745905780715557,0.022586245389272452
2020-07-16,43.369998931884766,40.75,-0.6575997224241243,-0.1253390120932372,-2.5559580302368614,-1.8911517374638105,-1.211402008900043,-0.1276177957828062,-1.4987531310419122,-0.00959127597308751,-0.01092234841277584
2020-07-17,43.13999938964844,40.59000015258789,-0.6982608751589984,-0.0766013329794884,-2.3180080237468945,-1.8387458922453903,-0.6410301456996162,-0.6956092824977721,-1.5376025073533337,-0.005303194556162127,-0.003926376623610062
2020-07-20,43.279998779296875,40.810001373291016,-1.1616133660384296,-0.1749026469471612,-2.386132612904772,-1.5855940507167807,-0.5781497943292406,0.1027095690269978,-1.5156832137895226,0.003245233927426261,0.005420084254153412
2020-07-21,44.31999969482422,41.959999084472656,-0.866600708954101,-0.0019219081533408,-2.383500019002443,-1.8004862890653108,-0.3811440470786803,0.5233164814217808,-1.5839205797875948,0.024029596692706656,0.028179310769008703
2020-07-22,44.290000915527344,41.900001525878906,-0.8800593000884803,0.1844738183454779,-1.947747417966532,-1.6594470366081844,-0.3100272688779579,0.0524465897022517,-1.8643305518142104,-0.0006768677685793367,-0.0014298751168455581
2020-07-23,43.310001373291016,41.06999969482422,-0.8339211620603519,0.2157097923434935,-2.8046300099311434,-1.4792818158917893,-0.3121128394310713,0.4733991078797564,-1.720005946593948,-0.022126880153049533,-0.01980911219160819
2020-07-24,43.34000015258789,41.290000915527344,-1.068684742389478,0.243401953033956,-2.1092736258998115,-1.427670620578534,-0.1966866355038805,0.0628552497245931,-1.7397782059933844,0.0006926524669974565,0.005356737821715862
2020-07-27,43.40999984741211,41.599998474121094,-0.8412944610493878,0.1813652245303951,-3.257049648072581,-1.653335813622336,-0.3659508595194914,0.585179443816678,-1.5869247358611156,0.0016151290857815415,0.007507811860502311
2020-07-28,43.220001220703125,41.040000915527344,-0.6741786311699467,0.1199961725428336,-2.993615324081328,-1.417439682192874,-0.9245412486759984,0.412088405425014,-1.5782552181483374,-0.004376840068574972,-0.01346148026765237
2020-07-29,43.75,41.27000045776367,-0.5053941653371227,-0.0021782330497528,-2.129681792487196,-1.544497101775261,-0.6334165216151506,0.5252022455772947,-1.4532582791734847,0.012262812686895552,0.005604277219918519
2020-07-30,42.939998626708984,39.91999816894531,-0.5325463646417086,0.0929844530361148,-2.4578684323401774,-1.9734585362892976,-0.421130494860492,0.882699470015798,-1.5796046560937067,-0.018514317103794697,-0.032711467745195955
2020-07-31,43.29999923706055,40.27000045776367,-0.7794405105903995,0.1211783084179845,-2.2336299451824724,-1.814923906765008,0.0476123193982024,1.065132244005394,-1.8263380035566463,0.008383805818932721,0.008767592807422453
2020-08-03,44.150001525878906,41.0099983215332,-0.7738253874810145,0.1246533994121222,-3.185443106164347,-1.5609353106020007,-0.863720594508596,0.3854644818303781,-1.3632715779024207,0.01963053819388616,0.018375908998204737
2020-08-04,44.43000030517578,41.70000076293945,-0.5177509904198827,0.0281632848786977,-2.7186984896528066,-1.7104669245490174,-1.5449402428402568,-0.2574945447130133,-1.414726861701606,0.006341987986857811,0.016825224814602135
2020-08-05,45.16999816894531,42.189998626708984,-0.7953002225939065,0.0543923698610409,-3.5388833193323967,-1.9842324054428808,-1.0270396851953465,-1.9817996294766265,-1.3908417097972805,0.01665536481401575,0.011750548076848277
2020-08-06,45.09000015258789,41.95000076293945,-1.088923753148336,-0.0124247986092171,-2.607455520624933,-2.0764569607407126,-1.7206647807137343,-0.933084993723426,-1.5500899507535395,-0.001771043161396868,-0.005688501341111651
2020-08-07,44.400001525878906,41.220001220703125,-1.3035881627910113,-0.1000966454604296,-2.844252720048237,-1.8751650820896368,-2.345489060298664,-3.5100914468553293,-1.525513233055935,-0.015302697369127927,-0.01740165742455102
2020-08-10,44.9900016784668,41.939998626708984,-0.8407606127035477,-0.0932787412327924,-2.8716280020141327,-2.0855460743027785,-0.5455588285899095,0.0954794580902932,-1.4769545849012686,0.013288291268278574,0.01746718546054371
2020-08-11,44.5,41.61000061035156,-0.8163465996157895,0.0859030811888725,-3.931086635037623,-1.3362559551204676,-0.7866871337455573,0.012305947275299,-1.3727417335737224,-0.010891346081041031,-0.007868336365353779
2020-08-12,45.43000030517578,42.66999816894531,-0.5964617808945676,0.1524409658559006,-3.400142409752166,-1.4217889714255771,-0.4107843537794868,-0.479185641701903,-1.0748188660169904,0.0208988832623771,0.025474586470687344
2020-08-13,44.959999084472656,42.2400016784668,-0.779101647813682,-0.1535439697714436,-3.170607106800416,-1.6874622896878189,-0.6686627552975792,1.0306341455069028,-1.0624006738294165,-0.01034561341725504,-0.010077255892442571
2020-08-14,44.79999923706055,42.0099983215332,-0.7581720945067544,0.1460002219745277,-2.4702320129963584,-1.652091305697944,-0.5457482446878312,0.8019034122528964,-1.291817496694471,-0.0035587155398179027,-0.005445155014064396
2020-08-17,45.369998931884766,42.88999938964844,-0.9330362844509444,0.2395992508377425,-2.5683447410553883,-1.65545189495373,-0.4003631155169069,0.1370504934621547,-1.378000575965027,0.012723207690429783,0.020947419739937745
2020-08-18,45.459999084472656,42.88999938964844,-0.8935760370387528,0.1704370202531923,-2.055398603731237,-1.9408455268805456,-0.5811976399891803,0.463417992826467,-1.1774805111055813,0.0019836930726626623,0.0
2020-08-19,45.369998931884766,42.93000030517578,-0.6351433833327603,0.1921996672941232,-5.119632706615352,-1.6923175803399273,-0.1771342745765269,-0.2102814503786286,-1.169644100656074,-0.001979765824910218,0.0009326396851616625
2020-08-20,44.900001525878906,42.58000183105469,-0.6709241807394317,0.2926063740552601,-3.3986210972506803,-2.7412070703808995,-0.1412578266421787,-0.3995359307585086,-1.4584842863155467,-0.010359211308589189,-0.008152771293572503
2020-08-21,44.349998474121094,42.34000015258789,-0.816940257296427,0.465174859905758,-3.1554581893217377,-2.2086584744846944,-0.6506668405431635,-0.6736920656544224,-1.5668553847707547,-0.012249510758720272,-0.005636488213858093
2020-08-24,45.130001068115234,42.619998931884766,-0.5000081282067286,0.6056118674728336,-1.9069150512395725,-1.9361884854753937,-0.0907922045679454,0.2690753365432201,-1.460802688538038,0.01758743226224202,0.006613102935469906
2020-08-25,45.86000061035156,43.349998474121094,-0.3135288293606872,0.5474421832346735,-1.944393947355477,-1.8814947684918863,-0.3131167893679288,0.3755313278372778,-1.3690255836566227,0.01617548249410694,0.017128098557745552
2020-08-26,45.63999938964844,43.38999938964844,-0.5959536263387823,0.5562646136223586,-2.0136451357744543,-1.6657259143776642,-0.3555229608066114,0.6468208463384258,-1.6333281846285947,-0.0047972354508313275,0.0009227431818994436
2020-08-27,45.09000015258789,43.040000915527344,-0.6752549129859182,0.4753250352001226,-2.036155385354312,-1.5312645795145536,-0.5284803850982962,0.7153210762123984,-1.8556793798556055,-0.012050816047672663,-0.008066339687586965
2020-08-28,45.04999923706055,42.970001220703125,-0.8619867873225602,0.5622206302479833,-2.28249487174335,-1.7546134587350484,-0.7321178092446926,0.7126458728201813,-1.7058087656298473,-0.0008871349610107826,-0.0016263869269335096
2020-08-31,45.279998779296875,42.61000061035156,-0.5869879264925534,0.2852970794898845,-2.474157436367256,-1.5200208968035398,-0.2653066105074197,0.1420045388341836,-1.3453383727586092,0.005105428327002448,-0.008377952062475491
2020-09-01,45.58000183105469,42.7599983215332,-0.4390527030691062,0.1707967827027267,-3.249631075858048,-1.509687134886465,-0.7456091391140339,-0.0253582681813336,-1.4105292855167744,0.006625509272208285,0.0035202466330217508
2020-09-02,44.43000030517578,41.5099983215332,-0.4039953983252735,0.1950968203146095,-3.6569198777642633,-2.064344335493288,-0.0164268924104384,0.389282941154493,-1.3022255768454414,-0.02523039665819815,-0.029232929117551487
2020-09-03,44.06999969482422,41.369998931884766,-0.6403439774920244,0.1393829857296576,-2.6611899872614098,-2.036994680983452,-0.4096215745147244,-0.067726739394981,-1.38797048773522,-0.008102647037560917,-0.003372666714269945
2020-09-04,42.65999984741211,39.77000045776367,-0.702839543829938,0.2263919875717866,-1.5790890098807868,-1.711956701997331,-0.4336863346476586,-0.1754856142143438,-1.5933449215180315,-0.03199455087760539,-0.038675332739444235
2020-09-08,39.779998779296875,36.7599983215332,-0.6969044533617458,0.0223063058308748,-2.746362155945595,-2.1140176992313267,-1.3045363018881462,-0.2727348243964677,-1.2896658251767137,-0.0675105738025441,-0.07568524268505195
2020-09-09,40.790000915527344,38.04999923706055,-0.5108418131937885,0.1690694050812457,-3.490855929697003,-1.7910951392812855,-0.6674399675058503,2.1764058097697663,-1.2846928516235654,0.025389697516936982,0.03509251834681648
2020-09-10,40.060001373291016,37.29999923706055,-0.355329496812612,0.4127206187734346,-2.993177925748701,-1.809864566503932,-0.4339704688580927,0.5775828077963727,-1.373300214034707,-0.017896531646275138,-0.01971090709693113
2020-09-11,39.83000183105469,37.33000183105469,-0.6533658027542117,0.3948248961368404,-1.9832988345621287,-1.6884525635823442,-0.649517894905127,0.08595133805778,-1.5323580201021147,-0.0057413762943521185,0.0008043591047672827
2020-09-14,39.61000061035156,37.2599983215332,-0.4030444364437957,0.191462828690051,-2.495454565852353,-1.499584344617278,-0.288314311101492,-0.3218142417538602,-1.347899294501782,-0.005523505161669218,-0.0018752613471143542
2020-09-15,40.529998779296875,38.279998779296875,-0.2945972670440363,0.2608831498151301,-2.7908478933049454,-1.519411830541922,-0.40334006935852,0.9375202317344185,-1.279114474691717,0.023226411380182777,0.027375214807086934
2020-09-16,42.220001220703125,40.15999984741211,-0.583865562593512,0.302590538262521,-2.3995130877361674,-1.534833450443788,-0.1379470005675442,0.7695418127483556,-1.3667891253586693,0.041697569511635946,0.049111837201311515
2020-09-17,43.29999923706055,40.970001220703125,-0.3516779024318872,0.2852120375982535,-2.5356331734646176,-1.6583856790564535,-0.4041798300278248,0.2519527839344178,-1.349256447376288,0.0255802459765877,0.020169356981290187
2020-09-18,43.150001525878906,41.11000061035156,-0.5792879271207327,0.138419935851985,-2.631897895959203,-1.5065476431197309,-0.7634992918424532,-0.2040207903497368,-1.3112078531091655,-0.0034641504347477925,0.003417119489312892
2020-09-21,41.439998626708984,39.310001373291016,-0.3243326278945311,0.3786480889603562,-3.100850104317665,-1.6007358628825366,-0.1736600313359181,0.5205297666558433,-1.2119170343332522,-0.03962926625030039,-0.043784947952720366
2020-09-22,41.720001220703125,39.599998474121094,-0.7409050590397159,0.0779130235242687,-2.9460486396532044,-1.5401499684217066,0.6118269814902819,0.0710149445925968,-1.2526510291194306,0.006756819577056428,0.007377183686060995
2020-09-23,41.77000045776367,39.93000030517578,-0.5782572038595322,0.3403568877543362,-2.9342815856305884,-1.745341439368373,0.5708715119385109,0.3028984651791303,-1.2261990196469783,0.0011984476413613443,0.008333379893192383
2020-09-24,41.939998626708984,40.310001373291016,-0.5460668386997064,0.0648143031116516,-2.3712057839628855,-1.311213015673558,-0.1967952956160326,0.311827542338146,-1.3969115522626632,0.004069862750353703,0.00951668082171242
2020-09-25,41.91999816894531,40.25,-0.6645211681118365,0.2507333690875296,-2.58499020323927,-1.7716043211563883,-0.1643912158685603,-0.1647058368682845,-1.360926311361926,-0.0004768826518495306,-0.0014884984184290184
2020-09-28,42.43000030517578,40.599998474121094,-0.0426766409728552,0.4457637247022373,-3.967400821485157,-2.101690503452752,-0.5645746236627209,0.1635695373445085,-1.4667154388901544,0.012166082025458769,0.008695614263878104
2020-09-29,41.029998779296875,39.290000915527344,-0.9096179173104756,0.2365414708156625,-2.377518739116637,-2.006214212802086,-0.2550974482032265,0.382952956406748,-1.3529029313056018,-0.03299555776124108,-0.03226595093171636
2020-09-30,40.95000076293945,40.220001220703125,-0.5918440460698065,0.3300774714323138,-2.4805794312978584,-2.0828324136317846,-0.2189799970999477,0.4172427831763797,-1.3809333743842251,-0.001949744546368093,0.02367015229078917
2020-10-01,40.93000030517578,38.720001220703125,-0.7803062518800092,0.2050767341263227,-2.2597589857961355,-2.141830823967763,0.111062968311451,0.4056730673312016,-1.208336322428876,-0.0004884116579009223,-0.03729487703814094
2020-10-02,39.27000045776367,37.04999923706055,-0.5013584256768585,0.104121834138413,-2.251158723251202,-1.972335977214583,-1.286244855271026,-0.1464032442587054,-1.6338044407203034,-0.04055704458917864,-0.0431302151599533
2020-10-05,41.290000915527344,39.220001220703125,-0.2220900896776335,-0.0324158613509892,-2.6947469627849023,-1.7704846292892766,-0.5294200709661944,0.252273428143617,-1.128654180643454,0.05143876837832617,0.05856955542044817
2020-10-06,42.650001525878906,40.66999816894531,-0.2799548431265495,0.086821021457232,-3.037961528756701,-2.2535379063114407,-0.1716348175900236,0.5564854320013148,-1.3116445563040435,0.03293777137796394,0.03697085423538371
2020-10-07,41.9900016784668,39.95000076293945,-0.3702527489013124,-0.0136591335353167,-2.1784611644079104,-2.059648747433222,-0.0825258889857313,1.1835711043611097,-1.2270130217713886,-0.015474790710420905,-0.017703403944474116
2020-10-08,43.34000015258789,41.189998626708984,-0.4192248983220492,0.2053173602180719,-2.8965572411455054,-1.7749820137145698,0.3743059117332346,0.5293229574485541,-1.371990326250566,0.03215047440241947,0.031038744432762222
2020-10-09,42.849998474121094,40.599998474121094,-0.5450852595799097,0.2383088554498532,-2.027662131256221,-1.924916300538045,-0.7709413239950125,-1.9704158491722736,-1.5432390270709977,-0.011305991618404287,-0.014323869197832795
2020-10-12,41.720001220703125,39.43000030517578,-0.7868800705899411,0.1521687977744468,-1.62556163334446,-2.159568476292889,0.1431475304892844,0.1750055135455667,-0.9057817498537682,-0.02637099868510895,-0.028817689973340332
2020-10-13,42.45000076293945,40.20000076293945,-0.5078707808209197,-0.083319929286712,-1.365586577467959,-2.1274537484292453,-0.1394691754563376,0.5700595716884965,-1.168526686156929,0.017497591583819805,0.01952828941932827
2020-10-14,43.31999969482422,41.040000915527344,-0.9672637639786879,0.0318492782320912,-1.9012641736876807,-1.5328510501026753,0.0614895676316991,0.220679610979009,-1.0955459557378575,0.02049467411657413,0.020895525787210767
2020-10-15,43.15999984741211,40.959999084472656,-0.5676503339142687,0.1921822969563813,-2.1311172240830283,-2.3677921608567183,-0.4441727466910458,0.4928926558767855,-0.9658408114006378,-0.0036934406403337228,-0.001949362311646996
2020-10-16,42.93000030517578,40.880001068115234,-0.6544278461031783,0.2878416688390735,-1.4329417427424886,-2.1056649899535587,-0.2750761743043916,-0.0424702061499542,-1.343195640435752,-0.005328997753694775,-0.0019530766148807555
2020-10-19,42.619998931884766,40.83000183105469,-0.3716108156636362,0.1144348966394247,-2.3623665711904223,-2.1991514210554337,-0.2436736806220702,0.687419625445458,-1.0421753639594222,-0.007221089473266162,-0.001223073281657605
2020-10-20,43.15999984741211,41.459999084472656,-0.6511812438873626,0.2548344118627489,-2.507793014350837,-1.8708383859688615,-0.0491385416667718,1.0843725589567283,-1.0508801191762047,0.01267012972924686,0.015429763045927691
2020-10-21,41.72999954223633,40.029998779296875,-0.5554765687158527,0.215747159361034,-1.9608470232005613,-1.7715123466146463,0.3215813260423546,1.0574696713667662,-1.0762559844971535,-0.03313253730841992,-0.03449108385801525
2020-10-22,42.459999084472656,40.63999938964844,-0.6083632263348023,0.2140015685074254,-1.6638475800315526,-1.8077139322525384,-1.0475606601660332,0.8210528501464324,-1.1570302431662562,0.017493399239016716,0.015238586783746122
2020-10-23,41.77000045776367,39.849998474121094,-0.8230032061666883,0.0653146719166132,-2.311561388222614,-2.0969185384122326,-1.018386412959112,0.135315384631074,-1.5303986984675824,-0.016250556796674864,-0.01943899919763703
2020-10-26,40.459999084472656,38.560001373291016,-0.3988576883616634,-0.010745714829785,-3.405347914805552,-2.098727402304887,-0.539920158247469,-0.0364403040105027,-1.167350998182329,-0.031362254223953,-0.032371321210157955
2020-10-27,41.20000076293945,39.56999969482422,-0.161288904322251,0.0905975083623854,-3.160270300638029,-1.85043906093054,-2.0960410351418672,-0.1936949797142066,-1.2246413685323758,0.018289710707155793,0.02619290159654364
2020-10-28,39.119998931884766,37.38999938964844,-0.4320266084394461,0.2560691736392875,-2.8305062492504214,-1.712158330549446,-0.1040124918357619,-0.0010449617818318,-1.3707048803926385,-0.050485480401391336,-0.055092249734359444
2020-10-29,37.650001525878906,36.16999816894531,-0.3979837666232874,0.4024861426619008,-2.341052808672341,-1.8193391833801968,-3.316082894697885,-0.0078023937176284,-1.3051561079279184,-0.03757662183389621,-0.032629078379736165
2020-10-30,37.459999084472656,35.790000915527344,-0.1564221669859098,0.5303188359800594,-2.836220140946004,-2.1986673003438315,-3.6091288539066113,-2.0915679075361524,-1.3441153487417592,-0.005046545383953105,-0.010505868749095648
2020-11-02,38.970001220703125,36.810001373291016,-0.6752614173040385,0.108860783039027,-2.0786642769045107,-1.7373597486185848,-0.1558779282613403,0.9906769912738048,-1.2770852966480832,0.04030972165336677,0.02849959294974891
2020-11-03,39.709999084472656,37.65999984741211,-0.4884611106730726,0.438855446276801,-3.5943721535967255,-1.8998763570644093,-0.725119002824662,1.6230580449136782,-1.1681440075307643,0.0189889104590637,0.023091508894586665
2020-11-04,41.22999954223633,39.150001525878906,-0.616522036464091,0.4449418070837944,-2.489513423575435,-1.449543292444096,0.0378662717045571,1.1668681631872515,-0.5573315450170788,0.038277524371890914,0.039564569423894635
2020-11-05,40.93000030517578,38.790000915527344,-0.631102379797555,0.4268203502453492,-2.0245725433963147,-1.8028305753245704,0.3360580650085022,1.1003047129107508,-0.935444497555526,-0.007276236730326069,-0.009195417530535654
2020-11-06,39.45000076293945,37.13999938964844,-0.5078171492181508,0.2589888494044232,-2.8464706693523483,-1.957409751629462,0.4207518391259928,0.9165426578038492,-1.350526777170019,-0.03615928490597098,-0.04253677460519012
2020-11-09,42.400001525878906,40.290000915527344,-0.3193744125306102,0.3498504421903974,-3.719592422993343,-1.82128327298472,-0.009249439663111,0.6597741231762972,-0.7368060055195259,0.07477821814672247,0.08481425895652728
2020-11-10,43.61000061035156,41.36000061035156,-0.6137889559415791,0.1218543962053622,-1.1048230566887716,-1.519288601672884,-0.2099744006869455,0.7550334029273961,-0.9485948356042182,0.028537713229423556,0.026557450248452463
2020-11-11,43.79999923706055,41.45000076293945,-0.4857487171075116,-0.2174843698286587,-2.2636720796005694,-1.2660566732388248,-1.7054289064450836,1.078794483306875,-0.9838340653546012,0.004356767348081325,0.002176019131038487
2020-11-12,43.529998779296875,41.119998931884766,-0.6264587242641113,0.0226609273502912,-1.5103366340460835,-1.528975417846377,-1.0840118175070037,0.1750387040500867,-0.8268840383270962,-0.006164394120245054,-0.007961443304718707
2020-11-13,42.779998779296875,40.130001068115234,-0.1510478515245004,-0.0167554353320885,-2.6214021913762022,-1.7103652142066987,-1.5577876511399198,0.7550451056346505,-1.0595579092276062,-0.017229497381853975,-0.024075824160634363
2020-11-16,43.81999969482422,41.34000015258789,-0.6058682101566205,0.2460353943061845,-2.092872087523729,-1.4684475266256871,-0.1847223136191975,1.0178348908940076,-1.015222204657884,0.024310447526956214,0.03015198236398864
2020-11-17,43.75,41.43000030517578,-0.4519059478310031,0.2386127192334197,-2.497875268425978,-1.4254899017146128,-0.4401159144370218,1.4433826846779616,-0.866868239418339,-0.0015974371362783568,0.0021770718978155745
2020-11-18,44.34000015258789,41.81999969482422,-0.3696387232839032,0.0344284829352058,-2.561688443115824,-1.4547372345915623,0.3181058982406637,1.1844384916313753,-1.1118652455782532,0.013485717773437544,0.009413453699630203
2020-11-19,44.20000076293945,41.7400016784668,-0.5843136659232876,0.4172280847859887,-2.586634664205807,-1.4920855273989784,0.040461082969129,0.9928581331242722,-1.130011989810889,-0.0031574061607274606,-0.0019129128871639978
2020-11-20,44.959999084472656,42.150001525878906,-0.6920293955536758,0.5279960615739585,-2.6115774107742857,-1.375044251889709,-0.5670817910596698,0.5369303769664493,-1.0245165110096752,0.017194531864588525,0.00982270797616236
2020-11-23,46.060001373291016,43.060001373291016,-0.3422395960337877,0.0552789027784259,-2.8862233308037486,-1.3523124941051996,0.067627162668636,0.9374551407042399,-0.810493259210318,0.024466243576910074,0.02158955668965734
2020-11-24,47.86000061035156,44.90999984741211,-0.1620323079121666,0.2893207139410662,-2.85779331424117,-1.2531128179715263,-0.5591254493132237,0.9501922091600526,-0.6310224406923468,0.03907944384266382,0.0429632702071534
2020-11-25,48.61000061035156,45.709999084472656,-0.6235865127793224,0.4943965806151449,-2.7013344713769443,-1.5809353964142865,-1.183021895276817,1.6200454887746314,-0.8975639689320004,0.015670706026647663,0.01781338765928875
2020-11-27,48.18000030517578,45.529998779296875,-0.5660643590306825,0.476837080220844,-2.9719907515056394,-1.451021676496698,-0.5480005481551506,-0.8412595188487572,-1.0320164189568422,-0.008845922645066007,-0.0039378759304531386
2020-11-30,47.59000015258789,45.34000015258789,-0.2418168887620622,-0.0030775185536437,-3.0743073667653653,-1.3766531815261691,-0.730895844453231,-0.071440275882287,-0.9296061065885401,-0.012245748211929919,-0.004173042648869529
2020-12-01,47.41999816894531,44.54999923706055,-0.3630064595245266,0.1256903569811099,-3.151769860632454,-1.2625716528691713,-0.577084948179808,1.5618173992889033,-0.8087520913345048,-0.0035722206996743333,-0.017423928382634846
2020-12-02,48.25,45.279998779296875,-0.4010789536296814,-0.0778569788361365,-2.2786040255076214,-1.183551428502811,-0.0277781659827842,1.4934354933439329,-0.8530246498437974,0.017503202511683025,0.016386073058090034
2020-12-03,48.709999084472656,45.63999938964844,-0.4461088493123331,-0.0591934344440625,-2.225225734736404,-1.3007646586702712,-0.5238627404082677,0.8703411391774544,-0.971750445931635,0.00953365978181675,0.007950543729170034
2020-12-04,49.25,46.2599983215332,-0.835075101669833,0.4035238235479858,-2.5033089945724387,-1.5312076494603055,-0.3631652376968097,0.6309433031315631,-0.992303862617655,0.011086038301722834,0.013584551712886084
2020-12-07,48.790000915527344,45.7599983215332,-0.5265162283845753,0.270489566976816,-1.6851161748472585,-1.3705826444181928,-0.4163657839489374,1.065333238439826,-0.9994997703559872,-0.009340082933454896,-0.01080847423566067
2020-12-08,48.84000015258789,45.599998474121094,-0.3560414273663458,0.2638466039991134,-1.620381314342905,-1.0303030776435933,0.245493298347677,0.5410185849695134,-0.8519254470976491,0.001024784507528853,-0.0034965002902287434
2020-12-09,48.86000061035156,45.52000045776367,-0.0003584242249799,0.3441820045584314,-2.813176172248148,-1.5134581273115155,-0.1070340482282644,1.0803424027071675,-0.8568405042017448,0.00040950978094156376,-0.0017543425226828058
2020-12-10,50.25,46.779998779296875,-0.2888081130823335,0.3358685813022279,-2.031121757770598,-1.177369599025582,-0.0751042092884674,1.3079425488145917,-0.925795625019356,0.028448615887940676,0.027680103446007465
2020-12-11,49.970001220703125,46.56999969482422,-0.2436634555896893,0.3566633417890983,-1.7189680515592118,-1.4791475968275642,0.0932393518943207,1.6535490190611242,-1.0352695924439277,-0.005572115010883061,-0.00448907845131441
2020-12-14,50.290000915527344,46.9900016784668,-0.1495575693206716,0.3577644712792611,-2.5955599425062927,-1.447194204892247,-1.5091193742732711,1.6372909331541945,-0.9597032943919354,0.006403836041765754,0.009018724208607942
2020-12-15,50.7599983215332,47.619998931884766,-0.2927556858554498,0.3360596116788442,-1.7588415014806074,-1.178260584835625,-0.7811187399201756,1.7248361459547672,-0.7394749951116794,0.009345742641669874,0.013407048966049828
2020-12-16,51.08000183105469,47.81999969482422,-0.4012744993202491,0.321706517681692,-2.37936285290091,-1.265245464444496,-0.1050092760626275,1.876311417198016,-0.8411141109249127,0.0063042458649122946,0.004199932117292304
2020-12-17,51.5,48.36000061035156,-0.3418644505910846,0.3137811981298276,-2.2249880638068724,-1.151339014269518,0.0707391392792087,1.6370597075741269,-0.9024626003717772,0.008222360099642056,0.011292365515966019
2020-12-18,52.2599983215332,49.099998474121094,-0.2403143450752681,0.5557757701205192,-1.8168373858774811,-1.2692007727074903,-0.033189024907988,0.4761124359724891,-0.9760653710637296,0.014757248961809744,0.01530185803205164
2020-12-21,50.90999984741211,47.7400016784668,-1.511895814967383,0.2503922393284834,-3.1361076732370314,-1.3318369949521454,-1.3712878487146232,0.9084012317239144,-0.926366472087235,-0.02583234821048286,-0.027698509937247873
2020-12-22,50.08000183105469,47.02000045776367,-0.8950447368762503,0.164701835295609,-2.8482471337856,-1.5424681501385302,-0.4937463442933567,0.9013331467947264,-0.8307418580602494,-0.016303241383718303,-0.015081717540615047
2020-12-23,51.20000076293945,48.119998931884766,-0.5739389069380831,0.1875562031974324,-3.461334717143338,-1.3726451971759046,-0.3333269264960384,0.7152480034282807,-1.091532890084091,0.022364195106523654,0.023394267618290998
2020-12-24,51.290000915527344,48.22999954223633,-0.5480873477681836,0.133316466267501,-2.462906065290292,-1.1039122013909686,0.2107571874720495,0.8490975848400812,-1.0185305080566271,0.001757815454038747,0.0022859645218877844
2020-12-28,50.86000061035156,47.619998931884766,-0.903635368406482,-0.4641947557756642,-2.5307831037018382,-1.3745724653299611,-2.371190912202657,1.5458806511089749,-1.2878828929224813,-0.008383706326774543,-0.012647742403923634
2020-12-29,51.09000015258789,48.0,-0.8115056635644134,-0.0864219099462793,-4.19981923734513,-1.3815573493771025,-0.2391352393718116,1.164397177423775,-1.2148997295572574,0.004522208798194871,0.007979863012151256
2020-12-30,51.34000015258789,48.400001525878906,-0.4383210677089403,0.0941507291947033,-2.71193378289126,-1.0657105674845146,-2.447424118552525,0.9971834799434482,-1.1258514648576414,0.004893325489397915,0.008333365122477288
2020-12-31,51.79999923706055,48.52000045776367,-0.6890795848906948,0.1420190165357652,-3.135901659620836,-0.6328456167408567,-1.73743073453241,-0.0212398683538424,-1.2869113356682589,0.008959857481602773,0.0024793166963146263
2021-01-04,51.09000015258789,47.619998931884766,-0.628296056485963,-0.0349102830403221,-4.445632990927536,-1.5503799919152326,0.279617727191013,1.0561626816175895,-1.3526842895995637,-0.013706546234168338,-0.018549083210795736
2021-01-05,53.599998474121094,49.93000030517578,-0.4534681371925378,-0.3169937972132381,-2.866997818999761,-1.2740000802908626,0.754472801394317,0.4684874148361754,-1.098622392378646,0.049128955060417256,0.048509059745994954
2021-01-06,54.29999923706055,50.630001068115234,-0.4058239764859516,-0.481342938184098,-3.0413711358141766,-1.1633889179857428,0.5261697711814022,0.76414434805064,-1.3323692436330914,0.01305971609826484,0.014019642672962185
2021-01-07,54.380001068115234,50.83000183105469,-0.7084467942888648,-0.0651747964604853,-2.856035838315244,-1.1758985985051738,0.1568560654227715,0.839196063006145,-2.449664481094713,0.0014733302427025752,0.003950242123644809
2021-01-08,55.9900016784668,52.2400016784668,-0.725631151709698,-0.2220967698760649,-3.0459714549504127,-1.367857844407974,-0.036663992387996,0.2353994255947756,-1.9445450647483056,0.029606483610305823,0.027739519902017173
2021-01-11,55.65999984741211,52.25,-0.636072727041453,-0.1277539444119811,-3.176540317289161,-1.4483600259328098,-0.2222908392612532,0.2629327715382251,-1.7212603359601244,-0.005893942153275655,0.0001913920599532215
2021-01-12,56.58000183105469,53.209999084472656,-0.4925528685302991,-0.2531314881675381,-2.3934646093055707,-1.565868666429428,-0.1590026266479416,0.4135630258039,-1.5429439978606383,0.01652896130371362,0.018373188219572345
2021-01-13,56.060001373291016,52.90999984741211,-0.91007450586127,-0.1068938778330204,-3.2765289429586733,-1.6718939299291984,-0.054702160515304,0.9888138040242744,-1.8745765796365808,-0.009190534481005708,-0.005638023721524332
2021-01-14,56.41999816894531,53.56999969482422,-0.748729928912267,-0.3421721239114727,-2.265979989172831,-1.6545586708976483,-0.0249108160262988,0.7292335470758781,-1.6571921506476408,0.006421633728782128,0.01247400962607248
2021-01-15,55.099998474121094,52.36000061035156,-0.645654357428494,-0.2551299754046057,-1.976155124845292,-1.356446562751578,-0.9595233514454076,-0.3146554142152894,-1.476357378490306,-0.023395954230122085,-0.022587252032214677
2021-01-19,55.900001525878906,52.97999954223633,-0.6034342744580578,-0.1917327040601986,-1.5995597712983334,-1.7742566042045047,0.0520985217745221,-0.2174667523171061,-1.0495313237935766,0.014519112049223626,0.011841079538914112
2021-01-20,56.08000183105469,53.2400016784668,-0.4665894828802186,-0.2644813567883035,-1.3517731910179955,-1.2572116260246031,0.2131757432796264,0.9319184968744662,-0.652527426788431,0.0032200411495955095,0.0049075526326343155
2021-01-21,56.099998474121094,53.130001068115234,-0.316383597318681,-0.1115826104893997,-7.575274994065366,-1.4697574859875882,0.0623399870595285,0.4584887950124694,-0.6114939050784901,0.0003565735095132361,-0.002066127101495785
2021-01-22,55.40999984741211,52.27000045776367,-0.536127119096174,-0.248530594267992,-5.328349677783662,-1.7022809508518757,-0.4814397268694078,-1.0381425104963249,-0.8662943250726818,-0.012299441095836805,-0.01618672300136037
2021-01-25,55.880001068115234,52.77000045776367,-0.8488466076989107,-0.4323117986485359,-2.4441036665097275,-1.7473857940862825,-0.1095704358257645,1.1517130351167877,-1.0384270791096104,0.008482245479108697,0.009565716388390433
2021-01-26,55.90999984741211,52.61000061035156,-0.7929887859320033,-0.1782833275629468,-2.1996169624420423,-1.5464294862007195,-0.3134391672283883,0.6436574713444307,-1.1310445983455704,0.00053684285475053,-0.003032022854352112
2021-01-27,55.810001373291016,52.849998474121094,-0.7122445830303517,-0.1684389210006045,-1.9983526687513649,-1.794828574158077,0.4043500896876398,0.3660725601866005,-1.0591886166296527,-0.001788561516616105,0.004561829708899623
2021-01-28,55.529998779296875,52.34000015258789,-0.6764005923393412,-0.3081064835693155,-3.6484161235247807,-1.9574444563307,0.2139608449554715,0.0958129761590197,-0.9860343094947726,-0.0050170683946290096,-0.00964992121585273
2021-01-29,55.880001068115234,52.20000076293945,-0.7578545069572233,-0.4473149339208148,-2.628920690001044,-1.5308871454224946,-0.0110758111157118,-0.828020482958079,-1.02198363293463,0.006302940689940195,-0.0026748068253782398
2021-02-01,56.349998474121094,53.54999923706055,-0.3876315154138718,-0.0590748537123815,-1.6102405849736738,-1.8536199729733769,0.1504761750041221,0.5788771271673572,-1.031771076430426,0.008410833876558943,0.025862039356128852
2021-02-02,57.459999084472656,54.7599983215332,-0.4750995760987334,-0.277048182606961,-2.403254102207311,-2.2178921721999427,-0.3323619707403674,0.6249581032733782,-1.0809388952453054,0.01969832547309358,0.022595688173889794
2021-02-03,58.459999084472656,55.689998626708984,-0.4632458766970077,-0.0789268559790095,-2.1823830678550187,-1.6912163378886012,-0.3832457952134064,0.6094246978322887,-0.8126217717692354,0.017403411345863207,0.01698320550915855
2021-02-04,58.84000015258789,56.22999954223633,-0.5163992522922268,0.0868882145896366,-2.8714267822555906,-1.783188864385599,-0.6302042596713874,-0.0254212151799629,-1.080070017226215,0.006500189429803793,0.009696551065604853
2021-02-05,59.34000015258789,56.849998474121094,-0.8089052294315646,0.1533539222109386,-2.80158804057328,-2.0789345555483854,-0.8205397694048971,0.0223212258548019,-1.0892130700343046,0.008497620644176918,0.011026123722783554
2021-02-08,60.560001373291016,57.970001220703125,-0.5943832483347063,0.2106252981849685,-2.406389892792797,-1.601376989489298,-0.6719263905566957,0.8078490469589129,-0.741208609839369,0.020559508216481115,0.019701016299795926
2021-02-09,61.09000015258789,58.36000061035156,-0.4889048433422745,-0.070934279178371,-1.9821835401802173,-1.4821864543532262,-0.2902147820165977,1.2606394503308005,-1.2732807006494058,0.008751630899576313,0.006727607062894991
2021-02-10,61.470001220703125,58.68000030517578,-0.623523152690702,0.305356040046037,-2.178585718014204,-1.3620198000605643,-1.2278532787887018,0.5796436412388242,-1.2489246970014345,0.0062203481284348605,0.005483202389950925
2021-02-11,61.13999938964844,58.2400016784668,-0.3846759601629026,0.1094897104888547,-2.734725970614006,-1.4852559018285112,-1.071845695648707,1.1527864213585926,-1.345444257021712,-0.005368502106740558,-0.007498272399807271
2021-02-12,62.43000030517578,59.470001220703125,-0.4996349724480196,0.2529513921767477,-2.421582931533377,-1.774738994745172,-1.2122486224872355,-0.1947675562462603,-1.3361938454063058,0.021099131966065388,0.02111949702589211
2021-02-16,63.349998474121094,60.04999923706055,-0.5423033113130533,-0.0265779412976435,-4.000479680955135,-1.5390684674590047,-0.5953140134254402,0.0290968831004561,-1.2622013790746738,0.014736475483711375,0.00975278299061988
2021-02-17,64.33999633789062,61.13999938964844,-0.2892111613977203,-0.0518762887207186,-2.1348998119754774,-1.5425258304913083,-0.3060837683054061,-0.4595433207662797,-1.2624766696455831,0.015627433111524924,0.018151543154644845
2021-02-18,63.93000030517578,60.52000045776367,-0.7183044807278984,0.2924078102085176,-2.960597174713597,-1.5662519374071664,-0.0926859337334793,0.5010849746815536,-1.2077527903811909,-0.006372335344280944,-0.010140643409782824
2021-02-19,62.90999984741211,59.2400016784668,-0.4798930908503035,0.2047377752186115,-2.7300765125671416,-1.3397729298804504,-0.1809736668816245,0.2049948422715616,-0.9875148816136312,-0.015954957811584625,-0.021150012716708022
2021-02-22,65.23999786376953,61.4900016784668,-0.6049952903557976,0.3981674441361405,-2.300992802055437,-1.7087111424706414,0.2103065352752279,0.0712265700803018,-1.2779735176586913,0.03703700559543499,0.037981092779372005
2021-02-23,65.37000274658203,61.66999816894531,-0.9144040041960392,0.2197188005686239,-2.4112021405392663,-1.4542699777534085,-0.1637926001302133,0.2144614885335867,-1.296513577183678,0.001992717459678106,0.0029272480983124627
2021-02-24,67.04000091552734,63.220001220703125,-0.6082812804684304,0.0898522695717519,-3.4273467104802458,-1.7053898502219866,0.3720566318678755,1.508693058675916,-1.160545046608464,0.02554685786719868,0.025133826784161206
2021-02-25,66.87999725341797,63.529998779296875,-0.5733315125840986,0.3278338485800173,-2.7178889791279643,-1.88925558400894,0.4145931676512292,0.8585971010005513,-1.0580625397175587,-0.002386689438011569,0.004903472834673517
2021-02-26,66.12999725341797,61.5,-0.3384665003597311,0.3696691026269301,-3.881736505395738,-1.7360569246400086,-0.5921935444815758,-0.245135308134366,-1.140094891937514,-0.011214115293069482,-0.03195338923819424
2021-03-01,63.689998626708984,60.63999938964844,-0.6954293595206444,0.2095345525722931,-2.49364418389728,-1.731250162851404,-1.237672070368514,-0.3078248461126175,-0.4880973354181591,-0.03689700178511457,-0.013983749761814046
2021-03-02,62.70000076293945,59.75,-0.6593537454651907,0.219244247839685,-1.6667754240796837,-1.517421315607127,-1.1382529519040767,0.5905750145179651,-1.1533246012494698,-0.01554400824487323,-0.014676771085198381
2021-03-03,64.06999969482422,61.279998779296875,-0.5910887621978693,0.2774221516079785,-3.6490987296830153,-1.6899573440090374,-0.9042401028573572,0.6647231334435729,-1.101035624679912,0.021850062443612206,0.02560667413049167
2021-03-04,66.73999786376953,63.83000183105469,-0.0266850589415205,0.4377970527586333,-2.1174962181556123,-1.2965737961580666,-1.0379326668463225,0.3929403262884899,-1.090184055315692,0.04167314158986968,0.04161232216961652
2021-03-05,69.36000061035156,66.08999633789062,-0.2233366443539827,0.6785764661601756,-1.8102690052718928,-1.1661508372218337,-1.0946073281849915,0.2120570998905725,-1.1277991615859368,0.039256859910754116,0.035406461569869485
2021-03-08,68.23999786376953,65.05000305175781,-0.0074407387534026,0.8187494285504384,-1.0582696881209068,-0.7101636783297685,-1.064777484473136,1.3379704747932886,-0.8588729881887938,-0.01614767498163594,-0.01573601670085989
2021-03-09,67.5199966430664,64.01000213623047,-0.220999243720867,0.6062271203504215,-1.3039035378594224,-1.2762480943106287,-0.2522593729366814,0.8079508911370888,-0.927979430052424,-0.010551014701678296,-0.01598771509203245
2021-03-10,67.9000015258789,64.44000244140625,-0.3371877151496559,0.4902562468579253,-2.2905151921961875,-1.5932276038458943,-0.1678302393939226,0.0412262109816034,-0.9269439453830836,0.005628034681656402,0.006717704902752919
2021-03-11,69.62999725341797,66.0199966430664,-0.2956531601324247,0.4119398201522626,-1.8983765904877803,-1.314245947534977,-0.1571140602354144,0.6190198730645383,-0.954434679722548,0.025478581570866465,0.024518841430783755
2021-03-12,69.22000122070312,65.61000061035156,-0.5808315168871985,0.2869777256826767,-2.1246807128857363,-1.4161589846077296,-0.777955391234538,0.6893694171801744,-0.9054663348955234,-0.005888209807371703,-0.006210179545016681
2021-03-15,68.87999725341797,65.38999938964844,-0.2216775842842689,-0.4787851907567957,-2.352592281300934,-1.2585228628309355,-0.709774535211491,0.62344816657912,-0.5996852579908734,-0.004911932408106723,-0.0033531659603187602
2021-03-16,68.38999938964844,64.80000305175781,-0.0843458745817243,-0.0777124364516273,-2.7833507134869566,-1.512344592095901,-0.6809795953933366,0.2508531605353759,-0.8006407832212667,-0.007113790408074028,-0.009022730438869253
2021-03-17,68.0,64.5999984741211,-0.300265120360443,0.1176812124102101,-2.115304076509412,-1.6136095105243302,-0.250399377741374,0.7209629560189273,-1.2632915363564206,-0.005702579223994975,-0.0030864902502700797
2021-03-18,63.279998779296875,60.0,-0.4207551680965726,0.2272627736080534,-1.8940181501274285,-1.318842684705254,-0.1536647243575732,0.7420930797812997,-1.4111806095631911,-0.06941178265739889,-0.07120740840208939
2021-03-19,64.52999877929688,61.41999816894531,-0.518448468394669,0.3089292498859023,-1.805567769796516,-1.4082489523186483,-1.851971285825528,0.4082093799754291,-1.2566304780377109,0.019753476992938168,0.023666636149088482
2021-03-22,64.62000274658203,61.54999923706055,-0.9158422892486277,0.0773829589247269,-1.534097650946901,-1.4538906223889123,-0.4798802261828212,1.0513564205513295,-1.244709624124854,0.0013947616455562972,0.002116591859179895
2021-03-23,60.790000915527344,57.7599983215332,-0.7552615444050746,0.4008400828899855,-1.5480540398351552,-1.39658307131876,-0.5999086907397878,0.7722632577657496,-1.4492218574738294,-0.059269601799224136,-0.061575970146321324
2021-03-24,64.41000366210938,61.18000030517578,-0.6109040699126215,0.0766392596648581,-1.7501076733709966,-1.3853844873374133,-0.2406267816105713,0.1033945745872902,-1.2263795519828775,0.059549312256341524,0.05921056237925115
2021-03-25,61.95000076293945,58.560001373291016,-0.6241303896213625,0.2234566881096547,-1.9829040839823209,-1.32251588972765,-0.378732333039899,0.5102611250702854,-1.1070966542683092,-0.038192870040420046,-0.042824434763252484
2021-03-26,64.56999969482422,60.970001220703125,-0.5914472575305963,0.2509587976949308,-2.355129519044653,-1.358989111600553,-2.2860198658425634,-1.0294292518220294,-1.3499045165288908,0.04229215334331582,0.041154368013920584
2021-03-29,64.9800033569336,61.560001373291016,-0.7365305854173352,-0.0555096671570196,-1.944611396747191,-1.5405036096027318,0.6285986216354446,0.4400909484566761,-1.31917031135205,0.006349754747516867,0.009676892582832108
2021-03-30,64.13999938964844,60.54999923706055,-0.7052577275578692,0.2478263059490206,-1.8093270569661648,-1.5623102168419838,0.3763421581442315,0.5220559327238745,-1.207570310089527,-0.012927114864415001,-0.01640679197042183
2021-03-31,63.540000915527344,59.15999984741211,-0.4318886209257,0.4088053036650404,-1.6920636682291368,-1.7034347282084668,0.825578519335648,1.6198961382965893,-1.2544399714882273,-0.009354513249620111,-0.022956224726055297
2021-04-01,64.86000061035156,61.45000076293945,-0.391293529603387,0.1696238756323861,-1.8860817666720184,-1.7117778488244697,-0.0397298067480492,0.3833501172246136,-1.1079245775230764,0.020774310289656484,0.0387086024583132
2021-04-05,62.150001525878906,58.650001525878906,-0.5209235727785984,-0.2303163241014811,-1.6158405407457628,-1.675860430698783,-0.0465279311041084,0.3888245859214901,-1.144528630815839,-0.04178228583057009,-0.04556548742549782
2021-04-06,62.7400016784668,59.33000183105469,-0.7089220157443354,0.3988836029875084,-2.2912403916941417,-1.715473941045209,0.1232073422344021,0.7050645361091263,-1.033847248574869,0.00949316392763433,0.011594207800246004
2021-04-07,63.15999984741211,59.77000045776367,-0.5557933582576803,0.0964779153502284,-2.70945598865961,-1.5092169881890158,-0.2745051265247931,1.3396709567915612,-1.0865132086126874,0.006694264547485007,0.007416123599016666
2021-04-08,63.20000076293945,59.599998474121094,-0.5385806526649581,0.2966733342342693,-2.224800144769884,-1.4171847888826283,-0.057798977860149,1.0223716734079418,-1.2457050135986245,0.0006333267198224135,-0.0028442694050623274
2021-04-09,62.95000076293945,59.31999969482422,-0.3986773444500135,0.2912436036320492,-2.240971003914352,-1.4270808498625418,-0.6396514841216332,0.4184380461108689,-1.2784457171287973,-0.003955696154779198,-0.004697966215862492
2021-04-12,63.279998779296875,59.70000076293945,-0.8269304527389242,0.365302067230401,-1.3495276563984588,-1.345553222162638,-0.1493182210896925,0.4857045098095006,-1.359507946374749,0.00524222418360476,0.0064059519566785905
2021-04-13,63.66999816894531,60.18000030517578,-0.3616566263088114,0.1684317918408157,-2.1515944739790664,-1.601530551999113,0.1384397374274062,0.7031087797436913,-1.288034941719984,0.0061630751765442415,0.008040193234541748
2021-04-14,66.58000183105469,63.150001525878906,-0.3211943594676492,0.357422456000012,-3.044101222178156,-1.2948083219366613,-0.1899181452951987,0.5812812370998933,-1.3636054729887086,0.04570447221292229,0.04935196420143062
2021-04-15,66.94000244140625,63.459999084472656,-0.384739444479939,0.4092773192241995,-3.9479071087219406,-1.5588962758988445,-0.8862150878627376,0.5655629756609549,-1.3548500279951825,0.005407038156368005,0.004908908172657878
2021-04-16,66.7699966430664,63.130001068115234,-0.4672854812573435,0.2238466653178382,-2.1695155180033767,-1.4417312472546349,-0.4693223238377636,0.2139322815031291,-1.3555569888735313,-0.002539674217798993,-0.005200094880527084
2021-04-19,67.05000305175781,63.380001068115234,-0.3584540787638317,0.735868879594365,-2.0583924754815226,-1.918163849871123,0.0131958894104503,0.5504326835596978,-1.3335582545577112,0.004193596267321187,0.003960082302711498
2021-04-20,66.56999969482422,62.439998626708984,-0.5120230880452721,0.6885590606211232,-1.8361204211558249,-1.719066904204822,0.0161674044562896,0.8406383764336666,-1.4861187617347291,-0.007158886429327493,-0.014831215297645972
2021-04-21,65.31999969482422,61.349998474121094,-0.3362906487711664,0.3707067294171888,-1.9174956621078567,-1.850584486867226,-1.2661514229737418,0.9222280472028956,-1.4845932400472226,-0.01877722706519991,-0.01745676131584084
2021-04-22,65.4000015258789,61.43000030517578,-0.5182798688904167,0.3990382527002071,-2.386893589493011,-1.6036940441276368,-0.1051217376338843,-0.0284479037210669,-1.079553567409852,0.001224767780594771,0.0013040233585079886
2021-04-23,66.11000061035156,62.13999938964844,-0.8465503313221856,0.5066948593972964,-2.5532131934672626,-1.4821946579436902,-1.3263999797828967,0.388651662368978,-0.9970637840507864,0.010856254860968306,0.011557855786187288
2021-04-26,65.6500015258789,61.90999984741211,-0.4262401308211839,0.6802598568847482,-3.1948141356017072,-1.6098887996111697,-0.3806919449065817,-0.0744382897717444,-0.4468904595746751,-0.0069580862233517005,-0.00370131227060555
2021-04-27,66.41999816894531,62.939998626708984,-0.5072669486185479,0.5261409010787885,-2.4935462243252084,-1.1535636724988236,-0.328854709651042,0.511966281546856,-0.9272628850420452,0.011728813787808878,0.016637034111379068
2021-04-28,67.2699966430664,63.86000061035156,-0.4737274774136106,0.3936365217472204,-2.2800609609353346,-1.2628467555986522,0.3432079059765313,0.557044861860848,-0.9601337673992488,0.012797327575334139,0.014617127481985293
2021-04-29,68.55999755859375,65.01000213623047,-0.3231631819390887,0.4818685425268168,-1.8410681596270235,-1.647745383210296,0.3653151918928619,0.3695509209533836,-0.9871270205062886,0.01917646766614345,0.01800816653441273
2021-04-30,67.25,63.58000183105469,-0.6546344690367254,0.5257430501152868,-2.3583097442072654,-1.6960523763907922,-0.5423005936736793,-0.3650537875884187,-1.021613115071388,-0.019107316295835397,-0.02199661987672563
2021-05-03,67.55999755859375,64.48999786376953,-0.6144533819145656,0.0280337004940178,-3.135070213048186,-1.3020213563866,-0.1052217918587053,1.4399510780919336,-0.9997812814486956,0.004609629124070702,0.014312614131922974
2021-05-04,68.87999725341797,65.69000244140625,-0.182310065493692,-0.0747609712950705,-2.4013655595146655,-1.2789571628433336,0.2729236785260462,1.1392766423571936,-0.8561020248385632,0.019538184466028286,0.01860760765059477
2021-05-05,68.95999908447266,65.62999725341797,-0.231903353355154,0.0423198161022098,-2.581567827730471,-1.241224240410123,0.3230447770685922,1.293592392338225,-0.967150787263129,0.0011614668154000807,-0.0009134599750061367
2021-05-06,68.08999633789062,64.70999908447266,-0.2916228000942338,0.4424832212157788,-2.273722889435665,-0.969762999906259,0.2052489957727416,1.0879597407844726,-0.8294278842999953,-0.012616049276861552,-0.014017952269492095
2021-05-07,68.27999877929688,64.9000015258789,-0.4316044874288396,0.5187784521155304,-3.0018629655486504,-0.8096239475616194,-0.0594083569333999,0.1794524671698046,-1.026761603092755,0.002790460443901077,0.0029362145587148447
2021-05-10,68.31999969482422,64.91999816894531,-0.7041179561593967,0.3840670057690863,-3.3601846620808726,-1.2049133247207373,-0.3906088081540778,0.3469743802305846,-1.1790108100946342,0.0005858365003292842,0.0003081146779084776
2021-05-11,68.55000305175781,65.27999877929688,-0.2604045744547891,0.0678701055258108,-3.215079963547728,-2.4662913520971856,-1.6201942374766771,1.3085370281807482,-0.9517888446033196,0.003366559689124582,0.00554529606446863
2021-05-12,69.31999969482422,66.08000183105469,-0.2997459090970798,-0.0403510043299388,-2.315960493780952,-1.902561360687803,-0.1545551336915077,0.79777123316435,-1.1913476343854146,0.011232627407544049,0.012254948938686727
2021-05-13,67.05000305175781,63.81999969482422,-0.3654005796780966,0.2007025676613525,-2.0388418332750127,-1.512504615039546,-0.1229123736107211,-2.5804310611817973,-1.1289151286746013,-0.03274663377178144,-0.0342009999032471
2021-05-14,68.70999908447266,65.37000274658203,-0.5042435041758746,0.1783566518278565,-2.3907868322578447,-1.5056682476004966,-0.8337577484146131,-2.1827865555689967,-1.2348995791159842,0.024757583253701698,0.024287105283134602
2021-05-17,69.45999908447266,66.2699966430664,-0.5925389235846009,0.1486938035986201,-2.5346624454115574,-1.5981938564919684,-1.2909909387714913,0.5228239395789288,-1.1670603399095196,0.01091544185698412,0.013767689439655673
2021-05-18,68.70999908447266,65.48999786376953,-0.3103312352052204,0.3387966925807124,-2.1315673668195143,-1.1844063321442997,-0.7398287900729658,0.9101531947019906,-1.046329113165306,-0.010797581484098484,-0.011770013864614959
2021-05-19,66.66000366210938,63.36000061035156,-0.2719124963200648,0.3463116784496956,-1.827497296590652,-1.0804339573870478,-0.49415366536268,-0.5254558580892887,-1.29371471187978,-0.029835474453186905,-0.032524008595155696
2021-05-20,65.11000061035156,62.04999923706055,-0.2429117912532049,0.6421127050902775,-2.319286466036981,-1.1920839925998268,-0.4188033616520933,0.0145440919949289,-1.0310148659442613,-0.023252369736049938,-0.02067552652575244
2021-05-21,66.44000244140625,63.58000183105469,-0.4014396527759303,0.6645613893856741,-2.2550082521303767,-1.1522481806327989,-0.6158024081341905,0.2159384037749966,-0.9636722290068652,0.020426997674505287,0.024657576354655486
2021-05-24,68.45999908447266,66.05000305175781,0.0432234268650597,0.1484366639008469,-1.551436633267827,-1.747156917618276,0.2989941366348133,0.941441230163303,-1.0236716579602336,0.030403319819981123,0.03884871263870715
2021-05-25,68.6500015258789,66.06999969482422,-0.292521880308051,0.2256807693772433,-3.800861273550231,-1.786622295269216,0.0572137568224385,0.933704041455024,-1.070936970930566,0.002775378965047981,0.0003027500702874608
2021-05-26,68.87000274658203,66.20999908447266,-0.3373365727413215,0.1301352711107324,-3.257795862771779,-1.6744648245488674,-0.0039555172822281,0.5022861680397117,-1.0754464721194414,0.0032046790358801758,0.0021189555062068877
2021-05-27,69.45999908447266,66.8499984741211,-0.5375733304295868,0.1119457840042358,-2.3715183088979863,-1.5036186457120044,-0.3679179114647802,0.6483601193991152,-0.931361612590742,0.008566811592292334,0.009666204478147034
2021-05-28,69.62999725341797,66.31999969482422,-0.392548854557138,0.2111458903122537,-2.454825821338659,-1.43412225705028,-0.4176566809397107,0.810057472054912,-1.0127304028449473,0.0024474254417794494,-0.007928179377626243
2021-06-01,70.25,67.72000122070312,-0.4546575020038415,0.0724117845470401,-2.610853903638505,-1.0796304876886502,0.1560720979127837,0.4261529926343216,-0.8993530087750863,0.008904247752955285,0.02110979391316503
2021-06-02,71.3499984741211,68.83000183105469,-0.4006106657307793,0.2806930632917182,-2.4815376465565957,-1.1081551221447798,0.3649302096201357,0.2169002311661253,-0.9365932039973364,0.01565834126862775,0.016391030572105336
2021-06-03,71.30999755859375,68.80999755859375,-0.3322673059956916,0.2274337370234798,-3.400006571013103,-0.860556360410455,0.0438154927246325,0.476973332658407,-0.847072289296989,-0.0005606295218332225,-0.0002906330368847021
2021-06-04,71.88999938964844,69.62000274658203,-0.4572214342028894,-0.1610863392395972,-2.820469605907145,-1.014860793502002,-0.2036461855068722,0.0255699255323591,-1.0555766837223963,0.008133527568530807,0.011771620647109238
2021-06-07,71.48999786376953,69.2300033569336,-0.6182728969233731,0.1174558444855676,-2.592753470113659,-1.4571093135595523,0.2366037757144609,0.215433027249517,-0.6652979095319578,-0.005564077469397022,-0.005601829564242378
2021-06-08,72.22000122070312,70.05000305175781,-1.8132992065182083,0.3630452087728272,-2.19250713799226,-1.2847446366162996,0.11991383924595,1.2660849257974875,-0.8250553877436699,0.01021126561403296,0.01184457106836323
2021-06-09,72.22000122070312,69.95999908447266,-0.6254136240659287,0.278049113487719,-2.126012666446474,-1.5684346435203234,0.335010545868136,0.8674711398768477,-0.9446037488345999,0.0,-0.001284853152949239
2021-06-10,72.5199966430664,70.29000091552734,-0.306313712436326,0.2119862738870826,-2.1008607101904277,-1.4860735746463034,0.1741739052376609,0.3813938753045946,-0.9132323751395476,0.004153910513605474,0.004717007366684234
2021-06-11,72.69000244140625,70.91000366210938,-0.5934236362773659,0.2388708725307009,-1.9376138872244544,-0.9876693839168114,0.2185621617621073,-0.4111476628320372,-0.8868207520268943,0.00234426097916951,0.008820639330011204
2021-06-14,72.86000061035156,70.87999725341797,-0.5765001260255925,-0.1017826506275839,-2.744613906456351,-1.2431009034682503,-0.0563905654237479,0.6623351409727988,-0.8354651687768075,0.002338673314564055,-0.0004231618550520899
2021-06-15,73.98999786376953,72.12000274658203,-0.2191126468162736,0.2905722543254879,-2.431357811365756,-1.3283977621222351,-0.19526071280048,0.3959825273727261,-1.066810972623093,0.015509157891187675,0.017494434836540007
2021-06-16,74.38999938964844,72.1500015258789,-0.3099797211570053,0.2673470587019178,-2.0706483974599275,-1.2101405652459614,-0.035877736790319,1.1300351547497052,-0.8962171772364875,0.00540615674317757,0.0004159564358627854
2021-06-17,73.08000183105469,71.04000091552734,-0.1220773474113239,0.153219568401635,-1.7972321847604642,-1.2214805547632013,0.171374876264607,0.1478232640931841,-0.7633847334989344,-0.017609861128403792,-0.01538462351873171
2021-06-18,73.51000213623047,71.63999938964844,-0.0810365550432564,0.4622348168818985,-2.326400276565885,-1.4660642328622115,-0.0909287250042631,0.0061988318906797,-0.8089967312314956,0.005883966809002716,0.008445924357947998
2021-06-21,74.9000015258789,73.66000366210938,-0.6587880702143866,0.441389037293383,-2.058507883819603,-1.4795985346559557,-0.2226145684630852,0.9548958435395912,-0.928644303317274,0.0189089831214051,0.02819659812494102
2021-06-22,74.80999755859375,73.05999755859375,-0.4031156959905709,0.293627025393493,-2.015832569821089,-1.468843271840956,-0.0841917874285606,0.9606779338576202,-0.9097515518949348,-0.0012016550794602399,-0.008145615988127686
2021-06-23,75.19000244140625,73.08000183105469,-0.4358175173627042,0.4043331708423825,-2.137291508775839,-1.7207458900517068,0.2846941278391868,0.9710047441815334,-1.150911542990012,0.005079600256835626,0.00027380609265548195
2021-06-24,75.55999755859375,73.30000305175781,-0.6790303055908278,0.544387288288292,-1.9557065277721373,-1.7316571711555018,-0.0409851153549764,1.3184958715837407,-1.2048577269035334,0.004920802037156946,0.0030104161903514726
2021-06-25,76.18000030517578,74.05000305175781,-0.3928292325403666,0.6288853428282607,-1.64316654769126,-1.684375237368818,0.3569432244256848,0.489955637339918,-1.2747938585617855,0.008205436297178847,0.010231923175643143
2021-06-28,74.68000030517578,72.91000366210938,-0.4920191739460151,0.7654115099909734,-2.947246917900144,-1.5563717772520167,0.0654833273617369,1.097884428583112,-0.9726141257712256,-0.01969020732463933,-0.01539499449921189
2021-06-29,74.76000213623047,72.9800033569336,-0.1835439900199523,0.9780316813765026,-2.433661457117213,-1.449411031459742,0.200208016433334,0.9910297497328376,-0.9515696214185368,0.0010712617933552604,0.0009600835455807477
2021-06-30,75.12999725341797,73.47000122070312,-0.7993455232932711,0.8100198022179445,-2.740191503606664,-1.409585736738358,0.2782921463567886,1.2588103536783837,-1.303701121836178,0.004949105224920647,0.006714138684990489
2021-07-01,75.83999633789062,75.2300033569336,-0.8605112189245826,1.3428928634007469,-2.2577828659658423,-1.3516176445317645,0.0212056328120378,1.2103707149152787,-1.2667454686772242,0.009450274330209174,0.023955384605798935
2021-07-02,76.16999816894531,75.16000366210938,-1.1159121298157513,1.187740321800944,-3.0268029076625425,-1.3887946076269413,-0.0245344250697567,0.289003660466321,-1.2526576875231676,0.00435129017655056,-0.0009304757636671157
2021-07-06,74.52999877929688,73.37000274658203,-0.2764020339809218,0.3487363897890136,-2.975358130560051,-1.8241006492578975,-0.3726391388871899,0.4479768266521158,-1.0727059032123665,-0.02153077890340649,-0.023815870520370153
2021-07-07,73.43000030517578,72.19999694824219,-0.2926095727833324,0.3595170351439126,-3.298178552572466,-1.547035494918917,-0.054735582007294,-0.3784470659613214,-1.3050302976893693,-0.01475913715467081,-0.015946650600259793
2021-07-08,74.12000274658203,72.94000244140625,-0.3475328803414499,0.4570569300029395,-3.211501378073006,-1.2927755668218557,0.2053021504784749,-0.4240243902285389,-1.4359643623255862,0.009396737553296841,0.010249383995051264
2021-07-09,75.55000305175781,74.55999755859375,-0.3136091875706436,0.4410688343133716,-3.424972846852131,-1.5330900333954025,-0.4756342466544026,0.823412517273927,-1.2626743435181764,0.019293041718643655,0.02220996795947272
2021-07-12,75.16000366210938,74.0999984741211,-0.2660668367026878,0.5167979284214635,-3.2826590995032565,-1.2975716568634237,0.5034495527230424,1.1916314457294337,-1.3469085170575037,-0.005162135988019179,-0.006169515819942961
2021-07-13,76.48999786376953,75.25,-0.5940294224957983,0.4128277912555081,-5.020518940920642,-1.3672914171982973,0.0545288794590961,1.1862618849814244,-1.1111618573242523,0.017695504747968105,0.015519589062886974
2021-07-14,74.76000213623047,73.12999725341797,-0.407311951525572,0.2375754833552799,-3.332724439075443,-1.5721915622493623,0.3540156909073548,1.6054763983808409,-1.0895606263269189,-0.022617280374621296,-0.028172793974512
2021-07-15,73.47000122070312,71.6500015258789,-0.3968645816790171,0.2448083955059618,-2.207257391157372,-1.606492431134853,-0.2214853890310315,0.7630004300270232,-1.2246767240216003,-0.01725522844657834,-0.020237874786326326
2021-07-16,73.58999633789062,71.80999755859375,-0.4568697960387296,0.5278442526728132,-3.4080187392208416,-1.5247524440068614,-0.100506397143938,0.2165338142656626,-1.4421948654392271,0.0016332532352494322,0.0022330220419752855
2021-07-19,68.62000274658203,66.41999816894531,-0.3249612920594016,0.3694592503553987,-5.2406308243937,-1.491709946810322,-0.0571261878774706,1.0926907429347323,-1.2433888120729464,-0.06753626632197018,-0.07505917801000395
2021-07-20,69.3499984741211,67.41999816894531,-0.6099835203655137,0.2109624523265241,-5.573809898521292,-1.4050788869735304,-0.1715434776411911,0.0386449223963423,-1.0476185012766426,0.010638235183915379,0.015055706527669743
2021-07-21,72.2300033569336,70.30000305175781,-0.4384155932042984,-0.7100053547033311,-3.0952341056026533,-1.4055470652434991,-0.3068820590448682,-0.7494709500501566,-1.093236269966827,0.04152855005306466,0.04271736815530014
2021-07-22,73.79000091552734,71.91000366210938,-0.2854206149034417,-0.5679512144479869,-2.4046349851464024,-1.6046426071099364,-0.4409631915046182,-1.1690418665914333,-1.056418480033837,0.021597639292425752,0.022901856905556794
2021-07-23,74.0999984741211,72.06999969482422,-0.3195487225228169,0.0425602889488825,-2.664766379219356,-1.4935063624535403,-0.0988920099994022,-0.4887341876714386,-1.1621576358857522,0.0042010781236963,0.002224948193114251
2021-07-26,74.5,71.91000366210938,-0.1277593964133159,-0.0746259556331129,-2.570017362509208,-1.2795992999983536,0.0716584911898065,0.1105985164695158,-1.064660628780295,0.005398131364585668,-0.002220008788571315
2021-07-27,74.4800033569336,71.6500015258789,-0.2199556398251966,-0.0260475345499737,-3.2201882398362582,-1.1409441121496071,-0.2169819818782224,0.598944576577688,-1.166065263882857,-0.0002684113163275992,-0.00361566017229209
2021-07-28,74.73999786376953,72.38999938964844,-0.3935513560473464,0.0987477965296036,-3.185010372045441,-1.1987344569028775,-0.5457262059812223,1.0181006956257286,-1.0297559150615545,0.0034907961213421768,0.010327953217171393
2021-07-29,76.05000305175781,73.62000274658203,-0.3646992166220205,0.1673128129473313,-3.1600019823852428,-1.3358001386618832,0.0795528782537351,1.3245963900700612,-0.850171662372076,0.017527498333302916,0.016991343656641567
2021-07-30,76.33000183105469,73.94999694824219,-0.2031009184375108,-0.0641058887451973,-3.75805211041422,-1.4254806896501713,-0.3177302566250163,-2.1563925470481617,-1.0416956610278223,0.003681772098106384,0.004482398659995557
2021-08-02,72.88999938964844,71.26000213623047,-0.549534388042241,-0.2723374926136211,-2.523755872803268,-1.5687308204339392,-0.2369707402912547,0.815444639653042,-0.9436545257578444,-0.04506750109898061,-0.036375861028019485
2021-08-03,72.41000366210938,70.55999755859375,-0.2711354153703487,-0.2098745873435393,-2.7910823678485865,-1.638420850513003,-0.437532312669131,0.5486255625435934,-1.087044211239764,-0.006585206908469643,-0.009823246655234374
2021-08-04,70.37999725341797,68.1500015258789,-0.1529088984673449,-0.2310289055089331,-3.6970322961539703,-1.4750207015658914,-0.3728039657011154,0.0401565922029123,-0.9463936966524106,-0.02803488891071093,-0.034155273754276405
2021-08-05,71.29000091552734,69.08999633789062,-0.0011039332725192,-0.1030358184066914,-2.981759142153962,-1.478816551067755,-0.0736670442349501,0.9324603752070748,-0.9935955059423512,0.012929862142970983,0.01379302701342966
2021-08-06,70.69999694824219,68.27999877929688,-0.2131793482071167,-0.0371697747818915,-3.017932125773658,-1.632223041119334,-0.5162321377818345,0.7586733368896527,-1.1320173901706991,-0.008276111091431448,-0.011723803756369944
2021-08-09,69.04000091552734,66.4800033569336,-0.7928402769028084,-0.2556791607582965,-2.3724871568086368,-1.6063668859570113,-0.1691316945121456,1.6344822073558305,-1.164514272391592,-0.02347943570535216,-0.026361972093488895
2021-08-10,70.62999725341797,68.29000091552734,-0.3786053857111577,-0.3104962268727736,-4.17975315002212,-1.8194756333488156,-0.1431936139821612,0.1677032392463868,-1.1501262149466451,0.023030074113643773,0.027226195354952187
2021-08-11,71.44000244140625,69.25,-0.661956010766274,-0.1358671611490098,-3.631051260254652,-1.9169640852200271,0.2802347358529398,0.5484442939043725,-1.159943700386591,0.011468288538678761,0.014057681528810484
2021-08-12,71.30999755859375,69.08999633789062,-0.3000812729465726,-0.035040789277075,-2.3954528793180665,-1.902330070227723,-0.083309167855878,0.5471106962048558,-1.05416984796926,-0.0018197771328343215,-0.0023105221965252776
2021-08-13,70.58999633789062,68.44000244140625,-0.4018606799911398,-0.4232684825454843,-2.637106038710579,-1.8669654273786536,-0.1594605356221918,0.6810815417108175,-1.22583070637716,-0.010096778086572167,-0.009407930683705934
2021-08-16,69.51000213623047,67.29000091552734,-0.5486858752533837,-0.0695060723425578,-3.337084164182531,-1.58354347098482,0.1949795707290296,0.8805858918145083,-1.3526146576418348,-0.015299536162186267,-0.016803060854117646
2021-08-17,69.02999877929688,66.58999633789062,-0.2894489033250187,-0.1220424193297927,-3.3137564954991174,-1.5724744025818322,0.1768258709028113,0.7468575528797647,-1.1592791022836262,-0.006905529307751235,-0.010402802319998017
2021-08-18,68.2300033569336,65.45999908447266,-0.8210747738878221,0.0534890226970366,-2.750582837369433,-1.5095449571375514,0.2509475579099121,0.2008921658767001,-1.089349518245082,-0.011589098022745659,-0.016969474629254244
2021-08-19,66.44999694824219,63.689998626708984,-0.4347425831063373,0.3814536285906204,-2.7713756655167034,-1.3459143966658291,0.0186820396150937,-0.3532743839478611,-1.3645559600834891,-0.026088323627651122,-0.027039420753421917
2021-08-20,65.18000030517578,62.31999969482422,-0.3341556243262287,0.308446949625086,-2.5447346083250406,-1.5775841428581523,0.3526181766449868,-0.3859644611407269,-1.4773401611812442,-0.019112064731253597,-0.02151042489283783
2021-08-23,68.75,65.63999938964844,-0.6033722772657729,0.4310608581515701,-2.827623394219806,-1.1214943266593416,0.4346271474827496,-0.3302745424478602,-1.2933245889503773,0.05477139733214664,0.053273422835076634
2021-08-24,71.05000305175781,67.54000091552734,-0.4087239691786335,0.379994937415022,-2.67994827788978,-1.1257102477641678,0.0137874305402021,1.194345189024408,-1.1739254825076486,0.03345458984374994,0.028945788292900954
2021-08-25,72.25,68.36000061035156,-0.3925181134386302,0.5127596923011146,-2.5653578193126543,-1.1520377678093523,0.2438659882913157,1.2371447874995178,-1.1587652556432904,0.016889470748763014,0.012140948826012021
2021-08-26,71.06999969482422,67.41999816894531,-0.6386775444207152,0.5163562434740782,-2.6344662059354027,-1.5185269202638008,0.1965897165808028,1.1444462422641666,-1.64458995305306,-0.016332184154682072,-0.013750767013069765
2021-08-27,72.69999694824219,68.73999786376953,-0.3393626285003217,0.4029503917964772,-2.920035674750614,-1.4159954558312582,0.236013084482675,1.4162366436098266,-1.893063723255484,0.022935095826891905,0.01957875601711656
2021-08-30,73.41000366210938,69.20999908447266,-0.4093903073933984,0.5148853264660114,-2.336473911466562,-1.2659672128359911,-0.1042133344072577,1.700558824766345,-1.965408653712695,0.009766255071133934,0.006837376131936912
2021-08-31,72.98999786376953,68.5,-0.274808557440979,0.4565553085936455,-1.9393825029776024,-1.135662713723617,-0.8703753504080368,1.2784866660952827,-1.5241556609955749,-0.00572137007747664,-0.010258620052950529
2021-09-01,71.58999633789062,68.58999633789062,-0.1784022289564244,0.4274118405636661,-2.077755935628625,-0.7004355847597414,-0.0715275512570758,1.5915324060382887,-1.3681753277282127,-0.01918073115294383,0.001313815151688047
2021-09-02,73.02999877929688,69.98999786376953,-0.2945573921338523,0.7258064618766245,-2.2159498209682047,-1.0472197416825413,0.5064751665900031,1.1405159949349302,-1.6647091986230276,0.020114576268585482,0.020411161986103155
2021-09-03,72.61000061035156,69.29000091552734,-0.8591716637245272,0.7714763095152221,-2.21138578555918,-0.9293996991254244,-0.3990467246792753,0.8482006599639577,-1.6898928861208606,-0.005751036231214868,-0.010001385478031866
2021-09-07,71.69000244140625,68.3499984741211,-0.7583429935191912,0.505770451623375,-2.9000083293614805,-1.4209040638142107,0.3924332893351119,2.053592003527882,-1.1322198611552956,-0.012670405745929036,-0.013566206220032018
2021-09-08,72.5999984741211,69.30000305175781,-0.6129753760504691,0.3546684196575786,-3.237994532824964,-1.7066413021519165,0.273566447472632,1.2861460188698337,-1.0881241451065466,0.012693485865879373,0.013899116296197223
2021-09-09,71.44999694824219,68.13999938964844,-0.3683666299909588,0.4708476507320711,-3.053957133895218,-1.107530203613256,0.0387714945001844,0.918406068591099,-1.0621462812992717,-0.01584024173621479,-0.01673886884597986
2021-09-10,72.91999816894531,69.72000122070312,-0.4983202814228566,0.6921238260510455,-2.92218519099488,-1.0477318535899047,-0.0032972862608617,0.8452852941111567,-1.3020308006973165,0.020573845815108793,0.02318758211340266
2021-09-13,73.51000213623047,70.44999694824219,-0.4237011082259498,0.5044855022060869,-1.471373579678902,-1.1804538174528043,0.3065990204997705,0.4398385337671731,-0.890155986464172,0.00809111330362633,0.010470391777937849
2021-09-14,73.5999984741211,70.45999908447266,-0.4126509449107052,0.4274771446417445,-1.3760569435992032,-1.3089479976917493,0.5580627078331706,1.5398490962394311,-0.8704235415646173,0.0012242733679130868,0.00014197497038659357
2021-09-15,75.45999908447266,72.61000061035156,0.0070661071260734,0.3244919732200868,-2.5645100092670163,-1.133794402289584,0.394266228680043,1.192887136562783,-1.0751066860136589,0.025271747947190004,0.030513788728570912
2021-09-16,75.66999816894531,72.61000061035156,-0.3791709479560298,0.5773225524660445,-2.709422354638068,-1.160028089915352,0.1448274380623701,2.047341049563352,-0.8772652104265407,0.002782919255506222,0.0
2021-09-17,75.33999633789062,71.97000122070312,-0.1669841577805581,0.662815423832902,-1.448032093628557,-1.0372078170303678,0.2198395283668278,1.0310509154696077,-0.9789683725235452,-0.004361065667239816,-0.008814204438351125
2021-09-20,73.91999816894531,70.29000091552734,-0.2002577638257159,-0.2274851423541169,-2.31022127440456,-1.5676108631135095,0.5689478787462088,-0.2367778131047993,-0.9308837119612388,-0.0188478661795628,-0.023343063452561208
2021-09-21,74.36000061035156,70.55999755859375,-0.0975898951549248,-0.091194891446951,-2.587263787737408,-1.6734518991057414,0.6913868253976267,1.196198434040284,-1.1223915975711067,0.005952414127508687,0.0038411813849723586
2021-09-22,76.19000244140625,72.2300033569336,0.0121401056957779,0.3849771404409933,-1.9365559504396717,-1.425171566426109,1.240961838015238,1.5871161371674976,-0.95474205784254,0.02461002980142446,0.023667883448451832
2021-09-23,77.25,73.30000305175781,-0.3309719772448018,0.4839253419264114,-1.8223119463953927,-1.39121202106159,1.4803438280405987,1.7532937574280565,-0.931289600589441,0.013912554464202032,0.01481378437069547
2021-09-24,78.08999633789062,73.9800033569336,-0.3697641997542134,0.3395647476949088,-2.694007470313208,-1.4915397447755483,1.0695887501385497,1.0399564728117716,-1.143430280264949,0.010873739001820315,0.009276947842630001
2021-09-27,79.52999877929688,75.44999694824219,-0.2408796002980354,0.262460508092514,-2.0180564513675767,-0.886891243700175,0.3347994037949956,1.3525010155026391,-0.9318949106713492,0.01844029336581654,0.019870147669719174
2021-09-28,79.08999633789062,75.29000091552734,-0.2041466482553982,0.2430278321273974,-1.7703458259949445,-1.3777201530895358,0.6371999583083507,2.0680838015051854,-1.07760279117317,-0.005532534240661802,-0.0021205571794071787
2021-09-29,78.63999938964844,74.83000183105469,-0.075445841188872,0.4978104373243943,-1.7677309411001525,-1.4541523923971682,1.0719094398390094,1.7302280264785836,-1.0726628724482612,-0.00568968224906341,-0.006109696890411187
2021-09-30,78.5199966430664,75.02999877929688,0.2690244301920574,0.3546280024200005,-1.665498967798522,-1.29005536123388,0.6473119044018865,2.409715106966599,-1.0455617136187725,-0.0015259759348094093,0.002672683995033509
2021-10-01,79.27999877929688,75.87999725341797,-0.0751825229496754,0.1341450426624896,-2.739902984501972,-1.115522500347866,0.1855427769668347,2.351568291416693,-0.9870854947391619,0.009679090279196778,0.01132878166000495
2021-10-04,81.26000213623047,77.62000274658203,-0.2230303016800761,-0.288995276698486,-2.6652398629396945,-1.2944751626743725,-0.2857990625217568,0.8487231039924296,-1.0453209727132653,0.024974815683910467,0.022931016817949068
2021-10-05,82.55999755859375,78.93000030517578,-0.2000190510168665,-0.2577833829222854,-2.4580681183950475,-1.2372760607365756,0.9508376650287605,1.8645708984989344,-1.0137857824136152,0.015997974257788927,0.01687706148208612
2021-10-06,81.08000183105469,77.43000030517578,-0.0975384954617236,-0.3178536134775461,-1.7918639214018963,-1.4143827287379591,0.2815189328689375,1.413888071462992,-1.0185074235677476,-0.017926305369482254,-0.01900418084632438
2021-10-07,81.94999694824219,78.30000305175781,0.1224305656992469,0.0035566802848581,-1.6415600702537192,-1.3130015883021644,-0.2218613599348832,1.1046802901740929,-1.1205668895331975,0.010730082604096358,0.011235990483702496
2021-10-08,82.38999938964844,79.3499984741211,-0.0850277462471996,0.327241470212269,-2.162545464546395,-0.6404467961524427,0.3294064497935019,1.5165645162027137,-1.0369569132060912,0.005369157508134492,0.013409902700376897
2021-10-11,83.6500015258789,80.5199966430664,0.086004629029559,0.0939412110153867,-1.944272375158693,-1.520873515742924,-0.2595517751834666,1.669354050237004,-0.997094636996197,0.015293144138422976,0.014744778720152008
2021-10-12,83.41999816894531,80.63999938964844,-0.1263555956252688,0.0236522564046532,-1.342020532072763,-1.148314773973798,0.4123088696662942,1.709931401474433,-1.0371453849516428,-0.0027495917840770767,0.0014903471384131173
2021-10-13,83.18000030517578,80.44000244140625,-0.0347051686371788,0.2694041397571003,-2.4194505300126425,-1.1275634754923858,0.4478698794081846,2.0329611147053903,-0.913329430420412,-0.0028769823667879058,-0.0024801209047115025
2021-10-14,84.0,81.30999755859375,0.1123502504554382,0.2015023336526156,-2.296244048021161,-1.0568349611510095,-0.342085525447335,1.9305782805371663,-0.8473454968987008,0.009858135270687018,0.01081545363976355
2021-10-15,84.86000061035156,82.27999877929688,-0.1182496668127448,0.5431040359116928,-3.294703392251241,-1.3531365655400955,-0.0504212498302062,1.547258544543445,-1.0898770939870757,0.010238102504185331,0.01192966732048073
2021-10-18,84.33000183105469,82.44000244140625,0.1035309840867011,0.3040118632036826,-2.19927823675757,-1.237379680477512,0.3743037527232361,1.588253423854213,-0.8561462716303315,-0.006245566527043223,0.0019446240214291421
2021-10-19,85.08000183105469,82.95999908447266,0.0907963700940385,0.4502792549002195,-2.9051895000152763,-1.3943202099667158,0.6260644978437723,2.085289597025407,-0.8868101924304711,0.00889363196626669,0.006307576754816191
2021-10-20,85.81999969482422,83.87000274658203,0.0536833680934024,0.4730560421205669,-2.2687812279319983,-1.5572755384085375,0.2487995783188028,2.5329855092782134,-1.0557053858917549,0.008697670990169382,0.010969186019189614
2021-10-21,84.61000061035156,82.5,0.0162462450589218,0.2583472359541328,-2.2819923331088385,-1.4045552906020555,0.1319297353409973,1.6912910627550315,-0.9969968149787732,-0.014099266939820665,-0.016334836076273618
2021-10-22,85.52999877929688,83.76000213623047,-0.0194931987389755,0.2200478423780492,-2.1020781271027573,-1.7281338683165228,0.1321429558974602,1.250150457598562,-1.4169055468360112,0.01087339749803462,0.015272753166429842
2021-10-25,85.98999786376953,83.76000213623047,-0.0050181456866884,0.2569331805218081,-3.6870771770863366,-1.4019709849014912,0.979504395666919,0.9102974696169503,-1.0574685304407951,0.0053782192334603796,0.0
2021-10-26,86.4000015258789,84.6500015258789,-0.2305384724962525,0.4826390893079265,-2.3254520806390757,-1.2614802294803955,0.4396748130633177,1.241221498234143,-0.995738838597954,0.004768038984707568,0.010625589385741652
2021-10-27,84.58000183105469,82.66000366210938,0.1339675065672156,0.5507528312888651,-2.9563867331946727,-1.2499350878782547,0.2205936725744144,1.2903454198502744,-1.0884338196301335,-0.021064810910669807,-0.023508539018291197
2021-10-28,84.31999969482422,82.80999755859375,-0.1393411194651355,0.4943231202861915,-2.293366394361818,-1.6047207765840428,0.3301802832580761,1.6760513686242795,-0.946624361998537,-0.0030740379593490186,0.001814588553582741
2021-10-29,84.37999725341797,83.56999969482422,-0.0541689811743415,0.4298027138515165,-2.484028192424948,-1.5682363008684477,-0.0940552956311729,1.4493727280529132,-1.127193097392427,0.0007115460010780339,0.009177661618607225
2021-11-01,84.70999908447266,84.05000305175781,-0.1598326961039003,0.255168875102894,-2.41948862364756,-1.4284839186742415,-0.2111071330817393,1.8808519535700652,-0.99544218760216,0.003910901182700766,0.005743728116386793
2021-11-02,84.72000122070312,83.91000366210938,-0.1728155199425561,0.294782551883876,-2.05324697456155,-1.4120243106940749,0.0696410451517263,2.0049474731028134,-1.0478104764111995,0.00011807503646044104,-0.0016656678710912365
2021-11-03,81.98999786376953,80.86000061035156,-0.0358725381517034,0.4206590472153956,-2.0088988115629376,-1.5406854232748042,0.051992252124625,1.909377692246349,-0.7533319747561408,-0.03222383519355354,-0.036348503380355335
2021-11-04,80.54000091552734,78.80999755859375,0.0056459443129131,0.4933930726520588,-1.790390779087642,-1.0975337867940842,-0.4344744112802927,1.9018200986183809,-0.8797370003500286,-0.017685046786455993,-0.025352498593666506
2021-11-05,82.73999786376953,81.2699966430664,0.1722974908299431,0.3653991156990064,-3.3090515433573087,-1.4715840438025267,-0.4435572523254997,1.6170391591132054,-1.0455687767722857,0.02731558136620338,0.031214302254529258
2021-11-08,83.43000030517578,81.93000030517578,-0.3859584638489098,0.6332242985070418,-3.4225503406868283,-1.4966960828883755,-0.0356192343542103,1.6598976461482082,-1.0326670834549554,0.008339406081957268,0.008121123284993814
2021-11-09,84.77999877929688,84.1500015258789,-0.1270724126166261,0.580513325899285,-2.7075007344310924,-1.856939092012897,0.1900944033914539,1.7780861403571542,-0.936468716317134,0.016181211424942887,0.02709631651939448
2021-11-10,82.63999938964844,81.33999633789062,0.1032368251934291,0.4365038710395525,-2.741002356318038,-1.7924559520329368,0.1856575483074007,1.4874335244304386,-0.874280463576562,-0.02524179547606953,-0.03339281208597611
2021-11-11,82.87000274658203,81.58999633789062,-0.0993054730159885,0.4795589003620796,-1.9996404328662236,-1.9550230848577048,0.2279402777740303,1.740062355050437,-0.8255298000610956,0.002783196498455043,0.00307351870242889
2021-11-12,82.16999816894531,80.79000091552734,-0.1994159596846538,0.6729096876314347,-3.0587261883416583,-1.8189640595428889,-0.0790962859989208,1.1176486830666583,-0.8086007195128198,-0.008447020084907497,-0.009805067511588605
2021-11-15,82.05000305175781,80.87999725341797,-0.1098768419645853,0.4880987854082924,-3.1458627190155664,-1.7463254402647714,0.8824907122994597,1.767855447258351,-1.0980381978392777,-0.0014603276117979291,0.0011139539159645828
2021-11-16,82.43000030517578,80.76000213623047,-0.2279325507597746,0.6265958836352471,-3.048294748064001,-1.9098254121258944,0.8110564842143513,2.083543974803913,-0.9508137889859553,0.004631288717664717,-0.0014836192045299956
2021-11-17,80.27999877929688,78.36000061035156,-0.2642371275674608,0.5271212215995553,-2.922887973733859,-1.6582019413844042,0.5399297860344437,1.990367164232456,-0.9019719930701248,-0.026082755282288983,-0.02971770012871533
2021-11-18,81.23999786376953,79.01000213623047,-0.3353332331568309,0.530780991743823,-3.285046220243233,-1.6266071422378203,0.0109720334429167,2.314463083329972,-0.940468582082593,0.0119581352649476,0.00829506790219492
2021-11-19,78.88999938964844,76.0999984741211,-0.1741264284673212,0.6285004656623144,-3.126741676288551,-1.4813035006965292,0.1740311980166274,1.2285467923164173,-1.0146939014409029,-0.028926619102843665,-0.03683082626794387
2021-11-22,79.69999694824219,76.75,-0.0937478504581959,0.5088388994021875,-2.910869362155612,-1.6719605791383203,0.618792090283488,1.8516594653365568,-0.944095501390556,0.010267430154144996,0.008541413126308406
2021-11-23,82.30999755859375,78.5,-0.0259459972871038,0.4623570145873967,-2.969272040493024,-1.509099764296169,0.5254821981367429,1.8513872362346449,-1.1208391937879367,0.032747813178042096,0.0228013029315961
2021-11-24,82.25,78.38999938964844,-0.0770625747595656,0.6041417665495723,-3.0994008328913583,-1.34074555683597,0.2822065477311316,2.059672916042821,-1.0781844948081176,-0.0007289218852307711,-0.001401281660529441
2021-11-26,72.72000122070312,68.1500015258789,-0.5070643204602558,0.3670981170881801,-3.730805640733915,-1.6616338845243204,0.1269316335656331,1.3590818258292066,-0.802935333776047,-0.11586624655680089,-0.1306288805140844
2021-11-29,73.44000244140625,69.94999694824219,-0.5763863402286817,0.5605971928646825,-2.5673276679656647,-1.2933997991354649,0.1274752788876691,2.22150230575006,-0.9882345432039796,0.009901006719154726,0.026412257990629184
2021-11-30,70.56999969482422,66.18000030517578,-0.3720797926906835,0.4695165190514726,-3.279903766606385,-1.3808790790201009,0.289631932511023,1.8805850718300137,-0.9970571154771856,-0.039079556797017356,-0.05389559410354117
2021-12-01,68.87000274658203,65.56999969482422,-0.4532275442805717,0.3245006548931187,-2.252843556096773,-1.1766681774103165,-0.3704366309534806,3.287866907776497,-1.222847399260266,-0.02408951332852094,-0.009217295369275735
2021-12-02,69.66999816894531,66.5,-0.1936669443540677,0.3412475948252326,-2.4643363712468505,-1.3616253714078843,-0.0317450125421449,2.483340844369321,-1.015386191714208,0.011616021351225969,0.014183320260853893
2021-12-03,69.87999725341797,66.26000213623047,-0.4519009857249937,0.6062794094864228,-3.480824141498065,-1.2449440479997589,-0.727834658201641,1.7156937074993364,-1.1929637098710475,0.0030141967847252538,-0.003608990432624526
2021-12-06,73.08000183105469,69.48999786376953,-0.3144634477818832,0.3145082728729877,-2.275926609588837,-1.0396631778290966,0.4655089117347183,1.8401265898894872,-1.0136872637789651,0.04579285494291008,0.04874729283736201
2021-12-07,75.44000244140625,72.05000305175781,-0.3757953824171952,0.7089989161601427,-3.492084697218066,-1.559943563128961,0.0573702123910453,1.8989132809345184,-0.9280536640412328,0.032293384663664604,0.03683990886007793
2021-12-08,75.81999969482422,72.36000061035156,-0.3009079431015618,0.470732844263465,-2.564180275365988,-1.0451395217730284,0.0909863431063617,2.3722741440569126,-1.066492005653657,0.005037079018032964,0.004302533594218838
2021-12-09,74.41999816894531,70.94000244140625,-0.3299160351593795,0.3798054688160572,-2.484125027451807,-1.2272211651838327,0.6883157375956293,2.344082484650707,-0.9787033106503756,-0.018464805216485303,-0.019624076243335065
2021-12-10,75.1500015258789,71.66999816894531,-0.3895053925307439,0.674165491257275,-2.19040326610368,-1.1908513320102685,0.9276677383389482,1.6867436973186587,-1.344460295954911,0.009809236426966406,0.010290325661350463
2021-12-13,74.38999938964844,71.29000091552734,-0.1379918655353921,0.5159140642884896,-1.5594129314895695,-1.6171786186161776,0.2036939392772673,2.1711319740255823,-1.0974967656838002,-0.010113135339974044,-0.005302040785911788
2021-12-14,73.69999694824219,70.7300033569336,-0.5847513913789267,0.5706747324450963,-1.8770409193299933,-1.440569223841301,0.7829954451378509,1.8450282064867385,-1.1824321949566092,-0.009275473142459356,-0.007855204816974215
2021-12-15,73.87999725341797,70.87000274658203,-0.2716762499124398,0.605038321179068,-2.0258757866332835,-1.3764847731394765,0.8094863272631286,1.786113010717104,-1.0114863273662829,0.002442338027533353,0.0019793493991784317
2021-12-16,75.0199966430664,72.37999725341797,-0.1221461126806832,0.6575112771816285,-2.471096833204316,-1.3101404542040318,0.2810201998091985,1.8683732561977329,-1.0969166735885052,0.015430420032882308,0.021306539414643444
2021-12-17,73.5199966430664,70.86000061035156,-0.0457927070036402,0.5778117934347364,-3.005319001598328,-1.1522611023587386,0.8005136298679933,1.5779166087881489,-1.116635617849088,-0.01999466898321478,-0.021000230737016623
2021-12-20,71.5199966430664,68.2300033569336,-0.0204940615707902,0.1491425598430709,-2.818807384812396,-1.436448084466835,0.4810287042823728,1.756346425814946,-0.9134589653218844,-0.027203483287816743,-0.03711539981321654
2021-12-21,73.9800033569336,71.12000274658203,-0.3244616311255755,0.4796965345277589,-2.6843364099385703,-1.2263080316059145,0.0895266723570468,1.5376578309472242,-1.1066023874102335,0.03439606864279221,0.04235672354477105
2021-12-22,75.29000091552734,72.76000213623047,-0.573499078449455,0.4152905409815891,-2.4557214346682708,-1.3641947136945392,0.3587981911764264,1.2364986407264231,-0.9476632239553646,0.017707454706015202,0.023059608075271854
2021-12-23,76.8499984741211,73.79000091552734,-0.3670270942076625,0.2307111698866473,-1.7767317291055271,-1.2054512233009078,-0.7012986751261334,1.6422178711789643,-1.2166072559384635,0.02071985043995439,0.014156112548875166
2021-12-27,78.5999984741211,75.56999969482422,-0.2859565102209569,0.6083490338645782,-1.8297363219985556,-1.2775669655278374,0.0564349405522915,1.6004810975588508,-1.1625742850703795,0.02277163350353617,0.02412249298295266
2021-12-28,78.94000244140625,75.9800033569336,-0.4074837928137637,0.4885013907064494,-2.1591528896648966,-1.3754399878384471,-0.499887581884597,1.4304511917826126,-1.3926123502602192,0.004325750303889597,0.005425481854771652
2021-12-29,79.2300033569336,76.55999755859375,-0.6479081061159819,0.1584365092791551,-1.3269015617718096,-1.3405455516069746,0.2377381989644204,1.3568876702280743,-1.2906357058310107,0.003673687693924288,0.00763351113496924
2021-12-30,79.31999969482422,76.98999786376953,-0.7652279772208695,0.3974174147882014,-2.2094327628158967,-0.9786678883021726,-0.0682130261303713,1.2581772644558793,-1.2717918731584217,0.0011358870892026474,0.0056165140920581
2021-12-31,77.77999877929688,75.20999908447266,-0.5272988737601007,0.868598010215647,-1.9749490595155144,-0.4744026173470927,-0.0313679679295689,0.893619729710368,-1.2548466450474478,-0.019415039352651875,-0.023119870485598715
2022-01-03,78.9800033569336,76.08000183105469,-0.8640305673351386,-0.1350158178841299,-3.2320850358729096,-1.2414277303497916,-0.7295223063457901,0.9644997799775143,-1.162782576104466,0.015428189720621655,0.011567647349721266
2022-01-04,80.0,76.98999786376953,-0.6436982538017274,0.3547677246316017,-2.003683034654212,-1.375586977153993,-0.6576093101312958,1.6821217695253572,-1.170317751405453,0.012914618887223117,0.011961041151597351
2022-01-05,80.80000305175781,77.8499984741211,-0.5927524274068816,0.3576943811387183,-3.3071305425486184,-1.9924361453493789,-0.8516205091300876,1.1474497632321452,-1.2191388335317634,0.0100000381469727,0.011170290092400004
2022-01-06,81.98999786376953,79.45999908447266,-0.6348019941188435,0.3961621149796242,-2.392544329496326,-2.286294603840878,-0.271868220927782,0.8583025329416617,-1.259943620690828,0.01472765800824849,0.020680804648785633
2022-01-07,81.75,78.9000015258789,-0.7702992813988103,0.3957426122683958,-1.800529539010688,-2.0029078258486535,-0.3560002620648671,1.1301296609792413,-1.2744412218846763,-0.002927160263722639,-0.007047540461187607
2022-01-10,80.87000274658203,78.2300033569336,-0.905926924621326,0.4465933494493443,-1.3541921971511932,-2.000539715840075,0.1405714928178555,1.142611676176886,-0.8923193556215417,-0.010764492396550085,-0.008491738352191969
2022-01-11,83.72000122070312,81.22000122070312,-0.2971191147848362,0.324986166938994,-1.4737188539726034,-1.7534798929616533,0.1998794061997736,0.8709665005329373,-0.9584011095700512,0.03524172594691244,0.038220602524166036
2022-01-12,84.66999816894531,82.63999938964844,-0.7580504319276726,0.2755292312911525,-2.3733388601881766,-1.6007445784092966,0.5897124965651876,1.1498137223302645,-0.9916364555112338,0.011347311686460637,0.017483355671057854
2022-01-13,84.47000122070312,82.12000274658203,-0.5700517151464094,0.2840659133054558,-3.197073120802413,-1.756870182247298,-0.2597515069322583,0.946059986395391,-1.0349672201321776,-0.0023620757360018896,-0.006292311797034489
2022-01-14,86.05999755859375,83.81999969482422,-0.3576308830169741,0.3140089726422318,-2.6142123476663817,-1.7742582519783832,-0.1139143268358739,1.420523163588209,-1.172189534841284,0.018823207232308237,0.02070137471242295
2022-01-18,87.51000213623047,85.43000030517578,-0.7087121798232819,0.3985032251554271,-2.40420312054077,-1.676881578395317,-1.482990505638195,-0.8237838951805585,-0.9601467745243552,0.01684876387138501,0.01920783364606682
2022-01-19,88.44000244140625,86.95999908447266,-0.4394032089477024,0.5015099971823866,-2.5874639712235106,-1.6443951016152376,-0.2385301915548099,1.0871951955567158,-0.921187993820688,0.010627360101397532,0.017909385155464808
2022-01-20,88.37999725341797,86.9000015258789,-0.3016966644964473,0.432333226917012,-1.8446083494892749,-1.6403690041907697,0.3005841803716957,0.6039769452695865,-1.161540033830463,-0.0006784846939373868,-0.0006899443333189259
2022-01-21,87.88999938964844,85.13999938964844,-0.5958761648297715,0.6189946187584833,-4.432731786565745,-1.7467276836012855,-1.960089049779908,0.1861357011930916,-1.230621358769488,-0.0055442167797824515,-0.02025318878396498
2022-01-24,86.2699966430664,83.30999755859375,-0.1705262764348034,0.4396754563815327,-2.953470411591081,-1.970189944762384,-1.706614142931526,0.3732096232978127,-1.2128509175160649,-0.01843216245115631,-0.0214940315265868
2022-01-25,88.19999694824219,85.5999984741211,-0.2891705667000007,0.6726848649683957,-2.262452482767106,-1.9709573189584504,-0.4631439678297453,1.3986301653995428,-1.1849770364026353,0.02237162837922635,0.027487708349970053
2022-01-26,89.95999908447266,87.3499984741211,-0.4132716414099134,0.7951515919718255,-2.281161658752707,-1.945616788039448,0.2231975279525982,1.3848682248780653,-1.1284882486121646,0.01995467343681745,0.020443925598071955
2022-01-27,89.33999633789062,86.61000061035156,-0.2295027744259282,0.541171198420512,-1.7498931960983646,-1.6786878234257283,0.6017957055035513,1.430320030285628,-0.9432487990809192,-0.006891982579944722,-0.00847164140465062
2022-01-28,90.02999877929688,86.81999969482422,-0.6700545345848326,0.7028060992764245,-2.7441138085129584,-1.8556187663595751,0.5897264918287703,1.973991896827804,-1.2042676067945426,0.007723331874747386,0.0024246516914070426
2022-01-31,91.20999908447266,88.1500015258789,-1.0172088488944784,0.5309347302852719,-2.005635520105399,-1.9268406849268305,0.1441418796744304,0.5601861214655292,-0.9253096757119548,0.013106745764470018,0.015319072054016392
2022-02-01,89.16000366210938,88.19999694824219,-0.5211105477222061,0.5957167244933377,-2.2539968882665167,-1.5508384370227688,0.6006726973470045,1.357556729688494,-0.9889401302674627,-0.022475555782702217,0.0005671630345758238
2022-02-02,89.47000122070312,88.26000213623047,-0.4171513819344997,0.5093020779384114,-2.5971575003767904,-1.5326239927414929,0.8649893670706561,1.3340493312313595,-0.9530405776268354,0.003476867943708939,0.0006803309531120405
2022-02-03,91.11000061035156,90.2699966430664,-0.4332215039141287,0.5042967976757766,-3.0436949155544726,-1.4222855046492011,0.908565349977202,1.3423400838529904,-1.091437276675151,0.018330159464320595,0.022773560595811926
2022-02-04,93.2699966430664,92.30999755859375,-0.8520559289099762,0.5105027638661773,-3.198714730449736,-1.2816587551359335,0.5352136383685873,1.3505073151315796,-1.1669425325582063,0.0237075624875962,0.02259888103899721
2022-02-07,92.69000244140625,91.31999969482422,-1.2014652402716617,0.6265142760250164,-1.5375604631605628,-1.4095789611662342,0.885668004594511,1.9194898054612364,-0.8163959124463432,-0.006218443470945245,-0.010724709023430812
2022-02-08,90.77999877929688,89.36000061035156,-0.7758921234384503,0.5775725691777692,-2.212485916806992,-1.2593899582906751,0.8089460570646241,1.7349511128639274,-0.820839746825956,-0.020606361115555916,-0.021462977343655654
2022-02-09,91.55000305175781,89.66000366210938,-0.7443186311175416,0.6413069367913543,-2.4103164631402603,-1.462146495979058,0.2545079336305913,1.283014758325908,-0.7918408174375493,0.00848209168115277,0.0033572409322819574
2022-02-10,91.41000366210938,89.87999725341797,-1.2638255465017758,0.8314368276578074,-2.5066805979123625,-1.5245276238252292,-0.584849974031694,2.0769036520705138,-0.7822092473170758,-0.0015292122881666037,0.002453642452856286
2022-02-11,94.44000244140625,93.0999984741211,-1.5312240841166642,0.8388559204470936,-2.364342723439561,-1.54063876016712,-0.1121639545217371,1.9318729556407408,-0.9119156351269048,0.03314734337498826,0.035825559847585176
2022-02-14,96.4800033569336,95.45999908447266,-1.4708309176108787,0.9082948265516626,-2.821745912674172,-1.5576702394183335,0.0039085617392447,2.2535888531162214,-0.8232803388612909,0.02160102565428268,0.025349093974556425
2022-02-15,93.27999877929688,92.06999969482422,-1.0561390553127832,0.8342991735525844,-1.4514105865346818,-1.7823819739289493,0.4331907448574948,2.0194768980792728,-1.0882690486873292,-0.033167542146512075,-0.035512250389282185
2022-02-16,94.80999755859375,93.66000366210938,-0.8184629397120273,0.7776900197583158,-1.6324630729348113,-1.6786574255023816,0.1972200650040819,2.031036886510788,-1.0488025533307126,0.016402216973832706,0.017269512029492784
2022-02-17,92.97000122070312,91.76000213623047,-0.8171454783847137,0.6427180554699442,-1.708046941514688,-1.9768135888590068,0.6292102087735616,2.0674334970542896,-1.0926085299224064,-0.019407197397652953,-0.020286156860866766
2022-02-18,93.54000091552734,91.06999969482422,-1.7611085355438945,0.6320970206650856,-1.2274728384804854,-2.292240664146728,0.0779372794344784,1.7393630318720286,-1.3349236227367334,0.0061310066402073815,-0.0075196428219546085
2022-02-22,96.83999633789062,92.3499984741211,-0.9485980109691576,0.6851799462745094,-1.1484842784688831,-1.9634855570091176,0.4485433449805578,2.0160528874916563,-1.3449253137331192,0.035278975732995654,0.014055109076382521
2022-02-23,96.83999633789062,92.0999984741211,-0.2148755213252154,0.7303692071505109,-1.9394921201531945,-2.0859918014892718,0.7162686713983981,0.5123539575557556,-1.418683979997469,0.0,-0.0027070926272950713
2022-02-24,99.08000183105469,92.80999755859375,-0.3332445699661123,0.7522327808525853,-1.664691491914966,-3.127218436009763,0.1870721043722302,1.8987522203848568,-1.787132448684974,0.0231309952279255,0.007709002130680265
2022-02-25,97.93000030517578,91.58999633789062,-0.1558139854321098,1.07089260405621,-1.525357416778084,-2.7519582856282176,0.1671820749992284,2.344375740897835,-1.5874300890440054,-0.011606797584035378,-0.01314514872099748
2022-02-28,100.98999786376953,95.72000122070312,0.1922206590865938,0.996959935810153,-1.4378288958107448,-2.6061641161724576,0.6299763861390396,2.338452545210743,-1.165447377965943,0.03124678391767577,0.045092314094830055
2022-03-01,104.97000122070312,103.41000366210938,0.2308754501541182,0.8501138007086891,-1.0558692771769151,-2.674373302691267,-0.1405546960246093,1.8812896159540464,-1.2906629878101077,0.03940987663255946,0.08033851173565365
2022-03-02,112.93000030517578,110.5999984741211,-0.4325907200008375,0.7290340407073151,-1.776622590948036,-2.7929899075094418,-0.5513353385540014,2.2151621978539437,-1.2242362980364028,0.07583118026012481,0.06952900645381388
2022-03-03,110.45999908447266,107.66999816894531,-0.2065825480148426,0.8763336421413414,-1.6358304077101655,-2.6766816212098234,0.0815934318851148,2.087504064853051,-1.3148072567111095,-0.02187196682925996,-0.02649186569257833
2022-03-04,118.11000061035156,115.68000030517578,-0.0202375904891064,1.120293336855707,-2.0565834876654447,-2.901800736013719,-0.0077146423136975,1.8196394906106244,-1.41386077741079,0.0692558536056902,0.07439400271616936
2022-03-07,123.20999908447266,119.4000015258789,0.0473296656191948,1.2582864678227168,-1.348622207423436,-2.752647412637921,0.0104702551080853,1.9886073934351771,-1.3862791564878705,0.04318007321789907,0.0321576868161253
2022-03-08,127.9800033569336,123.69999694824219,0.2244192102919674,1.1557359612689988,-1.1739558534307235,-2.6664850512916094,0.7506135672970135,2.4793332561951567,-1.3126551247828682,0.038714425029665156,0.03601336153610757
2022-03-09,111.13999938964844,108.69999694824219,0.2256725534090859,0.963285044707222,-2.796439903306612,-2.666098758006199,0.3941884593302199,1.9899204891509572,-1.2750934294933438,-0.13158308740091784,-0.12126111859385258
2022-03-10,109.33000183105469,106.0199966430664,0.0960227486507672,0.9479411823053204,-1.6881578531249783,-2.678824618045434,0.2350875144631492,2.2328383373797807,-1.297460698826972,-0.01628574382340997,-0.024655017299143767
2022-03-11,112.66999816894531,109.33000183105469,-0.1023077779383043,0.76097741957016,-1.6929190665335654,-2.731770344938014,-1.362429703544512,1.7257458535769876,-1.4525705736189511,0.030549677873890957,0.03122057435194936
2022-03-14,106.9000015258789,103.01000213623047,0.0080686602001083,-0.0050485842784089,-2.481586465777975,-2.7441229315937097,-0.6439868317820967,1.141396701745777,-1.075075918157631,-0.05121147365614109,-0.05780663668688468
2022-03-15,99.91000366210938,96.44000244140625,0.048527744217521,-0.1688190471845718,-2.696234583753629,-2.780455756701158,-1.0787829837090517,1.9768977881209184,-1.1418721094893367,-0.06538819236665172,-0.06378021122779332
2022-03-16,98.0199966430664,95.04000091552734,0.281318682900657,0.1690731184792205,-2.326528111649111,-2.441480712304966,-0.4420520044291147,1.952184694810504,-0.9616561912409212,-0.018917094883059704,-0.014516813463681721
2022-03-17,106.63999938964844,102.9800033569336,0.2488406139327726,0.2525825859433256,-1.8460975847957375,-2.5737451823465807,0.1126688081175342,0.9764485190020546,-1.1687083280466528,0.08794126751474218,0.08354379592718453
2022-03-18,107.93000030517578,104.69999694824219,0.0053670915075894,0.2632653466420505,-1.883979021770784,-2.451219659011001,-0.1756792119404165,-0.5256250820763491,-1.0745360909957384,0.012096782847999199,0.01670220950903456
2022-03-21,115.62000274658203,112.12000274658203,-0.1090856155029065,-0.4896469761880971,-2.5891373359711,-2.7549091942895765,-0.8501760924473772,1.6646147329115986,-1.0788014318385162,0.07124990660300656,0.07086920739842895
2022-03-22,115.4800033569336,111.76000213623047,0.1131886366359869,-0.1189709494150525,-1.8540857635384127,-2.902930047258467,-0.2883510328028323,1.7533929073601642,-1.0214489478204418,-0.0012108578647528345,-0.0032108508877336517
2022-03-23,121.5999984741211,114.93000030517578,0.0567248872846379,0.0205262714668096,-1.264315256819717,-2.4152709171982982,0.0828363920140664,1.836707513761188,-0.9770030766574312,0.0529961459930981,0.028364335257270445
2022-03-24,119.02999877929688,112.33999633789062,0.3698375258186922,0.2150114991192305,-1.7829271220504066,-2.415610554566172,-0.1902478955074121,1.4387389639221193,-1.0754063973780936,-0.021134866176590994,-0.022535490824048265
2022-03-25,120.6500015258789,113.9000015258789,-0.0241400083790549,0.3817141818414934,-0.9923419300980872,-2.546829187313565,-1.6497461865920016,2.176798880201358,-0.9688670561772994,0.013610037496394556,0.01388646287023354
2022-03-28,112.4800033569336,105.95999908447266,-0.0178318415434224,0.017742613860509,-2.9246228572695454,-2.388334056110434,-0.0528134568858008,1.2212347522266918,-0.4464491932488897,-0.06771651940006718,-0.06971029266933082
2022-03-29,110.2300033569336,104.23999786376953,0.2034873642011001,0.3063933959976487,-1.777137897470201,-2.2262498080088187,0.2066467993226737,2.1391724163525105,-0.9234539139199256,-0.020003555590766275,-0.01623255224202025
2022-03-30,113.44999694824219,107.81999969482422,-0.0869698788202854,0.3270463257594587,-0.9042029297614926,-2.213697563005376,-0.4811134530987025,1.7106246431931909,-0.932283213706607,0.02921158934271273,0.034343840218928
2022-03-31,107.91000366210938,100.27999877929688,0.1564633659566241,0.3257851503861781,-1.696516467932328,-2.1782507601938144,0.3232094676473346,2.5946857131013443,-0.9003384396715861,-0.048832026753251045,-0.06993137578249586
2022-04-01,104.38999938964844,99.2699966430664,-0.370413706812643,0.1560054924164533,-1.4936522879841314,-2.2345570257562386,-0.1019035943445526,1.5352177071858424,-0.8959320778494497,-0.032619814224850385,-0.010071820388164898
2022-04-04,107.52999877929688,103.27999877929688,0.0576893099030447,-0.5716213850990686,-2.08404094620872,-2.988121998747927,0.2187912650090861,1.72938899304005,-0.9681542835488202,0.03007950386059499,0.04039490552869429
2022-04-05,106.63999938964844,101.95999908447266,0.1117739422699977,-0.4871850586432648,-1.6826815309732268,-3.0248761281638843,-0.2918888584644076,1.394163604986438,-1.0718470379711749,-0.0082767543918153,-0.012780787281426842
2022-04-06,101.06999969482422,96.2300033569336,-0.1382940908537604,0.0014503546816512,-2.1835113030923905,-2.9259050313183734,0.119055794567298,1.6249501422337718,-1.1950710347941167,-0.05223180538919714,-0.05619846782061888
2022-04-07,100.58000183105469,96.02999877929688,-0.0279234683235863,0.0900191041631047,-1.9291814228524569,-2.6699190300429136,-0.7389646742409071,1.6856566571028966,-1.1635991674972903,-0.004848103940329085,-0.0020784014409193086
2022-04-08,102.77999877929688,98.26000213623047,-0.1036208908355381,0.3212515603947236,-2.1700321623534427,-2.831076623697657,0.1452106817527572,1.4483119470599868,-1.1089394251655114,0.02187310507249296,0.023221945072172234
2022-04-11,98.4800033569336,94.29000091552734,0.0900565266594314,-0.0128408273908987,-1.6221428205771742,-2.730630405173024,0.3875516899218334,1.2934472512987083,-0.9833468487497946,-0.041836889214182715,-0.04040302396084827
2022-04-12,104.63999938964844,100.5999984741211,0.1305031132301341,-0.1988470759110312,-2.248660869742558,-2.648342979762728,0.5089421455324861,1.2649222617257627,-1.2115635273381318,0.06255072931291839,0.06692117400917996
2022-04-13,108.77999877929688,104.25,-0.1823527117731077,-0.0170936937526353,-1.901296641276394,-2.7169297750296346,0.4299361440644563,2.147712096672925,-1.599748660909444,0.03956421458138881,0.03628232188112657
2022-04-14,111.69999694824219,106.94999694824219,-0.0910616701199013,0.1762147472511753,-2.6276202557814616,-2.5927356808905637,0.4603547596013895,1.5817763180169524,-1.3526484615071237,0.02684315316889907,0.02589925130208326
2022-04-18,113.16000366210938,108.20999908447266,-0.025798229322777,-0.2865379384874918,-3.9738094635473145,-2.716631598842421,-0.8661845460861853,1.2645821424794712,-1.1218538270662106,0.01307078562001851,0.011781226481383023
2022-04-19,107.25,102.55999755859375,-0.3048878327847331,0.0541076017729337,-2.3703055807046884,-2.53466512556348,0.4247162525809018,1.7469049333018007,-1.1204171528470417,-0.05222696598487553,-0.05221330351798925
2022-04-20,106.80000305175781,102.75,-0.059601285215337,-0.0794694368557962,-3.515777089101795,-2.27124754534208,0.4271842014852916,1.8745859985411084,-1.173810722839463,-0.004195775741185903,0.0018525979517276525
2022-04-21,108.33000183105469,103.79000091552734,0.0925460569487768,0.2423390819998563,-3.001089067594657,-2.3415383666872898,0.6645622322853292,1.3915745902361385,-1.0614473723808016,0.014325830857470967,0.01012166341145826
2022-04-22,106.6500015258789,102.06999969482422,0.2207052812866715,0.3126297536958463,-3.23457629129949,-2.351207390268807,0.2944868638686915,1.3493113410440267,-1.1165220417523558,-0.015508172037103973,-0.016571935692562545
2022-04-25,102.31999969482422,98.54000091552734,-0.1279319530801344,0.1206488263240322,-1.1361436682339243,-2.0313994894631766,0.2705532427968365,1.559516034651133,-0.8651252934320001,-0.040600110352591035,-0.03458409708877341
2022-04-26,104.98999786376953,101.69999694824219,-0.1145828202619183,0.106289446051678,-2.673490411811533,-2.451007040055304,0.199782533322391,1.4558650640457174,-1.0020574446210944,0.026094587342736064,0.03206815509798622
2022-04-27,105.31999969482422,102.0199966430664,-0.0165205389479242,0.0450560450977541,-1.72260717372312,-2.3486257922370286,0.6078832148339902,1.920825437428252,-0.9689253054601524,0.003143173995325599,0.00314650643487302
2022-04-28,107.58999633789062,105.36000061035156,-0.0606037647096023,0.4305062914688842,-1.7524320436080778,-2.355885015616524,0.6402723176790602,2.0195198868477906,-0.9411743543284828,0.02155332937375576,0.03273871865503697
2022-04-29,109.33999633789062,104.69000244140625,0.2466051922840676,0.3584831100568258,-1.8882705427604876,-2.209835305471559,0.4270001038408941,1.8439856873785003,-0.8747384497401098,0.01626545273320823,-0.006359132166514847
2022-05-02,107.58000183105469,105.16999816894531,-0.2253076888205987,-0.2826280057467974,-3.300393730341511,-2.806369833764653,0.3240502110397831,1.2100767466721118,-0.7345900361761402,-0.016096529776689183,0.004584924217646336
2022-05-03,104.97000122070312,102.41000366210938,0.0988312784414252,-0.4803439101772255,-2.037590834151612,-2.5537984136559126,0.477738936896892,1.7813636826395527,-0.935939193146738,-0.024261020319095605,-0.026243173479971738
2022-05-04,110.13999938964844,107.80999755859375,0.0313279984904844,-0.278828721996181,-2.4717345261966988,-2.4755185048869115,0.0839319867486995,0.7290840304915897,-0.897396924266726,0.049252149269534806,0.052729164177174104
2022-05-05,110.9000015258789,108.26000213623047,-0.095123458092279,0.1548161244855803,-3.717571865726645,-2.0825088333999475,0.0312142660571698,2.2639885906234984,-1.0290834624087033,0.006900328131851152,0.004174052386858973
2022-05-06,112.38999938964844,109.7699966430664,-0.2058455557157268,-0.2611574553939837,-3.0595851286926194,-2.1194640138649974,-0.5702103892358021,1.0725562586673567,-1.094283221656786,0.013435508054721046,0.013947852180307585
2022-05-09,105.94000244140625,103.08999633789062,-0.014393218780147,0.0199898218548664,-2.6680686709329158,-1.899483609999202,1.0473746300900115,2.0717442560298416,-0.8812140146119695,-0.057389420618114695,-0.060854518624946285
2022-05-10,102.45999908447266,99.76000213623047,0.0492137767168795,0.1461594223320745,-2.86572198600097,-2.2367654244286856,0.9284734187289382,1.726283628125204,-1.02360022688924,-0.032848813259734766,-0.03230181705260393
2022-05-11,107.51000213623047,105.70999908447266,-0.1485483160017889,0.0812395214019896,-2.6253925633722144,-2.021867948915986,0.7488434001987938,1.4949372769901457,-1.0873755420532392,0.04928755706501975,0.05964311167633074
2022-05-12,107.44999694824219,106.12999725341797,0.0718115024712274,-0.185911082429024,-1.8669476478929212,-2.147961963209796,0.2274375120375204,1.9585105545995327,-0.9566714719004316,-0.000558135864533349,0.003973116758895223
2022-05-13,111.55000305175781,110.48999786376953,-0.1832864070519695,0.0016602018903881,-3.103230051646824,-2.3054653444030326,-0.3131368498187379,0.5355449898502594,-0.9865404550782096,0.03815734034399809,0.04108169907835513
2022-05-16,114.23999786376953,114.19999694824219,0.1619365959093316,0.0750448705961179,-3.6532126752978455,-1.9752743440068845,0.5307650535392978,1.2949254855076953,-1.144662693826334,0.024114699582424848,0.03357769170243774
2022-05-17,111.93000030517578,112.4000015258789,0.2278554814056245,0.2895589984980481,-3.345408306666062,-2.1293934937500203,-0.0699755590785257,1.9891619759391,-1.0531485328790395,-0.0202205672425555,-0.015761781702840816
2022-05-18,109.11000061035156,109.58999633789062,0.2836934382901969,0.3801514477780918,-1.7822717832630126,-2.376967797729861,0.4842277440029673,1.5666095130517093,-0.8856368874815792,-0.025194315082064933,-0.02500004581709292
2022-05-19,112.04000091552734,112.20999908447266,-0.1526921588345704,0.3107265867035143,-2.1131001110622893,-2.3397211906577176,0.7159820417851512,1.5639350354951087,-0.9655000729939898,0.02685363659413098,0.023907316672444834
2022-05-20,112.55000305175781,113.2300033569336,-0.581955891049363,0.6371871106738625,-2.093888763832328,-2.0928123885737158,0.5009128044421203,1.287043710947318,-1.111570288556075,0.0045519647631473426,0.009090137071412485
2022-05-23,113.41999816894531,110.29000091552734,-1.2003890908371533,0.4270071781406322,-2.979242563888528,-2.73977667062176,-0.0320180363277698,1.1431891422070204,-0.8897367190126587,0.007729854230100974,-0.02596487109638701
2022-05-24,113.55999755859375,109.7699966430664,-0.5987407557052375,0.3202228322196386,-3.699561871998172,-2.426599775137954,-0.0804154343873805,0.8678753660082535,-1.086887472068071,0.0012343448413736358,-0.004714881386747027
2022-05-25,114.02999877929688,110.33000183105469,-0.4539589632774855,0.4564668541662212,-2.6612098653218146,-2.169405179968982,0.6161335730125752,1.1591195693523262,-1.856771910416284,0.0041387920993976035,0.005101623440959102
2022-05-26,117.4000015258789,114.08999633789062,-0.272092143033886,0.4927258279170226,-1.8303394563136377,-2.139502118177175,1.0048654749924169,1.101197173917691,-1.4817399209484603,0.02955365064157034,0.0340795290894087
2022-05-27,119.43000030517578,115.06999969482422,-0.5241451488092552,0.5125287676773255,-1.501400923146014,-2.159919638546957,0.5197098853899444,1.6171715208921067,-1.4324521280684916,0.017291301132133174,0.008589739577440358
2022-05-31,122.83999633789062,114.66999816894531,-0.3340632509581517,0.5585381343533627,-2.219853654886874,-2.328668357410516,0.199691641619837,1.8105590424285547,-0.9587159567064848,0.02855225675292128,-0.0034761582249043244
2022-06-01,116.29000091552734,115.26000213623047,0.1943248362644087,0.5156976133313442,-1.8464766190661612,-1.7939451494474916,0.2890844062304565,2.0714647619215625,-1.136387760050212,-0.05332135800742366,0.0051452339470337005
2022-06-02,117.61000061035156,116.87000274658203,0.045843578236957,0.4094538290078044,-4.310095483718041,-1.923444676014268,-0.4856307701003844,1.8578433832581367,-1.2501298517189354,0.011350930298668294,0.013968424262639223
2022-06-03,119.72000122070312,118.87000274658203,0.0700225465489857,0.3908116380975666,-3.3808624759121244,-2.284398159076615,0.2646174295593545,1.2110971272989743,-1.2900523519519564,0.017940656401678856,0.017113031171366977
2022-06-06,119.51000213623047,118.5,-0.7868959329192053,0.588372684204186,-3.19656837437723,-2.0248707028082285,-0.8957695891934061,1.0223864138275247,-0.9285307973984754,-0.0017540852182712507,-0.003112667098787214
2022-06-07,120.56999969482422,119.41000366210938,-0.2421953606521747,0.5578501684627307,-1.9823800028956788,-2.154425017880512,-0.1035884557496039,-0.5136217292940423,-1.0852091916939073,0.008869530078206012,0.007679355798391407
2022-06-08,123.58000183105469,122.11000061035156,-0.1215428833513857,0.7892857979001237,-1.890249172548428,-2.2022384773533203,-0.109184549381835,0.9327763350667216,-1.0435710877875737,0.024964768548138894,0.022611145343251815
2022-06-09,123.06999969482422,121.51000213623047,-0.0366094102091379,0.2293470387907606,-3.003524666059961,-2.312315545177602,-0.0314542252993203,1.4167797650632732,-1.1068145483954437,-0.004126898597458295,-0.004913589969061327
2022-06-10,122.01000213623047,120.66999816894531,-0.4446907259372083,0.4460351651006425,-2.7113549865315,-2.204836258558404,-1.088605725924087,0.4322138367562746,-1.0928006651821396,-0.008612964664192924,-0.006913043803121521
2022-06-13,122.2699966430664,120.93000030517578,-0.5077498577370724,0.2586039143560776,-2.79998676876663,-2.308027207311557,-0.1136071518451611,1.2752444524202489,-0.8848981998968948,0.002130927811521799,0.002154654348021534
2022-06-14,121.16999816894531,118.93000030517578,-0.3999165711706472,0.5403220080103065,-3.135975550714492,-2.254674484921127,-0.0955539358495061,1.343815628610792,-0.9404520514486464,-0.00899647096034717,-0.01653849330152035
2022-06-15,118.51000213623047,115.30999755859375,-0.1948107319223746,0.604802173311771,-3.4128002486103663,-1.8072919852148657,0.1433189077547904,1.3902894969513295,-0.8463288593841847,-0.021952596128672508,-0.03043809583194368
2022-06-16,119.80999755859375,117.58999633789062,-0.1598770485526849,0.7425961710309151,-2.9026327522752124,-1.6915941294541328,0.5952698052031044,1.4033162461500857,-1.0091497567222,0.010969499611255706,0.01977277623424034
2022-06-17,113.12000274658203,109.55999755859375,-0.2022593177478535,0.4945344802949252,-3.13847876988936,-1.5550558373818375,0.0326754889695248,1.0394468498700653,-1.110522278783183,-0.05583836865316638,-0.06828811148376057
2022-06-21,114.6500015258789,110.6500015258789,-0.1300480956701804,0.4109067880117013,-2.0615201233580054,-2.0369053326996207,1.3835520864370867,1.7167361957705507,-0.8291334636132884,0.013525448569202014,0.009948922887682787
2022-06-22,111.73999786376953,106.19000244140625,-0.0266546156721816,0.4201227086548641,-2.0330285878562817,-2.084393902537283,1.2165599596767396,0.3988268418383272,-1.0041045230045202,-0.025381627766071335,-0.040307266362120675
2022-06-23,110.05000305175781,104.2699966430664,-0.1442245316353282,0.5747588650956886,-2.2035013781760067,-1.9068317777642656,0.8176006842861921,1.5583168402669718,-1.0265275351286345,-0.015124349779137458,-0.018080852756353072
2022-06-24,113.12000274658203,107.62000274658203,-0.1210399084060219,0.703253062866857,-2.704926502588547,-2.072696677369848,0.3626191243879431,0.0422620330935564,-1.3228417343532155,0.027896407175748594,0.0321281884661726
2022-06-27,115.08999633789062,109.56999969482422,-0.185264770337925,1.005960884532889,-2.777522575608817,-2.1492503789362707,0.4952424778984234,1.89642266431644,-0.9331445734631092,0.01741507729381775,0.018119279859469373
2022-06-28,117.9800033569336,111.76000213623047,-0.0650204699998962,0.8639224269928886,-1.9517254057422249,-2.347255876223908,0.2253059925037741,1.5829018500167198,-1.4678586522120214,0.02511084465202562,0.019987245117330188
2022-06-29,116.26000213623047,109.77999877929688,-0.0859502258308619,1.0318620923154516,-5.5238076372649285,-1.798051161185222,0.0164288561849387,2.174223019214088,-1.2569961445608089,-0.014578752091568226,-0.01771656513141484
2022-06-30,114.80999755859375,105.76000213623047,-0.1467462644790064,0.7821865796703686,-3.4247562377416485,-1.836440549029756,0.3924662367764031,2.3889972920183533,-1.0590374853152853,-0.012472084560411711,-0.036618661757760296
2022-07-01,111.62999725341797,108.43000030517578,0.1890261934563769,0.9324366071481148,-2.335085042336598,-1.9708138905470989,0.1876958657813783,2.0687568198172737,-0.9799225129287668,-0.027697938966968927,0.025245821813676406
2022-07-05,102.7699966430664,99.5,-0.5516959987118643,0.5634323397164341,-2.476703118485714,-1.897656208369107,0.4022294697932506,0.615882551605422,-1.3676227758352033,-0.07936935257857203,-0.08235728377794271
2022-07-06,100.69000244140625,98.52999877929688,-0.3393416992335567,0.620563425523362,-2.28961201275877,-2.114068506768595,0.2619555873122096,0.8330018674131278,-1.3258042950565796,-0.020239313706355788,-0.009748755986966118
2022-07-07,104.6500015258789,102.7300033569336,-0.3138709143257893,0.3949314803177309,-1.5093502972589063,-2.0457132581873423,0.1647161815622481,1.6906951897417313,-1.0842771433628746,0.03932862239006374,0.042626658171838194
2022-07-08,107.0199966430664,104.79000091552734,-0.5298165019132258,0.3533945257381546,-1.7124470859680392,-2.1549918373305896,0.4572097849942344,1.6164287657951122,-1.1429501537504316,0.022646871310378458,0.02005254055561867
2022-07-11,107.0999984741211,104.08999633789062,-0.3909243346545561,0.5023967811515675,-0.9791800528850658,-2.3471115732819414,0.7833647177219709,0.2325392026868775,-0.979871107085251,0.0007475409602328842,-0.0066800703456525445
2022-07-12,99.48999786376953,95.83999633789062,-0.1719242947032011,0.4711338654349022,-2.2142585187062345,-2.184091046212244,0.3597486723629708,-0.3787388483181833,-0.9373613591025368,-0.07105509541338029,-0.07925833692240081
2022-07-13,99.56999969482422,96.30000305175781,-0.0299579578005149,0.5009635366779119,-1.4453866602518284,-2.0218923135815383,0.0008378916773999,0.3421901520175046,-0.9654361775351552,0.0008041193363399479,0.004799736346456029
2022-07-14,99.0999984741211,95.77999877929688,-0.1499016599081783,0.6976648923323328,-2.211404854541564,-2.1561537349350925,-0.9136870672295512,0.4638799698715626,-1.0757255457712147,-0.004720309552512347,-0.005399836510715961
2022-07-15,101.16000366210938,97.58999633789062,-0.5248169369224728,0.5693822817390924,-2.0205115683330175,-2.4213320364808046,0.4020048395723492,-0.3689135475194168,-0.9942780410780476,0.020787136424893493,0.018897448127604077
2022-07-18,106.2699966430664,102.5999984741211,-0.3564162266701125,0.8084588464926739,-1.7409847318793512,-2.2448485811510985,-0.1030937089165415,1.100050232126118,-1.208559788574992,0.0505139659546201,0.05133725099121933
2022-07-19,107.3499984741211,104.22000122070312,-0.1758758287227896,0.7252728807743427,-1.448223891885294,-1.9518155423927188,-0.1666537842111197,1.1393419714657818,-0.9621460325236096,0.010162810437287728,0.01578950068883911
2022-07-20,106.91999816894531,102.26000213623047,-0.4733194471720004,0.6636315360450706,-3.753518373284008,-1.84389560877452,0.1684153665401454,1.5620222827541157,-0.835587256696962,-0.004005592093971444,-0.018806362133138244
2022-07-21,103.86000061035156,96.3499984741211,-0.1179004662828477,0.6690997114896666,-4.527491170763532,-1.8733586053561773,0.5265971963154003,1.6331446931316898,-1.0222628494624637,-0.02861950627569798,-0.05779389339573926
2022-07-22,103.19999694824219,94.69999694824219,-0.4017795054636397,0.926239063407921,-3.803868282568472,-1.668293544047144,0.0153345233350838,1.6651026539767608,-1.2250238150242738,-0.006354743483831582,-0.017125080975710527
2022-07-25,105.1500015258789,96.69999694824219,-1.5603830567392512,0.7067443070876998,-2.2019061994049416,-1.8277808814773449,0.0216789301763599,1.2491655057870028,-0.944039287012845,0.01889539375291549,0.02111932486220769
2022-07-26,104.4000015258789,94.9800033569336,-0.8466457530700287,0.8275674662520485,-2.4177070419579225,-1.771956195275429,1.0189252784247904,1.53715202547178,-0.9172972800897476,-0.0071326675141836215,-0.017786904297724115
2022-07-27,106.62000274658203,97.26000213623047,-0.3070701868202838,0.9393155333782046,-2.9960913074083644,-1.7553799913930828,0.976197520130283,-0.2100735688469759,-1.0221683602334293,0.021264379197856842,0.024005039994878352
2022-07-28,107.13999938964844,96.41999816894531,-1.0358709029901827,0.8738511452896291,-2.7797358297817785,-1.866027412517098,0.4474744816522082,1.0081919512337731,-1.1547951853325027,0.0048771021353501975,-0.008636684647699067
2022-07-29,110.01000213623047,98.62000274658203,-0.6201244043085536,1.1493507716174678,-1.1592963315690423,-2.43509534163684,0.4408972305854965,1.0564906765946322,-1.1260146968985194,0.026787406784877454,0.022816890887945362
2022-08-01,100.02999877929688,93.88999938964844,0.1627762573922433,0.999670533446548,-2.051071301721234,-1.9662515178294393,0.4451423488527719,0.5755360040604977,-1.02899036011109,-0.09071905429630744,-0.047961906562586476
2022-08-02,100.54000091552734,94.41999816894531,-0.2628683604630023,0.3712874249332983,-2.205301637250096,-2.003274716703458,-0.0932912552048819,0.9294072596527572,-1.553033088287276,0.005098491876978972,0.005644890645886136
2022-08-03,96.77999877929688,90.66000366210938,-0.4057691995693151,0.0467839317598645,-2.9631753493826394,-2.1152791705569998,0.4361517688231633,0.4835926526351165,-1.2678752559261235,-0.03739807143417062,-0.03982201418928433
2022-08-04,94.12000274658203,88.54000091552734,-0.1581957820753001,0.0362611965845653,-2.1676635315254527,-2.420947651257745,0.2765475068710018,1.3289503564411158,-1.2637267695553247,-0.027484976919465165,-0.02338410170909877
2022-08-05,94.91999816894531,89.01000213623047,-0.5803983449162468,0.1984299884206475,-2.029134369090729,-2.115731276109915,0.2761355621143907,1.4245787309288327,-1.5436362690694194,0.008499738621101205,0.005308348947856256
2022-08-08,96.6500015258789,90.76000213623047,0.2159747467796452,0.1331199663072678,-2.5739466771957167,-2.285530791488428,0.2345849913499396,1.3153811793500727,-1.2230082193605805,0.018225910138076618,0.019660711807664155
2022-08-09,96.30999755859375,90.5,0.0272343936748127,0.2650770662868101,-2.210909281466131,-2.320472969580724,0.3799229111017017,1.1538038774793753,-1.0788092622102736,-0.003517888897230037,-0.002864721574600715
2022-08-10,97.4000015258789,91.93000030517578,0.0188381513329835,0.1435571642629888,-2.681459244908297,-2.4023050240417034,0.3730103347645803,1.1485902045755036,-1.106309164429914,0.011317661664584922,0.015801108344483783
2022-08-11,99.5999984741211,94.33999633789062,-0.187536597966589,0.2877988493454688,-2.396417819738268,-2.33008379295026,0.2910130099248571,1.4821633403478798,-1.1519820757317731,0.022587237307770014,0.026215555582665973
2022-08-12,98.1500015258789,92.08999633789062,-0.338868691188339,0.5328439660517726,-2.176033724541744,-2.1049987419497445,-0.4695835935618453,1.4174802939455284,-1.222612967305415,-0.014558202514620922,-0.02384990552619215
2022-08-15,95.0999984741211,89.41000366210938,0.1625102823879602,0.4438511398858574,-2.3748505603215677,-2.129721766279764,0.3154480762505351,1.2902575832805456,-1.2114894091130126,-0.03107491598921297,-0.029101887092578438
2022-08-16,92.33999633789062,86.52999877929688,-0.4416450139754136,0.5195714134558049,-2.456269956138061,-2.388589713513368,0.800535899720319,1.0020717395861742,-0.992987943536641,-0.029022104947578176,-0.03221121535456328
2022-08-17,93.6500015258789,88.11000061035156,-0.3019933835023136,0.5469763076337586,-2.058019989906976,-2.205349323087288,-0.1752028576929471,1.5102213069530317,-1.0697168042681509,0.01418675806737868,0.0182595845758029
2022-08-18,96.58999633789062,90.5,-0.2116569035191912,0.5730372609675087,-2.2327387962273813,-2.2178808153830407,0.4058636768399575,1.2058210475795028,-1.1263482537844816,0.031393430476339024,0.027125177313500615
2022-08-19,96.72000122070312,90.7699966430664,-0.3819533198161388,0.7059944764322488,-3.900520658299957,-2.089121239280325,-0.1981499389091483,1.2531811683435548,-1.1558821037644669,0.0013459456231650346,0.0029833883211758394
2022-08-22,96.4800033569336,90.2300033569336,-0.1029146122972361,0.5982549181273686,-1.8273219168560528,-2.415109194255765,0.0514372862283312,1.5316933499573366,-1.073858599957615,-0.0024813674600963065,-0.005949028380558663
2022-08-23,100.22000122070312,93.73999786376953,-0.023047064612808,0.4831055018900893,-1.42076482313454,-2.219110072020954,0.0638327873299625,1.7896753185836478,-1.1596081326680268,0.038764487288968974,0.03890052506094932
2022-08-24,101.22000122070312,94.88999938964844,0.1164195688784934,0.4336919436332009,-2.803350875595617,-2.3441670589711627,0.3572454351861832,1.2926696836093925,-0.969936379110594,0.009978048172218701,0.012267991808045275
2022-08-25,99.33999633789062,92.5199966430664,0.0757950077519252,0.5978478908845327,-2.3165533705102104,-2.343859895878467,0.7779581687107787,1.7864115037641457,-0.9984876863668996,-0.018573452481128516,-0.02497631743941786
2022-08-26,100.98999786376953,93.05999755859375,-0.0362724555492591,0.8333879716667232,-2.353049105998516,-2.012071937376359,-0.0124123302164224,1.0059595274523814,-0.9215538357469704,0.016609639487670913,0.005836585982710529
2022-08-29,105.08999633789062,97.01000213623047,-0.3117778769867666,0.6289381986866894,-3.4410101223941587,-2.020214492840376,0.3044695929554949,0.3550360411130438,-0.7198278701904806,0.040598064767283004,0.042445784238815065
2022-08-30,99.30999755859375,91.63999938964844,-0.210659683995118,0.424791603701839,-4.367712660109609,-2.1417395903028087,0.1583648246588765,0.9848920097704644,-1.0568271551569466,-0.05500046608349607,-0.05535514512246864
2022-08-31,96.48999786376953,89.55000305175781,-0.3767412991596851,0.6710825257057906,-3.1003123606442475,-1.854875238534179,0.0738138560514471,0.3431345341596503,-0.980604726382633,-0.028395929555434685,-0.022806594847344708
2022-09-01,92.36000061035156,86.61000061035156,-0.0674647498437816,0.2897730523824959,-2.972764830388789,-1.975652304062637,-0.3277207731927887,1.593110922823991,-0.9139846495960096,-0.04280233542184286,-0.03283084691473426
2022-09-02,93.0199966430664,86.87000274658203,-0.1799378130933515,0.7870552798851667,-2.7292296052512914,-1.8704813196766616,-0.0743224799021964,0.6087511822186275,-0.9764397847026554,0.007145907626172843,0.0030019874656297407
2022-09-06,92.83000183105469,86.87999725341797,-2.013334820114836,0.4600035202534425,-2.452396238961669,-1.866703826708893,0.3203658294567626,1.3115596713310105,-0.841966235663345,-0.0020425157908869895,0.00011505130102373862
2022-09-07,88.0,81.94000244140625,-1.0691644726371836,0.4291380001447749,-2.165727559289351,-1.861567830393508,0.202478553034785,1.7512159817424122,-0.7528568494230059,-0.052030612256638964,-0.056859978915542286
2022-09-08,89.1500015258789,83.54000091552734,-1.949271512914577,0.7190723150612677,-1.194394790002835,-1.8115638929000837,1.1338093472544448,1.3742939085777588,-0.6962038343414265,0.013068199157714844,0.019526463588589893
2022-09-09,92.83999633789062,86.79000091552734,0.4359742050964571,1.0874032397021165,-1.3686911264974522,-1.599697243471066,0.9160254625166137,1.5130985284024987,-0.7220881888225203,0.04139085528720465,0.03890351884585552
2022-09-12,94.0,87.77999877929688,0.4593464001089125,0.408033814179237,-1.978271376729515,-1.9991913836895576,0.951503890094314,1.0588981569012494,-0.7416122185790412,0.01249465432858865,0.011406819372350219
2022-09-13,93.16999816894531,87.30999755859375,-0.3234191031759777,0.8112786644693587,-1.4162642148200222,-1.9918600059476013,-0.1483639178467834,1.5308051208224307,-0.7690358456332004,-0.008829806713347765,-0.005354308808830588
2022-09-14,94.0999984741211,88.4800033569336,0.027549160095934,0.5474769460187054,-1.3527026367452757,-1.9781718110856945,0.7442153396770014,1.510650187129414,-0.960171000904928,0.009981757255049128,0.013400593643982717
2022-09-15,90.83999633789062,85.0999984741211,0.1602043445564612,1.0220481704139155,-1.27744076875445,-1.8130440210138496,1.0129163885117336,1.5567805193684452,-0.869892933929204,-0.03464401901267855,-0.03820077706346103
2022-09-16,91.3499984741211,85.11000061035156,-0.0754313021243152,0.7817403289921525,-0.2890942867069821,-2.07764104302429,1.1123664971213838,1.110294995863614,-0.9001603763360702,0.005614290585541859,0.00011753391785918055
2022-09-19,92.0,85.7300033569336,0.1404947722659811,0.516395235954528,-1.6496386351786791,-1.9595010033679687,0.5225782223834184,1.1227387538332148,-0.9747682243370656,0.007115506696620866,0.007284722619384176
2022-09-20,90.62000274658203,84.44999694824219,-0.2879437850020942,0.9510492764666484,-2.1030828038268585,-1.8370677088199907,0.909282726990256,0.7933561105722863,-1.0375892969772518,-0.01499997014584753,-0.014930670227109921
2022-09-21,89.83000183105469,82.94000244140625,-0.3521743974977156,0.7910993844015931,-2.701847192036259,-2.2943503104661787,0.8151976757918024,0.6992991878169456,-1.0705901046223754,-0.008717732195799743,-0.017880338204883328
2022-09-22,90.45999908447266,83.48999786376953,-0.2125471004716287,0.8078011798662083,-2.810861098342401,-2.267140918340985,0.1130711599668955,0.8578230614553006,-1.1970937545089504,0.007013216526509991,0.006631244347404364
2022-09-23,86.1500015258789,78.73999786376953,-0.8588222723281299,0.7042166448271943,-2.513687916950404,-2.2491556031164346,1.9972862034272447,0.9046753405749972,-1.1592756850960872,-0.04764534161192091,-0.0568930425384675
2022-09-26,84.05999755859375,76.70999908447266,-0.2001759775964705,0.7080889557285855,-2.203782797028389,-2.7290842996233367,0.4517209477789029,0.681505827645538,-1.0525692073750563,-0.024260057228871146,-0.025781036758586673
2022-09-27,86.2699966430664,78.5,-0.0441819083522099,0.871305108186353,-1.5819908385369006,-2.318749169102423,1.2876591022056452,1.8612965311199343,-1.165315483497951,0.02629073457838471,0.023334649157747966
2022-09-28,89.31999969482422,82.1500015258789,-0.2435831585384784,0.8980523125419401,-4.365176795780209,-2.1145405968261186,1.1344857763144858,1.4839050449935889,-1.5482912945085368,0.035354157533781905,0.046496834724572
2022-09-29,88.48999786376953,81.2300033569336,0.0851704182091248,1.1490671619861783,-4.122383904429282,-2.036098283453052,0.5862146253153284,1.7494240019095697,-1.432726182545214,-0.009292452237914417,-0.01119900367446125
2022-09-30,87.95999908447266,79.48999786376953,0.143829177554305,1.0365347289592686,-3.47852963320615,-1.9280833387968668,0.5772483172792984,0.8321954353216281,-1.3406778096396157,-0.005989363680546256,-0.021420724132169333
2022-10-03,88.86000061035156,83.62999725341797,-0.1522047621898108,0.5421546034714781,-1.170842679698605,-1.8905570362117023,0.0690551655865747,1.330290068524478,-1.0803431844023432,0.010231941055554028,0.052082016617280624
2022-10-04,91.80000305175781,86.5199966430664,0.0409641532551888,0.6070768895300922,-1.603738132198977,-1.8536370169831689,0.8940510285220828,1.9662499183461843,-1.0619040561042332,0.033085780117176444,0.034556970997991154
2022-10-05,93.37000274658203,87.76000213623047,-0.0298777106848927,0.7095580676616984,-2.3068726064189407,-1.8003762280005144,0.3613394436606401,2.083640193408128,-0.9258922513323532,0.01710239262126212,0.014332010416963303
2022-10-06,94.41999816894531,88.44999694824219,-0.0363413053427577,0.4252381061764417,-2.977196046171226,-2.000225889296713,0.185099008660702,2.2478130591148533,-1.2047501490695756,0.011245532735102204,0.007862292561714224
2022-10-07,97.91999816894531,92.63999938964844,-0.3376064367041526,0.6441802892716193,-2.6464945038636656,-1.2721569795209504,0.0535224415568194,0.802791963890972,-1.301386776879252,0.03706841842696784,0.04737142550562323
2022-10-10,96.19000244140625,91.12999725341797,-0.2319484768863274,0.9249435026025944,-2.702826566855259,-3.295788806737632,0.5050084203125573,2.1304258143573045,-1.015861876212701,-0.017667440358344666,-0.016299677743728425
2022-10-11,94.29000091552734,89.3499984741211,-0.0113358612007042,0.753007009109157,-1.4868739378870643,-2.7067462096065844,0.2858585790314707,2.22376018312584,-0.9860208734406024,-0.01975258839437377,-0.019532523131181256
2022-10-12,92.44999694824219,87.2699966430664,-0.5410689276967626,0.9318099575280748,-1.861569940265992,-2.24372620704874,0.3852571455528577,1.4341541215070297,-1.0381135444965328,-0.019514306389004976,-0.0232792598385676
2022-10-13,94.56999969482422,89.11000061035156,-0.2981073872724457,0.8702560261958064,-1.9771849869697935,-1.9223601276633655,0.348904685214753,2.143686956654907,-1.1578586667529107,0.022931344689701927,0.021084038479006306
2022-10-14,91.62999725341797,85.61000061035156,-0.3476472637258554,0.8406598175671142,-1.1408429502717234,-1.8329495759244936,0.2976522235160462,2.0333570331287114,-1.1465696610245195,-0.031088108817739157,-0.0392772974528901
2022-10-17,91.62000274658203,85.45999908447266,-0.0728897586793345,1.415174595230936,-1.1839164194796314,-2.84365431719347,1.205027588147736,0.4835042811466637,-0.9560684630653876,-0.00010907461677966968,-0.0017521495714224455
2022-10-18,90.02999877929688,82.81999969482422,-0.2278206627598576,1.4598758013056492,-1.1148325389354503,-2.5614129258424594,0.93027137114645,1.7746707045035055,-0.7944372180185626,-0.017354332237721648,-0.03089163840311937
2022-10-19,92.41000366210938,85.55000305175781,-0.2896025478506388,1.4114705385424235,-1.830457617784196,-2.1285548083345587,0.5813184532380463,1.9103124221580183,-0.9375279284064548,0.026435687160753396,0.03296309305714962
2022-10-20,92.37999725341797,85.9800033569336,-0.3856754416366894,1.4152283739863956,-1.731256857978021,-2.2407690064548818,1.1073858284463087,1.8868781488342885,-0.90332451072583,-0.0003247095282142842,0.005026303797039278
2022-10-21,93.5,85.05000305175781,-0.2684395534757418,1.4507248448051446,-1.6921757152143422,-1.952289023749778,0.5166263698896423,1.3719932789688647,-1.1227413264222723,0.012123866420017615,-0.010816472073338024
2022-10-24,93.26000213623047,84.58000183105469,-0.0785876880976794,1.2276904547387404,-1.0267676270519204,-2.193435090790716,0.9208542216581328,1.2684531601760691,-1.1076809737624642,-0.0025668220724014423,-0.0055261752361972505
2022-10-25,93.5199966430664,85.31999969482422,-0.0858915805588377,1.1200018792779545,-1.0233771597994683,-1.7766251764684804,0.5669646586163217,1.8100281186387173,-0.9987359269541812,0.00278784581686109,0.008749087819218238
2022-10-26,95.69000244140625,87.91000366210938,-0.2999546821698498,1.0831965348905173,-1.9611419826883272,-2.028445959849985,0.8964304137761931,1.5113500092485186,-0.9597282757603978,0.02320365564834237,0.03035635228022948
2022-10-27,96.95999908447266,89.08000183105469,-0.3196720983722393,1.1160125056671049,-1.1088344654010531,-2.054441917363592,1.086825672891324,1.8348275617291472,-0.8712579356776174,0.01327198882499836,0.013309044707156659
2022-10-28,95.7699966430664,87.9000015258789,-0.3026165628634212,0.9186730424510428,-1.4051046407561465,-1.839491404544275,0.7945529080669461,1.1329488947217148,-1.1765556723922184,-0.012273127605637701,-0.013246523135616028
2022-10-31,94.83000183105469,86.52999877929688,-0.5132866702299352,0.876853801624452,-1.4424202863222566,-2.1886573641097478,0.6257226913077537,2.738040436433775,-0.9744574805814754,-0.009815128380082028,-0.015585924036402687
2022-11-01,94.6500015258789,88.37000274658203,-0.3270511010797471,0.9358616133121976,-1.446975181498122,-1.9230482919673977,0.7965257617479722,2.001567045550976,-0.9048889406470972,-0.0018981366835409963,0.02126434754700801
2022-11-02,96.16000366210938,90.0,-0.1616285524791946,0.911478790004997,-0.6308868789966234,-1.7684985399702036,0.3686560076586008,2.09573251645384,-0.9727104127713972,0.015953535255016416,0.0184451420477183
2022-11-03,94.66999816894531,88.16999816894531,-0.1113261753781375,1.0551117452986023,-0.6107866843009288,-1.7520751983427587,0.4056666113226111,1.97939844356534,-1.003053328218385,-0.015495064854611496,-0.020333353678385402
2022-11-04,98.56999969482422,92.61000061035156,-0.2679916995816674,1.1712573441347247,-0.91222398865782,-1.9318456712154388,0.0867706635100957,1.8781133470451972,-0.8581116977242766,0.04119574945928561,0.05035729311118531
2022-11-07,97.91999816894531,91.79000091552734,-0.1189288962217371,1.0015688720614648,-1.7363141106448494,-2.0910847732935265,0.8541449227372037,1.1144265706813885,-0.7452704289922177,-0.006594313968665277,-0.008854332031313694
2022-11-08,95.36000061035156,88.91000366210938,-0.2123693638337188,0.9730882531890608,-1.836110460017164,-1.6542862463858554,0.6450962275415446,1.708678660066435,-0.5782037719364767,-0.02614376640588656,-0.03137593664552174
2022-11-09,92.6500015258789,85.83000183105469,0.0845308526705672,0.943098588830304,-1.602489740530162,-1.8351199403622125,0.8779106895360363,2.1050239433563878,-0.6197505658624411,-0.028418614378432405,-0.034641791746627515
2022-11-10,93.66999816894531,86.47000122070312,0.3520962607547249,1.0580379443868844,-0.7647891080727324,-1.864252813281228,0.5138243222775081,1.6454775056780029,-0.7704657641399838,0.011009137898195354,0.0074565929860772595
2022-11-11,95.98999786376953,88.95999908447266,0.1458905967883928,0.4390508737888382,-1.989750385074163,-1.890391946637629,0.3032467823066457,2.52166260177019,-0.7110189736240977,0.024767799083755815,0.028796089147890003
2022-11-14,93.13999938964844,85.87000274658203,-0.1827782466213677,0.8394238043961331,-4.112210983434566,-1.914192054568553,0.5794088234596138,1.9934825677636456,-0.7810502260759884,-0.02969057753460791,-0.03473467142188813
2022-11-15,93.86000061035156,86.91999816894531,-0.3284983305886206,0.6903120654008041,-2.628801536592348,-2.2914589671954815,0.0350772969713548,1.856935304618176,-0.8613680009638459,0.007730311632180964,0.012227732488398813
2022-11-16,92.86000061035156,85.58999633789062,0.0259761943610336,0.9254118915964892,-1.5589260203830568,-2.398049573867149,0.4984896790753315,0.921559737298232,-0.8647549806163352,-0.0106541657095377,-0.015301447987488226
2022-11-17,89.77999877929688,81.63999938964844,-0.0787666064005398,0.934503468650078,-1.1644205501061504,-2.3318188771025,1.0277465240481567,2.479710662935531,-0.7250422407108398,-0.03316822970935174,-0.04615021751664128
2022-11-18,87.62000274658203,80.08000183105469,-0.0337742027162594,1.026930832964088,-2.9023544185975565,-2.1397630399595897,0.5205104693447867,1.6311681468475672,-0.742364600250279,-0.024058766563638367,-0.019108250493097723
2022-11-21,87.44999694824219,79.7300033569336,0.0926186843650204,0.7031099398625636,-3.6568893133689766,-1.9017135337378712,0.4962612541676264,2.03948036047475,-0.638015239337509,-0.0019402624173791017,-0.004370610216262061
2022-11-22,88.36000061035156,80.94999694824219,-0.1626836867830097,0.2500715846565964,-3.567407639135283,-1.9576672332926013,0.1301448409906719,1.9137939517825333,-0.7834286392391715,0.010405988494750495,0.015301562021099446
2022-11-23,85.41000366210938,77.94000244140625,-0.5917210461636527,0.3700038421865178,-2.4159226862114345,-2.284560891439253,0.283165857111831,2.5234106222585115,-0.9193688630342164,-0.033386112809698054,-0.03718338011501676
2022-11-25,83.62999725341797,76.27999877929688,-0.9802900036015584,0.3371886737299476,-2.142861687015828,-1.8497777143317025,-0.0166086162483924,2.500719917270916,-0.7431096286482393,-0.020840725118491887,-0.021298481012460013
2022-11-28,83.19000244140625,77.23999786376953,-0.2179144582779616,-0.7290770632374011,-2.965706044639093,-1.909259163066254,-0.0421385650228254,-0.2240305513078293,-1.0320330418126964,-0.0052612080170041375,0.012585200574664945
2022-11-29,83.02999877929688,78.19999694824219,-0.2062180775128529,-0.2257497881242135,-1.893750670906737,-1.6663306029471043,-0.0129055686421658,1.8510411933796305,-0.9605433160680276,-0.0019233520544980065,0.012428781862032556
2022-11-30,85.43000030517578,80.55000305175781,-0.1699865831149433,-0.0521896021734543,-2.8672076992120368,-1.648190049922847,1.034759363112311,2.4179645394970417,-0.8394855231147607,0.028905233784940476,0.030051230117962957
2022-12-01,86.87999725341797,81.22000122070312,-0.0475298880766405,0.1287400495508593,-2.346238589399955,-1.7129186620901204,0.8605900809287073,3.460133460667124,-0.6710032177407697,0.016972924535437972,0.008317791974691735
2022-12-02,85.56999969482422,79.9800033569336,-0.0531651614831219,0.3216735624914197,-2.19664162934744,-1.7700460115289844,0.8690560790097932,2.5972786895223834,-0.7838390916874488,-0.015078241252386881,-0.015267149041281347
2022-12-05,82.68000030517578,76.93000030517578,-0.1416766853217383,0.3464106000180002,-2.375079742381053,-2.1143335674867485,0.7236667219845714,2.3690227996982687,-0.6569238817668771,-0.03377351174424792,-0.03813457018932975
2022-12-06,79.3499984741211,74.25,-0.1939024847561855,0.2466623060198382,-1.5389992414501277,-1.9889242485225045,0.87475344111811,1.757815199641935,-0.6883089717807586,-0.04027578397149845,-0.03483686851091139
2022-12-07,77.16999816894531,72.01000213623047,-0.0476434062768055,-0.0289401168336892,-2.222700501428829,-2.030808485859358,1.3319580165096292,1.5020257721167882,-0.8320782856683403,-0.027473224286031384,-0.03016832139756942
2022-12-08,76.1500015258789,71.45999908447266,-0.2069005398079727,0.3882451463145282,-0.848149618602194,-1.8798844334477005,2.074387789627802,0.5299785951931547,-0.8640936319084594,-0.013217528408298818,-0.007637870232489408
2022-12-09,76.0999984741211,71.0199966430664,0.1809170664059264,0.79426251225512,-1.7427918161399698,-1.9641363406678969,2.9933646000935004,1.803287490870684,-0.7977313071411001,-0.0006566388805759882,-0.006157325035592631
2022-12-12,77.98999786376953,73.16999816894531,0.362691503309134,0.5153029154304866,-1.4791921025176016,-1.6820078646543584,1.215936113481522,-0.3841603255438049,-0.7357237730352574,0.024835734921744512,0.030273185405575553
2022-12-13,80.68000030517578,75.38999938964844,-0.0344558989934401,0.1129997616744739,-3.1790070779682527,-1.479706821274967,1.3160121331857015,2.0977095021511483,-0.6906457993401206,0.03449163373622688,0.030340320845399837
2022-12-14,82.69999694824219,77.27999877929688,0.230118406675917,0.2793205863995945,-2.227248989459223,-1.693102902399408,0.7867230619399489,2.1519321346449365,-0.7440505100624053,0.025037142233833354,0.025069629990048137
2022-12-15,81.20999908447266,76.11000061035156,-0.0858878165988973,0.419720501727196,-1.6529891948265398,-1.6655288213924382,0.4508561921893756,2.3320822507136065,-0.812386040151861,-0.018016903491569036,-0.015139728098167993
2022-12-16,79.04000091552734,74.29000091552734,0.4357151538665018,0.5499242412950908,-1.4723354705822822,-1.9270932889871435,0.5437051522923912,2.5856323191149,-0.9625752387392296,-0.026720824940388632,-0.02391275364904788
2022-12-19,79.80000305175781,75.19000244140625,-0.8578656579157533,0.4134103597435931,-2.3146598892106383,-1.6671320376154375,0.937409020904649,1.5477454855217858,-1.125866742751818,0.0096154115312157,0.012114706081404858
2022-12-20,79.98999786376953,76.08999633789062,-0.4128324353050475,0.3074730138342478,-1.065423586381098,-1.5810497414941231,0.5308631221989168,1.9932626266605369,-1.2843584470240046,0.002380887277516619,0.011969595255509224
2022-12-21,82.19999694824219,78.29000091552734,-0.532081383125589,0.3621654234052136,-0.8948890851573941,-1.231523253612672,0.1859024895245388,1.397374375932622,-0.841698939418952,0.027628442849023438,0.028913190741490125
2022-12-22,80.9800033569336,77.48999786376953,-0.5287123618089931,0.5064014806702694,-0.7945813678131228,-1.3554157379410523,0.3365239791024644,2.0776747980942054,-1.047274674299135,-0.014841771734818598,-0.010218457560384864
2022-12-23,83.91999816894531,79.55999755859375,-0.7598941915222901,0.4549613534393752,-2.676208312543116,-1.5478259486884247,0.3981397604624826,1.9240869632354296,-1.1720535771313711,0.03630519498811546,0.026713121072262203
2022-12-27,84.33000183105469,79.52999877929688,-1.0104836719154382,0.0460124731199306,-1.7139320486400542,-1.7526882376390331,0.649232180249939,1.4941931370421393,-1.4953091228592157,0.004885649083117949,-0.0003770585748796851
2022-12-28,83.26000213623047,78.95999908447266,-0.9484262720808868,0.1066738817109711,-3.1007022740477743,-1.6855538519277256,0.640992749365278,2.010005140480938,-1.4067310087897595,-0.012688244653045744,-0.007167103024935506
2022-12-29,82.26000213623047,78.4000015258789,-0.5951059080709031,0.3918649181529899,-2.715379938264739,-1.9225167724273065,0.2960835032162942,1.7127820702849277,-1.2928918270333298,-0.012010568992825599,-0.007092167744260691
2022-12-30,85.91000366210938,80.26000213623047,-0.7145090850261535,0.329837955865174,-3.0232044712585915,-1.615771820106816,0.4237557048038074,1.213163623305678,-1.227768982918927,0.044371522381365214,0.02372449711927116
2023-01-03,82.0999984741211,76.93000030517578,-0.725926716922872,0.3507929001984702,-1.9289674326501849,-2.3206078643575823,1.1124489108250195,1.1996787206529576,-1.1398002047244908,-0.04434879554857574,-0.04149017869950289
2023-01-04,77.83999633789062,72.83999633789062,-0.2819214415378039,0.3219382704189114,-2.21168670352406,-2.2868367634467344,0.6698017204115093,0.4195981627697839,-1.089909107510958,-0.05188796851894306,-0.05316526648980113
2023-01-05,78.69000244140625,73.66999816894531,-0.3035493827080245,0.2056770115622746,-1.87248917633812,-2.1188283652037985,0.655989600107083,1.3382786904068789,-1.1266512475169428,0.010919914484911919,0.01139486371202536
2023-01-06,78.56999969482422,73.7699966430664,-0.3407774344264892,0.5170028704238787,-1.72653934202815,-1.9279655789745085,0.3814124890079737,0.534643039407983,-1.2344772109132096,-0.0015250062632974348,0.0013573839637102125
2023-01-09,79.6500015258789,74.62999725341797,-0.7514789162364485,0.4204524182823994,-2.4084074996698384,-2.2783190345809143,0.4879862250706636,1.4088084690373617,-1.1057568121804089,0.013745727825500209,0.011657864301019893
2023-01-10,80.0999984741211,75.12000274658203,-0.5959685959624128,0.370325210757899,-1.6125996148195827,-1.8541531106863007,0.3355173278485556,0.9542159711432848,-0.8465331360903047,0.00564967909129277,0.0065657980865276855
2023-01-11,82.66999816894531,77.41000366210938,-0.4716901483978474,0.7075893151168196,-2.268912104395002,-1.6986938333099664,-0.160098524026672,1.2391702887053302,-0.6534974455415734,0.03208489068391862,0.030484569113404802
2023-01-12,84.02999877929688,78.38999938964844,-0.3062739741576822,0.9142240188094036,-0.9887496604283426,-1.9359118967379032,0.2914449405779178,1.1291514806682137,-0.6745882675614726,0.01645095730584445,0.01265980727525462
2023-01-13,85.27999877929688,79.86000061035156,-0.4995109594242918,0.8930301397811392,-1.9235423883080087,-1.9628105663407265,0.4982572307702244,1.4626240937041282,-1.0436593697213108,0.014875639868603407,0.018752407604907262
2023-01-17,85.91999816894531,80.18000030517578,-0.3786262579794603,0.6384634766230038,-1.5829735160096958,-2.222248622492375,0.527638443575324,1.6804558383114765,-0.8325395706939321,0.007504683381911681,0.004007008419465663
2023-01-18,84.9800033569336,79.4800033569336,0.160381588452359,0.8084410742691742,-0.6325467049420489,-2.237036964142171,1.016490211434687,2.045303898994065,-0.9629104673933891,-0.010940349534963922,-0.008730318602867326
2023-01-19,86.16000366210938,80.33000183105469,0.0694341379577867,0.993008932973605,-2.8498465084504527,-1.7708191238789448,0.7943650728801794,1.857086214011353,-1.1256574140816908,0.013885623188546248,0.010694494693261003
2023-01-20,87.62999725341797,81.30999755859375,-0.0818083845972469,0.991222842238388,-2.2651213205960445,-1.6903025398036644,0.7992586024795753,1.9441738822717989,-1.0925534663844312,0.017061206230601034,0.012199622870669558
2023-01-23,88.19000244140625,81.62000274658203,-0.2427716988087845,0.7738184257576646,-2.4125248144944007,-1.8338565283463704,0.5890123058880276,1.5149785084538447,-1.2144598971519998,0.006390564938268728,0.0038126330992063195
2023-01-24,86.12999725341797,80.12999725341797,-0.4997182780226757,1.013665969796528,-2.031672161934772,-1.8307372999668177,0.3368915312246346,1.452721873217261,-1.1650661171220835,-0.02335871562490266,-0.018255396263466284
2023-01-25,86.12000274658203,80.1500015258789,-0.3181550007120636,0.657153159106304,-1.6594564779058176,-1.6198361349431467,0.5105947225937737,1.4790845069189158,-1.0326094238268717,-0.0001160397904870214,0.0002496477367603944
2023-01-26,87.47000122070312,81.01000213623047,-0.361639798875502,0.6049444645601924,-3.0336153581462915,-2.018064604402408,-0.0687898244768208,1.0012513958882887,-1.0538227656066952,0.015675782989622356,0.010729888883082461
2023-01-27,86.66000366210938,79.68000030517578,-0.1312237425356155,0.6539323694742595,-1.5400982015001763,-2.1374230718390774,-1.108465465134981,-0.6053620260311183,-1.0032207553310315,-0.009260289782664799,-0.016417748376528762
2023-01-30,84.9000015258789,77.9000015258789,-0.1445331727755083,0.9747448886930618,-2.8497278688442704,-2.318855412865356,0.4222206831803899,0.4086115075870072,-0.95294983852732,-0.020309278350515436,-0.022339342024089492
2023-01-31,84.48999786376953,78.87000274658203,-0.5550965142871724,1.0423895549676498,-3.4172147959245165,-1.8790991398866272,0.1693043257043107,1.5087329423664293,-1.0833553387896466,-0.004829253883869455,0.012451876786945704
2023-02-01,82.83999633789062,76.41000366210938,-0.2249047703323579,0.8337867135725147,-2.643582102897462,-1.7573991403975664,0.5418455015610754,2.020531134155441,-0.8723937735610009,-0.01952895688954026,-0.031190554061179654
2023-02-02,82.16999816894531,75.87999725341797,-0.3007662504155911,1.136029919933903,-1.7666382279136867,-1.9799717231617768,0.4954634415832908,1.7887997741291095,-0.8380646337410395,-0.008087858505117507,-0.0069363484267731534
2023-02-03,79.94000244140625,73.38999938964844,-0.2613642125503356,0.9272329086702124,-1.1767582537414727,-1.8148039904626492,0.0136779991378592,0.846758845194549,-0.9900698607529452,-0.027138807073526894,-0.03281494404188812
2023-02-06,80.98999786376953,74.11000061035156,0.0452316381888643,0.9334831319328368,-3.0341013964837917,-1.785051855265965,0.4083883691879873,0.5307040821710686,-0.8505394797217652,0.013134793473804196,0.009810617613994488
2023-02-07,83.69000244140625,77.13999938964844,-0.1707634361359321,0.9598211039137629,-2.628100883007244,-1.871742181460197,0.9681444425048557,0.960833714474895,-1.0034074510836946,0.03333750646812339,0.04088515388399072
2023-02-08,85.08999633789062,78.47000122070312,-0.5354097567419192,0.9861600006603732,-3.454467415734977,-1.6979390342237404,0.644790645423345,1.746013922537221,-0.8063730493238012,0.01672832901952126,0.017241403183536397
2023-02-09,84.5,78.05999755859375,-0.3849136568892584,1.2073145666258671,-1.248063777059484,-1.7540330101878827,0.9593266897318922,1.8128829029407207,-0.7991046681962533,-0.006933792023538943,-0.005224973311217407
2023-02-10,86.38999938964844,79.72000122070312,-0.3564343521293817,1.1953358324784342,-1.7851144648573014,-2.0857610454796647,1.046521435026028,1.3919141350692557,-0.7913448151358711,0.02236685668222993,0.021265740635763253
2023-02-13,86.61000061035156,80.13999938964844,-0.2619879324532179,1.1934926610231638,-1.7787714440110365,-2.02492634873554,0.996975919801488,1.1406118639448934,-0.61397117875463,0.002546605188765483,0.005268416489138783
2023-02-14,85.58000183105469,79.05999755859375,-0.3290228249173353,0.9736674040774496,0.0839692313678912,-1.692711121688611,0.394652111692655,1.7990188387371169,-0.9611614144547416,-0.011892377000789156,-0.013476439222361525
2023-02-15,85.37999725341797,78.58999633789062,-0.4281732439724002,0.8316920148275138,0.14265055822513,-1.990735523913585,0.9641762404584376,1.4746543556141367,-0.9544279269790196,-0.0023370480644713254,-0.005944867634922413
2023-02-16,85.13999938964844,78.48999786376953,-0.1835698809522325,0.8505515051334577,-1.5522009654670197,-2.0860412010669,1.325933851536384,1.9263414965556975,-1.078009029348924,-0.0028109378249004946,-0.001272407160971989
2023-02-17,83.0,76.33999633789062,-0.5256037401535395,0.9023402956405636,-1.611923663366662,-1.8981844911914465,1.0306396369158426,1.6259810686101912,-1.196997885642782,-0.02513506465808857,-0.02739204464765732
2023-02-21,83.05000305175781,76.16000366210938,0.1076606294486425,1.1616070600639248,-2.0589616842131937,-1.83691654393846,1.0054463749429972,1.361730502739393,-1.0610491810606797,0.0006024464067206914,-0.002357776845895776
2023-02-22,80.5999984741211,73.94999694824219,-0.3099000602008056,1.0829569209949934,-1.4022329762622936,-1.8035972333496544,1.471179735336994,1.562121193993089,-0.9684057710735668,-0.029500355058504235,-0.029017943902314935
2023-02-23,82.20999908447266,75.38999938964844,-0.2160876847479571,0.8976016580727884,-2.0093346334624167,-2.0800592989273228,0.4306444933117105,1.9628522798697867,-1.3631302559978795,0.01997519405497883,0.01947265045073787
2023-02-24,83.16000366210938,76.31999969482422,-0.3837058440715743,1.2587100334240582,-0.968358451827752,-2.3148353698088675,0.3890227582765091,1.5904990197554705,-1.2261478462910769,0.01155582761484486,0.01233585770931156
2023-02-27,82.44999694824219,75.68000030517578,-0.2055076251724213,1.0051211906980853,-3.0910467282208507,-2.070311589813525,0.096254081680163,1.878452095898974,-0.674159342621051,-0.008537838896112149,-0.008385736271063426
2023-02-28,83.88999938964844,77.05000305175781,-0.7340631467597835,1.0332451087789278,-2.77948308239142,-2.1018692751060573,0.8582166521496523,1.8116030551660216,-0.9467451385469812,0.017465160639244193,0.01810257321693398
2023-03-01,84.30999755859375,77.69000244140625,-0.0844479711054711,1.059647652176275,-1.5228775663791787,-1.8651232998792524,0.7482054086927703,1.9009774289578616,-0.9906580979560142,0.005006534414126351,0.008306286363396032
2023-03-02,84.75,78.16000366210938,0.0218941174619571,1.2833841130113648,-1.3797427646375893,-2.4665404575610053,1.1306862598706584,1.7591841479932124,-1.0132377277701197,0.005218864359478381,0.006049700166473881
2023-03-03,85.83000183105469,79.68000030517578,0.0630316231225923,1.3305098120077128,-1.1257672005003123,-2.1358243042045486,0.884609179425471,1.5685572883665606,-1.2265981986538117,0.01274338443722356,0.019447243754458388
2023-03-06,86.18000030517578,80.45999908447266,-0.0541143029813795,1.4036459021104528,-1.1283172782573407,-2.0941632750682526,0.74480152481265,0.7019709485449596,-0.9420799693078024,0.004077810400261006,0.009789141268944146
2023-03-07,83.29000091552734,77.58000183105469,-0.2470505682753275,1.2832218327644402,-2.019682340509,-1.9297197334659189,0.9955518217831064,1.9371365258619129,-1.0432233210188522,-0.0335344555513406,-0.03579414971648631
2023-03-08,82.66000366210938,76.66000366210938,-0.0252017376986194,1.2773586289315393,-1.45916242901156,-1.8488617453018423,1.2615052888227607,1.8699436678642576,-0.8681699150947922,-0.0075639001860128285,-0.011858702593856352
2023-03-09,81.58999633789062,75.72000122070312,0.000518732263896,1.3512697662978923,-3.8804683238427766,-2.610393459347609,1.1766700547114817,1.7588555102583494,-1.0135540361655515,-0.012944680338905279,-0.012261967081940828
2023-03-10,82.77999877929688,76.68000030517578,-0.3868869896787147,1.50553950330986,-1.959866223456076,-1.9644851523211568,1.411275293807716,2.094354766595623,-1.0251720660677506,0.014585151303084576,0.012678276135713817
2023-03-13,80.7699966430664,74.80000305175781,0.0938778841702319,1.4968724635639996,-1.6089628809541718,-1.965421988521904,0.7797625507774943,1.676309226484599,-0.5385004223067116,-0.02428125351377952,-0.02451743930537087
2023-03-14,77.44999694824219,71.33000183105469,-0.5567073075329028,1.0479583245680504,-1.431191184106498,-2.08456642991953,1.3303049279700974,1.5131763071291189,-0.9210205667040472,-0.04110436836460141,-0.046390388758434375
2023-03-15,73.69000244140625,67.61000061035156,-0.5170759071983582,0.9447430618988854,-1.5375295423412467,-1.8251802422893488,0.5196160707323337,2.230390351377807,-0.8878327887609188,-0.04854738095533617,-0.052151985492920105
2023-03-16,74.69999694824219,68.3499984741211,-0.1466082924048984,0.8440613829685129,-1.7682830828623588,-1.9556639179168387,0.5183927402387087,2.025573022034467,-0.8893434980111116,0.013705990953644331,0.01094509476540706
2023-03-17,72.97000122070312,66.73999786376953,-0.4639979813725436,1.079931317749106,-1.9045118995432977,-2.353782792778834,0.54844981069693,1.8875208267380883,-0.8403452789789664,-0.02315924763340671,-0.02355523988725683
2023-03-20,73.79000091552734,67.63999938964844,-0.3253775662610881,0.9718230328021342,-2.4713577440186416,-1.508851846740151,0.9538462451996452,1.8033077475536023,-1.0887332580900115,0.011237490490702662,0.013485189611722737
2023-03-21,75.31999969482422,69.33000183105469,-0.3269179066714539,0.9657844221824252,-2.30158598656626,-1.3410580370693042,0.7209346424931047,2.0453082296078047,-0.9726760711591274,0.020734500072013384,0.024985252168185035
2023-03-22,76.69000244140625,70.9000015258789,0.0888310706961489,0.7679245583890679,-2.00668126744877,-1.3434497569917885,0.570489989457324,1.0162471672819573,-0.4669018892756792,0.018189096549826145,0.022645314486649415
2023-03-23,75.91000366210938,69.95999908447266,-0.4398759967819768,-0.3490273612196648,-1.6357033210397214,-1.811033844200757,0.6883785765460732,1.282469357222365,-1.0083880191890249,-0.01017080133610404,-0.013258144163271202
2023-03-24,74.98999786376953,69.26000213623047,0.0077729317257423,-0.4287888886885559,-3.180404779406482,-2.188614655024356,-0.1736218315734465,0.4014521276810637,-0.947669730074146,-0.01211969113366107,-0.010005674062359304
2023-03-27,78.12000274658203,72.80999755859375,-0.3293002254502302,-0.4542940998513472,-1.839507712886845,-2.074186964866633,0.087699358709975,1.389151386842426,-1.3017846247924505,0.041738964821663505,0.051256068623570794
2023-03-28,78.6500015258789,73.19999694824219,-0.4940804641855033,0.0191013838109308,-1.6796723650547207,-1.9656566590731663,-0.9030095414693662,1.6594903411925752,-1.1411735410659036,0.006784418339258913,0.005356398883746616
2023-03-29,78.27999877929688,72.97000122070312,-0.3735714664138202,0.1223000077482073,-1.6593837467153258,-1.823406725346025,0.3213505428311189,0.7270601613057511,-1.0425521610857005,-0.00470442135287541,-0.003142018266772406
2023-03-30,79.2699966430664,74.37000274658203,-0.4843762628565416,0.0375870137253504,-1.5787401758262871,-1.8644920376262772,0.3474904835932132,1.693453191273803,-1.2836641534851672,0.012646881441078506,0.019185987425770934
2023-03-31,79.7699966430664,75.66999816894531,0.0107972092245287,0.2776579551585222,-2.1306945523906884,-1.9796477921687248,0.3591601503629854,1.6461944611578914,-1.6044489387140328,0.006307556719743257,0.01748010453614013
2023-04-03,84.93000030517578,80.41999816894531,-0.2780764844266419,0.1502788033463501,-0.935384949264466,-2.266663913469288,-0.1387008103686845,1.5243183104304487,-0.917647531538671,0.06468602080050201,0.0627725666042025
2023-04-04,84.94000244140625,80.70999908447266,-0.5714103956313445,0.1238593947336861,-2.006966852234131,-1.9326057010397728,0.1908045530335193,1.2853706059604106,-1.272065990548664,0.00011776917690475841,0.003606079608682755
2023-04-05,84.98999786376953,80.61000061035156,-0.4304348885389215,-0.0987435916802001,-1.3500577421092694,-1.7879284746193416,-0.2319125561029347,1.8514805391488236,-1.2893201850631797,0.000588596902828753,-0.001238984949267996
2023-04-06,85.12000274658203,80.69999694824219,-0.6285061018505376,-0.2518042174294448,-1.700092231306822,-1.7657179151398452,0.731036812718407,1.953862601583892,-1.027899653971817,0.0015296492067322642,0.0011164413498225834
2023-04-10,84.18000030517578,79.73999786376953,-0.4668771976494781,-0.6403960557582438,-1.6326971068409502,-1.98942759651984,0.2731665836207311,1.6598487078382282,-1.1337426139194848,-0.011043261408306249,-0.011895899885700834
2023-04-11,85.61000061035156,81.52999877929688,-0.1241463387957383,-0.611485665403585,-1.5738021413840937,-1.9673494484765823,0.4563982254420173,1.7597284494573748,-1.2171089587759234,0.016987411499069127,0.022447967939319913
2023-04-12,87.33000183105469,83.26000213623047,-0.2791045490969184,-0.6381752942398524,-1.537236396154408,-2.027038443144478,0.5810957561331231,2.026397611958411,-0.94602716297403,0.02009112496718224,0.02121922461469361
2023-04-13,86.08999633789062,82.16000366210938,-0.1172964033536697,-0.098882940454077,-2.155563285926082,-2.1371820667956265,0.44338521804156,1.8882446453053168,-1.0258719385842994,-0.014199077833101703,-0.013211607565434269
2023-04-14,86.30999755859375,82.5199966430664,-0.0767481637398568,0.0264223348041965,-1.8607497396582144,-2.0659529890262807,-0.3563691165332884,1.2061873890620092,-1.0267653472933609,0.002555479498914659,0.004381608628421407
2023-04-17,84.76000213623047,80.83000183105469,-0.3483221108539987,-0.4388281013567879,-2.289639331630234,-2.149156410282702,0.0316373522827439,1.2704343446308322,-0.959954071265382,-0.017958469078985018,-0.020479821628224926
2023-04-18,84.7699966430664,80.86000061035156,-0.2588869253667647,-0.3355247653754563,-2.2790601599635694,-2.038391700103836,0.005358712563344,0.5526382049304189,-1.1166179940712493,0.0001179153679098377,0.00037113421523327084
2023-04-19,83.12000274658203,79.16000366210938,-0.3867352156617602,-0.6184769999812663,-1.5585444585061767,-1.90802518740044,-0.2272211080551557,1.3903054385144047,-1.2416288654270875,-0.01946436194201895,-0.021023954185137028
2023-04-20,81.0999984741211,77.29000091552734,-0.2842976323632551,0.95414610657793,-1.3387268674551405,-1.6901277621587265,-1.3980233481578956,1.091719514366417,-0.983772503816866,-0.02430226426507187,-0.023623075544109917
2023-04-21,81.66000366210938,77.87000274658203,-0.5580956782214386,0.97068314697891,-0.9080775236450642,-1.8583118244241652,0.790606808482831,1.3379126856186991,-1.0598702664517852,0.006905119587233832,0.007504228544240599
2023-04-24,82.7300033569336,78.76000213623047,-0.0517547773249504,1.0235835188631113,-1.090316896676476,-1.925072795882701,-0.3348752388208993,0.7659490450160391,-0.8310637841542322,0.013103106133225628,0.011429297011133155
2023-04-25,80.7699966430664,77.06999969482422,-0.3511028420029688,0.8813521494696293,-1.398607567529789,-1.9332806858146607,-0.9695855398606896,0.8026662772903482,-0.752866826783295,-0.02369160684559457,-0.021457623102689505
2023-04-26,77.69000244140625,74.30000305175781,-0.4191431899086877,0.91429484593942,-1.2786347955379964,-2.136544439061149,-0.9669018395571766,0.8869488722675971,-0.8028946457480307,-0.038132899958769007,-0.035941308603020916
2023-04-27,78.37000274658203,74.76000213623047,-0.4685721887743611,0.7603043347272302,-1.7230405945747325,-1.7607313003939609,-0.0509816807958895,2.0461120181860646,-0.8441674399667226,0.008752738882826572,0.006191104516539703
2023-04-28,79.54000091552734,76.77999877929688,-0.0811531341125574,1.083825679282578,-0.8002625300136486,-2.258484491030179,-0.4293129368861773,1.215322703302383,-0.8119475841583256,0.01492915819753926,0.027019751007838266
2023-05-01,79.30999755859375,75.66000366210938,0.0379549250868372,0.9349026728162148,-2.9696496816246447,-2.4257020717527986,-0.710940166952017,1.8051049977119544,-0.6520667794832812,-0.0028916690254738864,-0.014587068702708761
2023-05-02,75.31999969482422,71.66000366210938,0.0432650552368425,0.8142751370009567,-1.2703442409789294,-1.8719812002659024,-0.8799645280678822,2.0464987682369875,-0.7673596973519691,-0.05030888900005004,-0.05286809154627636
2023-05-03,72.33000183105469,68.5999984741211,-0.167680320538651,0.4787678276467518,-0.9390345797484904,-2.8138449354106743,-0.577905814659499,1.6783839590180172,-0.8594015573663847,-0.0396972633548085,-0.04270171687984825
2023-05-04,72.5,68.55999755859375,-0.1551035673395843,0.9206691022339796,-1.2517628995280614,-2.4557688621971807,-0.203191200073839,2.5841838122302634,-0.9656519247836308,0.0023503133505013984,-0.0005831037378584147
2023-05-05,75.30000305175781,71.33999633789062,-0.3131556076006245,0.515113112739101,-2.3380857083846056,-2.205324984719168,-0.3514663508062343,1.965901092333679,-0.818468973675236,0.03862073174838354,0.04054840837648799
2023-05-08,77.01000213623047,73.16000366210938,-0.5090758265498421,0.87314853537313,-1.4180759502692033,-2.2796641375582234,-0.083769274060592,2.0490619135674923,-0.981848607079309,0.02270915026785958,0.025511738402656636
2023-05-09,77.44000244140625,73.70999908447266,-0.557526431896624,0.7662714218786065,-1.5807178758256537,-1.7411790789130366,0.0175047902417005,1.7598504343685122,-0.994668748643974,0.005583694237731862,0.007517706326306994
2023-05-10,76.41000366210938,72.55999755859375,-0.2819973356226805,0.7789151315734856,-0.7243510280169543,-2.0859217253084594,0.0843759598720924,1.4454296377712197,-1.0371380331635272,-0.013300603652178444,-0.015601703163243719
2023-05-11,74.9800033569336,70.87000274658203,-0.282493357643577,0.7115440662019737,-0.9672342778236972,-2.1524904271000955,0.005800662217125,1.953672243690812,-1.0364039137922902,-0.01871483099908422,-0.023290998744135982
2023-05-12,74.16999816894531,70.04000091552734,-0.1096746128122608,0.9104317421010196,-0.6063247551659011,-1.952993666359178,-0.0156045993208651,1.4341264165515264,-1.0869637192878423,-0.010802949476173662,-0.011711609974429105
2023-05-15,75.2300033569336,71.11000061035156,-0.1788668068486991,1.1818016607209108,-0.7058344776690971,-1.6097976614608296,-0.169463377387957,1.493199447915072,-0.804345337849831,0.014291562817269954,0.015276980023382736
2023-05-16,74.91000366210938,70.86000061035156,-0.3109700410587889,0.9996349745260448,-1.2662192093857152,-1.902258867781524,-0.6276867176624755,1.6760792197895438,-0.8610970264417672,-0.004253617978799751,-0.0035156799023231544
2023-05-17,76.95999908447266,72.83000183105469,-0.3457900092480212,0.9210563864451452,-0.896813961951255,-1.7259078230600726,0.1078140750920615,1.1918661968603532,-0.903365224854857,0.027366110294294366,0.02780131532224872
2023-05-18,75.86000061035156,71.86000061035156,-0.3976718674277288,1.1536805338868674,-0.1704685230414907,-1.9550085777085848,0.1918202212280235,1.8034003629530573,-0.8759599184994513,-0.014293119636263452,-0.01331870378025335
2023-05-19,75.58000183105469,71.55000305175781,-0.1732773165701124,1.2292981493923751,-0.7275080036408058,-1.8390374293641687,0.3283573793018037,0.8192296888307258,-0.915189400990978,-0.003690993633589157,-0.004313909768449031
2023-05-22,75.98999786376953,71.98999786376953,-0.0482224499391614,0.812954704538976,-1.1682944576567782,-1.9646699275094452,0.405875364250723,1.697588482735647,-0.9037664088140344,0.005424662910584743,0.006149473001328065
2023-05-23,76.83999633789062,72.91000366210938,-0.2250356817459159,1.0418319698304106,-1.2365938577555773,-2.099902442321668,0.2463519034868207,1.7099202312079254,-0.912168510435483,0.011185662561077114,0.01277963363856216
2023-05-24,78.36000061035156,74.33999633789062,0.0402619725090925,1.1023852791893878,-0.7555530939503988,-1.852149803373467,0.3807002678254871,1.3302918575389029,-0.8771385027073346,0.019781420417785744,0.01961312033953999
2023-05-25,76.26000213623047,71.83000183105469,0.128378572439598,0.8629756392137125,-0.6730734905051675,-1.676436819871141,0.239055373149741,0.9021862724179256,-0.8885655612396987,-0.026799367761154436,-0.033763715771890745
2023-05-26,76.94999694824219,72.66999816894531,0.0628419961883642,1.0589539739147822,-1.3600442141944,-1.989546268414276,0.292696623641869,1.422198922734358,-0.9039804669569098,0.009047925422020153,0.011694226875648805
2023-05-30,73.54000091552734,69.45999908447266,-0.4967142932206224,0.8060782462655621,-0.5909223386097531,-2.9224772474909804,0.4536764529014641,2.3278344249865275,-0.9474578583641372,-0.04431444012932795,-0.04417227418954872
2023-05-31,72.66000366210938,68.08999633789062,-0.2387264872228405,0.8054750252448609,-1.2854390678888723,-2.126922065064722,0.576699732271241,2.581044444827512,-0.875615842605393,-0.011966239359022968,-0.019723621719544338
2023-06-01,74.27999877929688,70.0999984741211,-0.0932691267849585,1.052087863393253,-0.7301631247333263,-1.8390431251423836,1.822259229952258,2.409629335161388,-0.7254688796694743,0.0222955551271502,0.02951978622903728
2023-06-02,76.12999725341797,71.73999786376953,-0.2470724330645951,1.2392526573172111,-0.9149637650121836,-1.934363738703128,1.2289808429670348,1.920853523224624,-0.7721759497117844,0.02490574184872929,0.023395141588396395
2023-06-05,76.70999908447266,72.1500015258789,-0.5338260306601541,1.2006750424199752,-0.8406841615465204,-2.4361524381112107,-0.0245505030012516,0.8461576011813292,-0.7925510636303205,0.007618571548400288,0.005715133458575661
2023-06-06,76.29000091552734,71.73999786376953,-0.4505288787784358,1.0428991403785364,-0.6303627216951481,-3.540504848864941,0.5875396149870169,1.526240730920318,-0.9078968212403886,-0.005475142405917843,-0.00568265631931153
2023-06-07,76.94999694824219,72.52999877929688,-0.4990739926805682,0.8397198002176008,-0.9638092164724436,-2.917473574860681,1.2652293801343284,1.835198663643844,-0.9887623682448032,0.008651147264313597,0.01101200082313225
2023-06-08,75.95999908447266,71.29000091552734,-0.5430141135963391,0.9522793230459048,-0.9016950061677133,-2.6182250195308208,0.6050647542831593,1.5678011861022607,-0.7589056565827004,-0.012865469824975051,-0.017096344748918968
2023-06-09,74.79000091552734,70.16999816894531,-0.3985151892365141,0.8905260122359195,-1.7151591680007048,-2.279620570917356,0.7027749775458771,1.4881971211760867,-1.1276267355343328,-0.015402819682030167,-0.015710516653087758
2023-06-12,71.83999633789062,67.12000274658203,-0.3162582820764252,1.015165048693935,-1.1000657818342945,-1.7110510485479655,0.7640942701874659,2.1486980564236653,-0.7171512289026593,-0.03944383662956019,-0.04346580450265847
2023-06-13,74.29000091552734,69.41999816894531,-0.3536500447410287,0.9913304876337992,-1.321859072258645,-2.243219037438521,0.4734073373660088,1.9123027726740656,-0.8354200130152079,0.03410362893273855,0.03426691490235978
2023-06-14,73.19999694824219,68.2699966430664,-0.2633893078097395,1.1545814204582243,-0.8605862955953502,-2.0778792841927967,1.0404187368790123,1.9536252569050256,-0.8450821223925713,-0.014672283670107422,-0.016565853589914914
2023-06-15,75.66999816894531,70.62000274658203,-0.3341299601985932,1.1114726351707087,-0.2509101488392643,-1.683293591257894,0.5471100557058702,1.4854858862337323,-0.8210647796800093,0.033743187481955816,0.034422238451278675
2023-06-16,76.61000061035156,71.77999877929688,-0.701953393066609,1.131304423696884,-0.4599687712609467,-1.4942009987463356,0.721696172970144,1.7040676662817278,-0.9368722508853276,0.012422392812902583,0.01642588484281804
2023-06-20,75.9000015258789,70.5,-0.4508423160250089,0.8219161027211422,-1.0680359725166777,-1.9990334126298472,0.862882851733412,1.4155862207991003,-0.8502200910206265,-0.009267707594518892,-0.017832248552030583
2023-06-21,77.12000274658203,72.52999877929688,-0.3220978216693706,1.0897686380298022,-1.7480229092933202,-1.8887483793544608,0.8127708122130992,2.1507349620687535,-0.8076286702920448,0.016073797051073146,0.028794308926196832
2023-06-22,74.13999938964844,69.51000213623047,-0.2727566626280036,0.2418515710147722,-2.062446814227011,-2.098984236227227,0.7950827208653399,2.2229793083525102,-0.692534298429712,-0.038641120990697386,-0.04163789733756951
2023-06-23,73.8499984741211,69.16000366210938,-0.5999925867295312,0.740175055911106,-1.6312729883516175,-2.434392851506884,0.4548540981847647,1.4120925311600183,-0.912146820384638,-0.003911531129144219,-0.0050352246204099504
2023-06-26,74.18000030517578,69.37000274658203,-0.3769126373795256,1.0098874427217497,-1.5300182044060842,-2.6586319324408625,0.7277735086737832,2.369342535218667,-0.7569962387171214,0.004468542151295107,0.0030364238483653327
2023-06-27,72.26000213623047,67.69999694824219,-0.2997505966106606,1.1409782462394158,-1.004120338342846,-2.512231941884163,1.0619253408914715,1.1477667603907424,-0.9159192001341818,-0.025882962537698284,-0.024073889753768674
2023-06-28,74.02999877929688,69.55999755859375,-0.2374731137034152,1.0586969703287046,-2.377432173792348,-2.26942006368657,0.5844322733602778,1.7691561152328226,-0.7616043315471958,0.024494832420977053,0.027474160918700807
2023-06-29,74.33999633789062,69.86000061035156,-0.4943902600869679,1.1990509916639938,-3.0960520990420504,-2.1723581607289875,-0.663011725318923,1.3706923256740466,-0.5776993513211905,0.004187458647918252,0.004312867485440908
2023-06-30,74.9000015258789,70.63999938964844,-0.1974295710842823,1.2573182285968114,-3.038446247306145,-1.929550139891351,0.3889216490847028,0.9259744718895943,-0.6278025761640654,0.007533026843893564,0.011165169946782072
2023-07-03,74.6500015258789,69.79000091552734,-0.2808033307141146,0.8538101124242002,-2.0072898018947583,-2.2396105030860327,-0.3487239020863307,0.5957338345491524,-0.6369405798873312,-0.0033377836436174757,-0.012032821085296463
2023-07-05,76.6500015258789,71.79000091552734,-0.764632370272285,0.6273448406219677,-1.3984509953066782,-2.309433943014213,0.3970718112912264,1.2829202866628344,-0.9965132809085832,0.02679169402704784,0.02865740039781306
2023-07-06,76.5199966430664,71.80000305175781,-0.5686597671858054,0.7817895972169836,-1.6023157201946834,-2.299109035847967,0.4889428747266724,1.5756788204411791,-0.6937455418571518,-0.0016960845430460392,0.00013932492133883478
2023-07-07,78.47000122070312,73.86000061035156,-0.4931034028336144,0.7949127358754208,-1.6058757004667334,-1.834246914578658,0.2513542449422957,1.0896440096979916,-0.9462972501132272,0.025483594657389697,0.028690772577109502
2023-07-10,77.69000244140625,72.98999786376953,0.0371674752339227,0.3819584405999634,-1.8754081099538369,-1.7405990146439736,0.4378713203393603,1.9154636234236837,-0.7256054981620561,-0.00994008878760011,-0.011779078518719954
2023-07-11,79.4000015258789,74.83000183105469,-0.3265957713213767,1.1191319421084756,-1.587565308090782,-1.3178938173008334,0.4996916755303575,2.353111798298124,-0.7470846115195553,0.022010542292907553,0.025208987822131323
2023-07-12,80.11000061035156,75.75,-0.5126405970430145,0.7804391045070423,-1.2809484028025873,-1.3535079430812065,0.6694259369796292,1.4402766498099648,-0.7239017888815754,0.00894205378876789,0.012294509507328577
2023-07-13,81.36000061035156,76.88999938964844,-0.6580522706429288,0.8708002667491584,-1.1970356889598894,-1.88678473704138,0.1148344914253317,2.2399415920445978,-0.7540525302369494,0.015603545006570352,0.015049496893048575
2023-07-14,79.87000274658203,75.41999816894531,-0.5951329858616886,0.6738690833590641,-2.053381805386327,-1.7158483049021045,0.568528503322834,1.8797225409151077,-0.9663453065421216,-0.0183136412560444,-0.019118236862686544
2023-07-17,78.5,74.1500015258789,-0.2273491070086464,0.9191011876313988,-1.15280930411797,-2.43385542641933,0.8172864866766352,2.191338124906864,-0.6936346469806118,-0.01715290721760565,-0.016838990637755513
2023-07-18,79.62999725341797,75.75,-0.2970232206124071,0.8720842267504586,-1.779377021133429,-2.460530635314711,1.3651676335891765,2.7464455825391054,-0.7837469607385253,0.01439486947029267,0.021577861647955388
2023-07-19,79.45999908447266,75.3499984741211,-0.3591558941935608,1.0907513796132644,-1.7580706494770229,-2.1950918461282503,1.4335994389471327,1.8256596959608384,-0.8080650477221483,-0.002134850870386229,-0.005280548196421209
2023-07-20,79.63999938964844,75.62999725341797,-0.2469781799966347,1.2031496012880685,-3.47268093909942,-2.3971627625061,0.7270655272195264,1.991339805609432,-0.5686037248645787,0.0022652945790300194,0.0037159759119709257
2023-07-21,81.06999969482422,77.06999969482422,-0.2290451169831458,1.1680677303324642,-3.20687021120976,-2.3733841088550287,-0.1753871720062098,1.284067587714246,-0.6754483473468778,0.017955805074524545,0.019040096439262744
2023-07-24,82.73999786376953,78.73999786376953,-0.3517126584093732,0.952734764386428,-1.885158773746866,-2.838207086324912,0.38172689903695,1.1730509565503917,-0.6395924067295922,0.020599459420646005,0.021668589276735872
2023-07-25,83.63999938964844,79.62999725341797,-0.5200209736486197,0.796819998401334,-2.892563658670868,-2.1421876566422653,0.2873191537701652,0.8567080943594853,-0.7248102687071678,0.0108774661483646,0.011303015161217678
2023-07-26,82.91999816894531,78.77999877929688,-0.4755062785362215,0.886531155449258,-2.3229057982508614,-1.827186279225748,0.3914395400892382,1.5030502748304029,-0.9881101601278856,-0.008608336034878539,-0.010674350162489965
2023-07-27,84.23999786376953,80.08999633789062,-0.6369996554365527,1.0763037219103984,-2.490924737695399,-1.8018754149923937,0.0549592082632654,1.590998497584463,-0.8025762145484748,0.0159189547029992,0.016628555202999218
2023-07-28,84.98999786376953,80.58000183105469,-0.8389112476666427,1.186267693186985,-2.038623079864795,-1.9199834465521364,0.1351556193873688,1.1186096069754203,-0.940155531691285,0.008903134128907197,0.006118185985385605
2023-07-31,85.55999755859375,81.80000305175781,-0.1774737628125821,0.8355078403267046,-2.3024204098606216,-2.7620449303490195,-0.1501944075235789,1.0597672525702702,-0.6275063056615783,0.006706667950949541,0.015140248113433952
2023-08-01,84.91000366210938,81.37000274658203,-0.2851641592338516,0.3370124873441635,-1.8082789733318427,-2.7858531081293414,0.2948952847065259,0.7022785308103795,-0.829014994438625,-0.007596936828326184,-0.005256727251021109
2023-08-02,83.19999694824219,79.48999786376953,0.0291119621661081,0.4491945452208943,-1.312832433164833,-2.3510558141096167,0.5412412117713885,1.78387450366708,-1.3810892468396918,-0.020139048876643306,-0.023104397435840918
2023-08-03,85.13999938964844,81.55000305175781,-0.0655286593715388,0.5973950377406732,-2.215440946816493,-2.4528747456461835,0.3626936200792358,1.1818434753690417,-1.1937796255034523,0.023317337891407774,0.02591527542268568
2023-08-04,86.23999786376953,82.81999969482422,-0.5107600421846344,0.7466749208526718,-2.164355275563606,-3.109522605709278,0.2294901198916689,1.353880506166715,-1.0521890324109455,0.012919878811448848,0.015573226186887723
2023-08-07,85.33999633789062,81.94000244140625,0.0738787756502647,0.7108796545260958,-1.1385371461578997,-2.375347020174668,-0.1668631602460742,1.575691943033003,-0.969769287770448,-0.01043601053075871,-0.010625419665063918
2023-08-08,86.16999816894531,82.91999816894531,-0.1435756148483437,0.753838959540693,-1.569069840044922,-2.3132738818890712,-0.2950455331891901,1.509921189637388,-0.980973478653304,0.009725824545016692,0.011959918212595122
2023-08-09,87.55000305175781,84.4000015258789,-0.3684112299137845,0.4518289061200422,-1.6814413729874602,-2.5613359670730564,0.4570260403502726,1.3900496026806302,-0.8773641393867677,0.016014911362848716,0.01784856958050285
2023-08-10,86.4000015258789,82.81999969482422,-0.2866415421063037,0.497129662642322,-2.45316666270473,-2.406265987279705,0.1680187289972984,1.2895783337171336,-1.0897742501974923,-0.013135368198663011,-0.0187204005034316
2023-08-11,86.80999755859375,83.19000244140625,-0.2663545830076243,0.5801775140644152,-2.8458186175401967,-2.3959794143078574,0.0399501414873951,0.5572149405540526,-1.17794724651752,0.004745324368912618,0.004467553102456279
2023-08-14,86.20999908447266,82.51000213623047,-0.3199104910279979,0.5363041199195969,-1.8615261724413343,-2.3370669742012407,0.43879434441178,1.395943576986544,-0.9809326165556344,-0.006911628740873033,-0.008174062810669236
2023-08-15,84.88999938964844,80.98999786376953,-0.4211432683350745,0.6698721430644533,-1.967157164948224,-2.6338998830760487,0.1904896935070931,1.561912263069856,-1.3923477573791707,-0.015311445410535529,-0.018422060757570802
2023-08-16,83.44999694824219,79.37999725341797,-0.4016613137819977,0.6957218701403521,-1.289057354178575,-2.0539558638551307,0.7047168987298423,1.6879678496998296,-1.0931782360822184,-0.016963157636467607,-0.019879005467560162
2023-08-17,84.12000274658203,80.38999938964844,-1.0889969214926607,0.9795701142514702,-2.2836977352033623,-1.7729859688865113,0.7816140400947007,1.4507596477800526,-1.0007688013470328,0.00802882951278483,0.012723635313391046
2023-08-18,84.80000305175781,81.25,-1.0080009305743374,0.767514926693531,-2.924184035697068,-2.082618253364045,0.7402446357701294,1.1185971320697925,-1.111344596092808,0.008083693330637853,0.010697855664647538
2023-08-21,84.45999908447266,80.72000122070312,-0.6307294826533439,1.0820742574451008,-1.2977953191121516,-1.8945761477145235,-0.818920077556463,1.8724648773152155,-1.0093932768019571,-0.004009480601995241,-0.006523061899038507
2023-08-22,84.02999877929688,80.3499984741211,-0.4971767220736448,0.6131097117853874,-1.4271913240060492,-1.7455254274663154,0.1765243375007593,0.7360012295815986,-0.9287452614902476,-0.005091171084973811,-0.0045837802401709205
2023-08-23,83.20999908447266,78.88999938964844,-0.3761287386364706,1.0049033753869652,-1.6771272187484805,-2.398649229431899,0.2885893400961601,1.3595420769143929,-0.8561535376436129,-0.009758416122055746,-0.018170492995627008
2023-08-24,83.36000061035156,79.05000305175781,-0.3837710960160742,0.6179868085058368,-0.933883024550925,-2.496057625712581,1.0874033834344294,1.7412404283617988,-1.0643823628413178,0.001802686306084711,0.00202818688486861
2023-08-25,84.4800033569336,79.83000183105469,-0.5238868302894634,0.864118222119052,-1.4777696895000565,-2.5984090425783775,1.3168085639204397,0.8907107615860834,-1.2427817844387763,0.01343573342588189,0.009867156852431336
2023-08-28,84.41999816894531,80.0999984741211,-0.6746327394242764,0.6600018625728437,-1.7810697243256963,-2.102420219400368,0.9547765285772044,2.2649256956348016,-1.1950805335702646,-0.0007102886553490562,0.003382145019084515
2023-08-29,85.48999786376953,81.16000366210938,-0.6875378303826846,0.6077296577675787,-2.765714888747736,-2.4132244947940964,0.4278067512423997,1.5785369375374725,-1.1317572203537611,0.012674718289887643,0.013233523198265207
2023-08-30,85.86000061035156,81.62999725341797,-0.4757211382071162,0.569744407993717,-1.6956189842364038,-2.5940957961407625,0.3971804239578212,1.3542414292513945,-1.210575444202322,0.0043280238136353955,0.0057909508391018605
2023-08-31,86.86000061035156,83.62999725341797,-0.5246257618604576,0.8696104445515623,-2.7560212283682186,-1.9470167437654955,0.364367134470876,1.443583009508694,-1.12440629136805,0.011646866909984954,0.024500797100250438
2023-09-01,88.55000305175781,85.55000305175781,-0.5042366806156352,0.8932789289904874,-2.038189727802468,-1.6144868247760855,0.3891403960744114,1.820002744305496,-0.8920131796804546,0.019456624793125377,0.02295833865116359
2023-09-05,90.04000091552734,86.69000244140625,-0.5497739856517067,0.7718249072330247,-1.3581316232014888,-1.9932949882700377,0.5683789964427624,1.5994509909470198,-0.7854744039705832,0.016826626904785424,0.013325533009726831
2023-09-06,90.5999984741211,87.54000091552734,-0.4782849750650694,0.8183921058765086,-1.1996769165887775,-2.269311508424304,0.4219470100816857,1.4487313104422817,-0.8052279381429843,0.006219430840733953,0.009805034608178831
2023-09-07,89.91999816894531,86.87000274658203,-0.1952287748192944,0.9312352870869884,-0.7722689484118058,-2.0190751991449605,0.6597341454329492,1.1299799262030032,-0.9058138263230542,-0.007505522258590469,-0.007653623051613101
2023-09-08,90.6500015258789,87.51000213623047,-0.2933862367578642,0.629682144590397,-1.722463914143503,-2.211232165921805,0.0071518222391057,1.1133973878668677,-0.8919317270760707,0.008118364899897257,0.007367323234873657
2023-09-11,90.63999938964844,87.29000091552734,-0.2681018399013797,0.9374592157527024,-1.4159097232417412,-1.4182540055797224,1.1708040951101786,-1.0265312404952156,-0.7133261369296566,-0.00011033795986881145,-0.0025140122881112115
2023-09-12,92.05999755859375,88.83999633789062,-0.525053627347072,0.708739461678202,-2.3916590851386728,-1.5582228761686088,0.7162510873421094,-0.2256295634745417,-0.7475480592392135,0.015666352366585423,0.017756849651809015
2023-09-13,91.87999725341797,88.5199966430664,-0.4394482230002351,1.0126243315496244,-1.227575910022647,-1.721190372706354,0.5502707418815888,0.829849310382919,-0.6377543784646648,-0.001955249945137294,-0.0036019778029610094
2023-09-14,93.69999694824219,90.16000366210938,-0.4086450599656354,1.1454408799560376,-0.9890929318376818,-1.8964339171003783,-0.137598350597577,-0.221201039983033,-0.7945809244491026,0.019808443069544435,0.018526966575200587
2023-09-15,93.93000030517578,90.7699966430664,-0.520671654781694,1.269428863231372,-1.3046161224639103,-1.8229072625493616,0.2825377264635158,-0.3196578336378253,-0.7900199098363858,0.002454678382333819,0.006765671652400274
2023-09-18,94.43000030517578,91.4800033569336,-0.7022600109678033,1.1428207107329735,-1.9449194571359305,-2.0283572504132055,0.7079327622964612,1.9398589632939551,-0.8430459817181039,0.005323112939162211,0.007822041865432006
2023-09-19,94.33999633789062,91.19999694824219,-1.5122530847743365,1.2858311649293028,-1.7437509171992702,-2.369552861565743,0.6024323362202783,1.6645960200182417,-0.774118379103001,-0.0009531289526027997,-0.003060848255534987
2023-09-20,93.52999877929688,90.27999877929688,-1.0842159466526669,1.16870492312432,-1.759736789811581,-2.368688519503244,0.8303878096319472,2.231081132187769,-0.7999364914355372,-0.008585940110625412,-0.010087699558448793
2023-09-21,93.30000305175781,89.62999725341797,-1.3226048740328948,1.4543731820770949,-1.0621953084132256,-2.158429615298594,1.1095373967667668,1.84573186459179,-0.6563650973290083,-0.0024590583827739376,-0.007199839772571659
2023-09-22,93.2699966430664,90.02999877929688,-0.6623148915176191,1.5576461904449088,-1.328385532472112,-1.9911686278009784,1.3236645539830882,2.082099615148361,-0.6727246123289218,-0.000321612086923051,0.004462808637023086
2023-09-25,93.29000091552734,89.68000030517578,-0.497173759205394,1.4190557116190743,-2.033567661980934,-2.657788683337997,1.0829224311170682,1.6797021836466588,-0.5095889773095206,0.00021447703635590898,-0.003887576128697834
2023-09-26,93.95999908447266,90.38999938964844,-0.6558378437855386,1.2573679639162751,-1.699585056641161,-2.437851893171533,0.9708560496017822,2.053692554145891,-0.8116044455949086,0.007181886186837794,0.007917028122843117
2023-09-27,96.55000305175781,93.68000030517578,-0.654016774971416,1.284602553413133,-3.4381306569304124,-1.9790989277501865,1.0045645169290818,2.0770487469314025,-0.7943205561456315,0.02756496373479811,0.03639784199295071
2023-09-28,95.37999725341797,91.70999908447266,-0.3290902771038111,1.3996204420490457,-2.7395320734750706,-1.8983873592676068,0.8195185607969112,2.078379021435428,-0.7637714574869486,-0.012118133209303328,-0.021029047974867265
2023-09-29,95.30999755859375,90.79000091552734,-0.3803772536347057,1.173058290477233,-2.343134828308896,-1.8219439943306623,-0.0123408868296039,0.6788825728421107,-0.9688277999943644,-0.000733903300901062,-0.01003160154977123
2023-10-02,90.70999908447266,88.81999969482422,-0.2093142819446281,1.320936692498341,-3.688031298706361,-1.6546358550406408,0.608734394241857,1.571264625039316,-0.5058458624674335,-0.048263546238086374,-0.02169843816320749
2023-10-03,90.91999816894531,89.2300033569336,-0.4442466319348245,0.6632049040316114,-2.622345493827709,-1.8783218659423355,0.7180173024524119,1.8982113873974915,-0.751997602166568,0.0023150599337686817,0.0046161187065763
2023-10-04,85.80999755859375,84.22000122070312,-0.3685547775878531,0.6311211812622237,-2.455370848711131,-1.8303038009371808,0.6526256442326791,1.3152803503420123,-0.7893952677603571,-0.0562032634542764,-0.056147057578712634
2023-10-05,84.06999969482422,82.30999755859375,-0.4372570151903258,0.3715584487787149,-2.201510106110205,-2.0359849335239164,0.908395661038405,1.3571346401047788,-0.673285629347439,-0.020277332633431233,-0.02267874180034868
2023-10-06,84.58000183105469,82.79000091552734,-0.5552957753895219,0.6820506651331828,-2.5979252024431627,-2.061181598557034,0.8540528938467096,0.998659550024152,-0.8205882299945699,0.006066398692539332,0.0058316531547932815
2023-10-09,88.1500015258789,86.37999725341797,-0.3406569322896517,1.0372172682031873,-2.3854712968684115,-2.1553948352332224,-1.1736701295825316,0.4816551165689719,-1.058800931594823,0.042208555421353156,0.04336268025354406
2023-10-10,87.6500015258789,85.97000122070312,-0.2527495219396697,0.9518079147672968,-1.7870230124022952,-2.297095921771105,-0.8460280383003393,1.3340789723928796,-1.0238191214773258,-0.005672149646568148,-0.00474642331270303
2023-10-11,85.81999969482422,83.48999786376953,-0.5376632726205659,0.9973892250571204,-1.641670466873992,-2.0309654693285615,-0.9792223262969466,1.2727483740229315,-0.945182552616871,-0.02087851453732581,-0.028847310942416993
2023-10-12,86.0,82.91000366210938,-0.2078419467590952,1.1558223462374893,-2.3171406064025963,-2.076500347788784,-0.6466562762672982,1.43017978994369,-0.9300642465427176,0.002097416753855219,-0.006946870481498002
2023-10-13,90.88999938964844,87.69000244140625,-0.3558231063923846,0.8853809647190878,-2.7734106562969125,-2.430458264774477,-1.1991805071225414,0.837539504181951,-0.9798783984969636,0.05686045801916784,0.05765285934345443
2023-10-16,89.6500015258789,86.66000366210938,-0.1331776124009664,1.1493582623230774,-2.7565779874251457,-1.8612412095990365,-0.7020928168925744,1.791210978297308,-1.0690618210969778,-0.013642841589794896,-0.01174590889064131
2023-10-17,89.9000015258789,86.66000366210938,-0.4381451748868934,1.4156439674909398,-3.0530317468344075,-1.9095332426732967,-0.5007511396554557,1.3277870516959267,-1.089020492262921,0.0027886223730608783,0.0
2023-10-18,91.5,88.31999969482422,-0.6185159504004115,0.8592781518646344,-3.987834867736861,-2.018064651111584,-1.5734843879850886,0.9796416018330764,-1.4359247800875028,0.01779753556133712,0.019155273050613264
2023-10-19,92.37999725341797,89.37000274658203,-0.2734751201545648,1.3269053823047725,-3.380977943021467,-1.8855153043835695,-0.6705204410151031,1.7439216900956946,-1.1201993149274754,0.0096174563215079,0.01188862155101833
2023-10-20,92.16000366210938,88.75,-0.607602409196562,1.437966271776742,-3.404065195535647,-1.889300507346912,0.0956683088034077,1.2529728038083785,-1.3213670556520174,-0.0023813985478382538,-0.006937481565711834
2023-10-23,89.83000183105469,85.48999786376953,-0.4142359444050567,1.0922319511670335,-2.8090175752511386,-2.057580954967623,0.5618911266690392,1.6458973358228564,-1.0259356877084016,-0.0252821369191486,-0.03673241843639963
2023-10-24,88.06999969482422,83.73999786376953,-0.3569832437084891,1.0282906982352495,-3.201642565197192,-2.005740703719528,0.039272702367974,1.7443324714866493,-1.1649208431012024,-0.019592587112939652,-0.020470230947819967
2023-10-25,90.12999725341797,85.38999938964844,-0.4645700501007041,1.2660596880061612,-3.0632487378897726,-1.860358136116508,-0.1438869327718215,1.4337425131798296,-1.0318152622904364,0.02339045720145294,0.01970386395952839
2023-10-26,87.93000030517578,83.20999908447266,-0.3740177911818646,1.2067110043482552,-2.9560854937096046,-1.8692284748076835,-0.5142982182961554,1.4766359768361064,-1.1962440354045198,-0.024409153614600387,-0.025529925292868128
2023-10-27,90.4800033569336,85.54000091552734,-0.2494285976275837,1.0555112735365917,-2.973289396751764,-1.9944875570671157,-0.1946870990167785,1.2076376517066596,-1.241111650187095,0.029000375786507382,0.028001464447672042
2023-10-30,87.44999694824219,82.30999755859375,-0.1967921231798189,1.372508468126039,-2.5546104200406816,-2.6961934037753763,0.396303897679976,0.9491213002810374,-1.027581533649093,-0.033488133247943974,-0.037760151068075065
2023-10-31,87.41000366210938,81.0199966430664,-0.5234720100670056,1.1594349257066765,-2.431474339060623,-2.306085999687244,-0.2955402524899928,1.5486419858588298,-0.929676408184066,-0.0004573274731671795,-0.01567246936933797
2023-11-01,84.62999725341797,80.44000244140625,-0.4393414223634064,1.2008228695235823,-2.660926253957378,-1.994557032496185,-1.0142752995973434,1.042257088323305,-0.9173857126541208,-0.031804213387723324,-0.0071586549702701285
2023-11-02,86.8499984741211,82.45999908447266,-0.221453936028662,1.0298077982700389,-2.1976310374124624,-2.068987484993704,-0.1849278136885389,0.990270938550833,-0.8363492385236913,0.02623184795877398,0.025111842140206342
2023-11-03,84.88999938964844,80.51000213623047,-0.296428475232722,1.2680588168024347,-3.4093312867117564,-1.9197809419638727,-0.1632491470964114,1.2086431926912404,-1.0153029180695905,-0.0225676352205888,-0.023647792504152165
2023-11-06,85.18000030517578,80.81999969482422,-0.1315366063153874,1.7763867759957477,-3.1875432888998234,-2.156473181043014,-0.2810828038591755,0.51885237989213,-0.8441081169424332,0.0034161964614491946,0.0038504229334039852
2023-11-07,81.61000061035156,77.37000274658203,-0.1527890739265412,1.397367901121731,-2.9266549023499584,-1.9948581650455677,-0.2313075328160929,1.099175348640419,-0.941878471832884,-0.04191124303867011,-0.042687416001848
2023-11-08,79.54000091552734,75.33000183105469,-0.5787245452911902,1.3306530416734008,-2.328667285491968,-1.7391015805585806,0.0040670471155215,1.2385037701241568,-0.7425556160913732,-0.025364534730338617,-0.026366819737737024
2023-11-09,80.01000213623047,75.73999786376953,-0.4433377151577434,1.3685342216696974,-3.2108305300848614,-1.6033761713759924,0.2425202591655199,1.3516079959121392,-0.6782133438779542,0.005908991894559845,0.005442665906664423
2023-11-10,81.43000030517578,77.16999816894531,-0.2430245838474398,1.3172564707198298,-2.355436823285503,-1.6735955613159643,-0.144862861503335,1.3153656942629923,-0.6583118952532317,0.017747758168129124,0.01888038480998988
2023-11-13,82.5199966430664,78.26000213623047,-0.1654095574079511,1.2493153707449969,-1.8277558448538689,-1.8357275987916324,-0.206911538680741,0.960421577531515,-0.7923748050819351,0.013385685052261342,0.014124711586734229
2023-11-14,82.47000122070312,78.26000213623047,-0.3622373698121003,1.239578265935486,-2.732787176824296,-1.9134840254897665,-0.0620015232130552,1.2410563794761815,-0.7597796147774004,-0.0006058582694753456,0.0
2023-11-15,81.18000030517578,76.66000366210938,-0.2529801184472731,1.1821102959524716,-1.7144132991105692,-1.8950271930376132,0.1270324118869822,0.7769409063540617,-0.7796141713295348,-0.015642062524954925,-0.020444651551834947
2023-11-16,77.41999816894531,72.9000015258789,-0.1977856662902664,1.0392831397824092,-1.7565379719251364,-2.0745854583388934,-0.0074457654947259,1.2038288570139608,-0.7656132114286442,-0.04631685294525356,-0.049047768805272285
2023-11-17,80.61000061035156,75.88999938964844,-0.093298928624592,1.3732795772412514,-2.5327541263374123,-1.7729295508939316,-0.4450030028766158,0.7802645643176621,-0.6808770886758466,0.04120385581054986,0.04101505900117308
2023-11-20,82.31999969482422,77.5999984741211,-0.3144417330104974,1.4297964254603852,-1.038904751655464,-1.7006285990671417,-0.6164119335024576,-0.0847682219810488,-0.4841904813222667,0.0212132374584435,0.022532601109836126
2023-11-21,82.44999694824219,77.7699966430664,-0.2133596510323017,1.277629116999509,-1.988368297361201,-1.7929696782192546,-0.2603939306412626,1.0122645864952242,-0.7541222606761993,0.0015791697509706104,0.0021906980964954137
2023-11-22,81.95999908447266,77.0999984741211,-0.5328913752558274,1.2496357022610984,-2.2762730818917243,-1.6407920109429166,0.2347958570717727,1.5463686155956835,-0.80829227131971,-0.005942970065567432,-0.008615124056393308
2023-11-24,80.58000183105469,75.54000091552734,-0.4172611213666475,0.7971973944995097,-2.120470411243039,-1.73947323306708,0.6423058507432878,0.8467540325749932,-0.700272010427422,-0.009708748787777721,-0.020233431770006693
2023-11-27,79.9800033569336,74.86000061035156,-0.2841162594142601,1.205830054594792,-2.1600833608530383,-2.2061037550491918,0.5754205462702126,0.6930861828782072,-0.7707334595066884,-0.007445997275838501,-0.009001857253565504
2023-11-28,81.68000030517578,76.41000366210938,-0.5355789070254987,1.05067859716225,-2.3017469619803426,-1.9946162678790509,1.361163046447349,0.1638690754783685,-0.5891299711498527,0.02125527477981537,0.02070535718835509
2023-11-29,83.0999984741211,77.86000061035156,-0.4073495115540444,1.0198890654889998,-1.617569379836307,-1.981900358333659,1.2483559573671352,-0.1469221133839187,-0.6652385676412746,0.017384894265914053,0.018976532898155263
2023-11-30,82.83000183105469,75.95999908447266,-0.4846301031327394,0.9359202409729404,-2.751348934005048,-1.9873841221094417,0.5841037061581488,-0.0735994201820772,-0.6994637214033333,-0.003249057136270439,-0.02440279361655051
2023-12-01,78.87999725341797,74.06999969482422,-0.533645803162938,0.9640640283566674,-3.682560043319092,-1.8617669683552496,0.7026544503809364,0.0803734919349727,-0.9479313002707324,-0.047688089947087065,-0.024881508852397816
2023-12-04,78.02999877929688,73.04000091552734,-0.3189331266109317,1.1712452562474114,-2.6584224900523856,-1.9481420144181771,0.713999615974294,-0.1167499216532477,-0.719040579107359,-0.010775843099871119,-0.013905748393959416
2023-12-05,77.19999694824219,72.31999969482422,-0.5319199034126898,1.0619497172306405,-1.2811530495300172,-1.6807304682660698,0.3447802322357872,0.1227392443033293,-0.8997464402709296,-0.010636958144806585,-0.009857628856492329
2023-12-06,74.30000305175781,69.37999725341797,-0.4860793836709002,1.0933114583487928,-2.993025722223162,-1.7417385668296228,0.3201856829927149,0.3390810008739881,-0.993537209961688,-0.03756468926324752,-0.04065268879718564
2023-12-07,74.05000305175781,69.33999633789062,-0.2851491824313062,1.1929656590831064,-2.675298055895008,-1.8906008358708388,0.8045646514021128,0.4124557674313059,-1.0549180957475637,-0.003364737412269614,-0.0005765482431663305
2023-12-08,75.83999633789062,71.2300033569336,-0.684802405555627,1.2156876954536058,-2.7864289705345926,-1.5305516385948232,0.6704099720405537,0.1893588249863797,-1.1671427410899,0.024172764515373313,0.027257097185772183
2023-12-11,76.02999877929688,71.31999969482422,-0.1489081940124263,0.9942867132217832,-2.268066435106211,-1.7790085408923544,0.6423547700773385,0.5130484815134712,-0.9050053757169662,0.002505306574116073,0.0012634610929280754
2023-12-12,73.23999786376953,68.61000061035156,-0.3946162538173971,1.1914809148816714,-1.3760549503057362,-1.7303074928716196,0.6545183334607843,0.3163599132445876,-0.8395516619423252,-0.03669605366726725,-0.03799774391571298
2023-12-13,74.26000213623047,69.47000122070312,-0.460636850689454,1.443682066052178,-1.7912820223121344,-1.6634949027374837,0.95509969407624,0.6369466188431993,-0.770145226054374,0.013926874688857893,0.012534624729646282
2023-12-14,76.61000061035156,71.58000183105469,-0.1248863050741501,1.3166861251740811,-2.594478159107142,-1.5444239974046066,0.7391835150212359,1.215073775558254,-0.7554368098976547,0.03164554816211829,0.030372831053337546
2023-12-15,76.55000305175781,71.43000030517578,-0.4095120660884188,1.0685639443009625,-2.003805342016024,-1.5235937771111,-0.068319058148066,0.5528022756412737,-0.7617451145573478,-0.0007831556992005106,-0.002095578681779675
2023-12-18,77.94999694824219,72.47000122070312,-0.1480352344818266,0.8574830805024324,-2.6782830437244893,-1.7822320886748524,0.692242764703261,1.1514383496439464,-0.9655624498484212,0.018288619734447176,0.014559721560745809
2023-12-19,79.2300033569336,73.44000244140625,-0.384549300661365,0.3625131985891478,-1.5669526869134354,-1.6668889520001997,0.2494456427681086,1.252113033473647,-1.0337291124694945,0.01642086541121124,0.013384865521790745
2023-12-20,79.69999694824219,74.22000122070312,-0.3359448096452507,1.0327480640263698,-1.4645294597194545,-1.6813965141923697,0.5725782681799158,1.178517457243602,-0.93366420475165,0.005932015289602521,0.010620898057828843
2023-12-21,79.38999938964844,73.88999938964844,-0.5551361688211278,0.868613428888493,-1.78990970951312,-1.645205238562644,0.5843512760008058,1.808036229395898,-0.9501459624736268,-0.0038895554637858876,-0.004446265502925373
2023-12-22,79.06999969482422,73.55999755859375,-0.6291148038600493,0.8052319456440054,-1.8074746528542411,-1.8378154479828184,0.5484552223156405,0.668185812238056,-1.0798583516334352,-0.0040307305363948,-0.004466123071871553
2023-12-26,81.06999969482422,75.56999969482422,-0.0036680636465672,1.2141855588216484,-4.748730131525995,-2.113540066064002,0.7690025863987284,0.8233123028246806,-0.906722550036757,0.025294043350438056,0.027324662900232166
2023-12-27,79.6500015258789,74.11000061035156,-0.2685326056557544,1.1619080512046878,-3.70891288418302,-1.6071277459730655,0.720709813469641,1.0874221893186349,-0.9824163142350456,-0.0175157046292177,-0.019319823876784437
2023-12-28,78.38999938964844,71.7699966430664,-0.2742664686550264,1.176142135376665,-3.3472018198957665,-1.6401894914755273,1.3285432397791812,0.582389646618898,-1.074812255184362,-0.015819235556713496,-0.0315747395495003
2023-12-29,77.04000091552734,71.6500015258789,-0.8795410384869705,1.3235960937204323,-3.2126754937181934,-2.704839111906408,0.8681211038761105,1.2599549071565908,-1.178024261094018,-0.01722156505462813,-0.0016719398467338609
2024-01-02,75.88999938964844,70.37999725341797,-0.4712819325107309,1.2596956540210975,-2.715281193179365,-3.1914035792603066,0.5252514367140461,1.4249637847600614,-1.0157459430875728,-0.014927330116984994,-0.01772511158987533
2024-01-03,78.25,72.69999694824219,-0.8057615330453373,1.1495824407887991,-6.432149351229919,-2.8028512824577114,0.2512811925836344,0.5347531051748905,-1.2232152056720462,0.031097649615654976,0.03296390715206443
2024-01-04,77.58999633789062,72.19000244140625,-0.8007607352439482,1.1632555306660757,-5.679860027358818,-2.325475589867155,0.3813951009538336,1.6114306157265808,-1.3686745086027032,-0.0084345515924521,-0.007015055409136051
2024-01-05,78.76000213623047,73.80999755859375,-0.574333420559161,1.1879325871716309,-5.102538137531736,-2.2272773646136463,0.0484526897678956,1.3249393945166728,-1.2404512480000731,0.01507933823381924,0.022440712874367774
2024-01-08,76.12000274658203,70.7699966430664,-0.4664969346854664,0.9984451221748136,-2.348726806467734,-2.6794080038801056,-1.04797119880182,1.375300759531655,-0.4391425392655607,-0.03351954441395333,-0.041186844818875024
2024-01-09,77.58999633789062,72.23999786376953,-0.5784547824624081,0.8233434291531035,-2.216895239221316,-2.29301784470605,-0.3203910769052467,1.588418340382744,-1.0959828947137051,0.019311528353493035,0.020771531587279624
2024-01-10,76.80000305175781,71.37000274658203,-0.4863965773120537,0.9811667849361166,-1.70368338893413,-2.0085765739972685,0.104534099524544,0.8474517679362124,-1.0664151292590518,-0.01018163839952424,-0.012043122133366335
2024-01-11,77.41000366210938,72.0199966430664,-0.7681721241821909,1.1515639328049654,-2.855184476578233,-2.029551774526008,0.5534866188345944,1.3512154591823,-0.9488756274310102,0.007942715965004066,0.009107382254031071
2024-01-12,78.29000091552734,72.68000030517578,-1.2011744747823354,1.030307813721334,-2.891995275865482,-1.8021527114951592,-1.5868996024146205,0.5590116750806337,-1.3382242550077237,0.011368004286101296,0.009164172353136602
2024-01-16,78.29000091552734,72.4000015258789,-0.5533277480132301,1.1581914728044371,-4.440220573680056,-1.90365371519422,-0.1291815927608621,1.496805306373578,-0.4607810568260017,0.0,-0.0038524873159216932
2024-01-17,77.87999725341797,72.55999755859375,-0.3894824444814727,0.783484014050977,-4.067395262838519,-2.2953439286440536,-0.1798873860901465,0.9959012171738116,-0.9167416518028197,-0.005236986298566504,0.0022098899080500445
2024-01-18,79.0999984741211,74.08000183105469,-0.3555304553762047,0.8903975683504233,-3.9082984847870312,-2.04431934080714,0.2485501731279207,1.0672389905513149,-0.9698664660752832,0.015665142061231707,0.02094824040248211
2024-01-19,78.55999755859375,73.41000366210938,-0.6071575459647077,1.1976735330003847,-2.5564071352696813,-2.100029578473725,0.893519967578862,1.0925007324764404,-0.99447381102918,-0.0068268132230623335,-0.009044251517073332
2024-01-22,80.05999755859375,75.19000244140625,-0.4243105537098816,1.1006574161550249,-2.6075262132004,-2.3249236872434165,-0.1867209586849139,2.011258339640538,-0.7720963065094083,0.019093686947752708,0.02424735990328819
2024-01-23,79.55000305175781,74.37000274658203,-0.7413698928162432,0.7182871021925346,-2.0284206986993207,-2.226171108104737,0.2322461855414448,1.1663557089372958,-0.8029807081077491,-0.006370153914415089,-0.01090570113311573
2024-01-24,80.04000091552734,75.08999633789062,-0.5322677192585475,1.1183611120133083,-1.875467605434416,-2.469906984387151,0.1930244646121201,1.4617407955769577,-0.6338380835875032,0.006159620929878873,0.009681236583545472
2024-01-25,82.43000030517578,77.36000061035156,-0.5358924292804222,1.2037420813057358,-1.6348936698873546,-2.5041528055484723,0.6670702056988643,1.6908737948093857,-0.8684853039606234,0.029860061997885268,0.030230448570623958
2024-01-26,83.55000305175781,78.01000213623047,-0.3810758975075775,1.340877116293136,-2.091866155804273,-2.1359758554029518,-0.2148731918055896,1.3642730473161877,-1.2417772608240751,0.013587319452086799,0.008402294735658566
2024-01-29,82.4000015258789,76.77999877929688,-0.632720769691988,0.8877131711820956,-3.5165508418127267,-2.157331986846253,0.4402559024147741,2.442469538399827,-1.0385464868967047,-0.01376423080638911,-0.01576725193245876
2024-01-30,82.87000274658203,77.81999969482422,-0.5068792535579709,1.1913174810938507,-2.797141092434507,-2.0441616047591773,0.2845104609007398,2.1538483390062626,-0.8878859084576854,0.005703898203879509,0.013545206200338944
2024-01-31,81.70999908447266,75.8499984741211,-0.244222478589348,0.9311689830067617,-2.232376429448331,-2.2402493828359877,-0.1190734238762578,1.4899627843995322,-1.0035106483403324,-0.013997871650332727,-0.025314844878290943
2024-02-01,78.69999694824219,73.81999969482422,-0.1605676376015036,1.1963829179111187,-2.5120861219875334,-1.9206316547812663,0.5528420242881303,2.19642332102847,-0.9540279571225416,-0.03683762293423476,-0.02676333315932078
2024-02-02,77.33000183105469,72.27999877929688,-0.3832411149769534,1.2689420552700337,-2.876779655987564,-2.1549180331747664,0.0862775850022292,1.484625255376832,-0.916719538038874,-0.0174078166494529,-0.020861567622511346
2024-02-05,77.98999786376953,72.77999877929688,-0.133016278229797,1.0885283410556312,-3.538855608563797,-2.076280008335501,0.664004556759867,2.169800275557291,-0.3885838693069455,0.008534799134710447,0.0069175430055929965
2024-02-06,78.58999633789062,73.30999755859375,-0.46577754000457,1.1429520196188308,-2.2383802868280758,-1.882054585534164,-0.0717484335266156,1.3633814302420593,-0.8778778443113404,0.007693274657721627,0.007282203739850113
2024-02-07,79.20999908447266,73.86000061035156,-0.3849269968331143,1.3955747945616908,-2.5448289291873647,-2.163437674791397,0.3716398853508388,1.9627188417908736,-0.7997790153667135,0.00788907972353603,0.007502429001149835
2024-02-08,81.62999725341797,76.22000122070312,-0.4817337852016174,1.4116761217811218,-3.0148915527872058,-1.8710734781107008,0.7239245316567221,1.704421773916023,-0.7992128741043844,0.03055167525459157,0.031952350268743546
2024-02-09,82.19000244140625,76.83999633789062,-0.3445900930553635,1.5392506536033226,-2.775180104536467,-1.805731955275211,0.9438225559768768,1.4622386779289869,-0.7050501155428082,0.006860286742994326,0.008134283747808446
2024-02-12,82.0,76.91999816894531,-0.2611090465909108,1.743742479031953,-1.733833916091396,-1.9118057135928967,0.1965239748632609,0.30928247573488,-0.5750597905659756,-0.0023117463896135115,0.0010411482934342686
2024-02-13,82.7699966430664,77.87000274658203,-0.3124970328460756,1.5143095549045753,-1.3582412673772133,-1.9768471348368928,0.596751649253298,1.5190886111342905,-0.58986430775046,0.009390202964224548,0.012350553825419386
2024-02-14,81.5999984741211,76.63999938964844,-0.2443414496837541,1.4428923582950404,-1.645613178617905,-1.9642856858656763,1.1264196401358588,1.7844430830598406,-0.8160577488868405,-0.014135534812098172,-0.015795599249386005
2024-02-15,82.86000061035156,78.02999877929688,-0.266127131941337,1.1468094515605634,-2.47853325654709,-1.9765540283144667,0.7685780731359072,1.520834884219025,-0.9344954467207344,0.015441202938625942,0.018136735395592574
2024-02-16,83.47000122070312,79.19000244140625,-0.1205580375983114,1.4426632153054586,-1.7323938091779327,-3.694807670136744,0.5542596439291761,1.1418640881029247,-1.0544334883090023,0.007361822421654063,0.014866124314449669
2024-02-20,82.33999633789062,78.18000030517578,-0.470624369404165,1.0592622766783577,-2.7675458596844167,-2.66010229068043,0.8842038125615878,1.8922853581189651,-1.0089491500802588,-0.01353785631109139,-0.01275416220599035
2024-02-21,83.02999877929688,77.91000366210938,-0.4331624447755894,1.0956687941461627,-2.637072620428272,-2.408479808913968,1.6797009407585255,1.9406235544516508,-1.0962565166729794,0.00837991829116369,-0.003453525735641727
2024-02-22,83.66999816894531,78.61000061035156,-0.4308401706262103,1.061308393099294,-1.283013239318456,-2.1848599993391518,1.8918077726400293,0.3924730531207688,-0.9054289485112976,0.007708050091023377,0.008984686373241901
2024-02-23,81.62000274658203,76.48999786376953,-0.1916346299634532,1.0955286161585858,-2.194899188466163,-2.2318121490664167,1.2241818365282915,1.4813551781901282,-0.9717716966025952,-0.024500961721356296,-0.02696861379114235
2024-02-26,82.52999877929688,77.58000183105469,-0.3294913274193608,1.4715838896241695,-0.98381987446699,-2.126879517514221,0.4361569920189199,1.2527146868472696,-0.908280778263853,0.011149179148403743,0.014250281052778702
2024-02-27,83.6500015258789,78.87000274658203,-0.5679540239855352,1.337593681797036,-1.1035112854782068,-2.2080482839787208,0.582475208837289,0.9863438136311296,-0.7806582025372109,0.013570856211656546,0.016628008315036746
2024-02-28,83.68000030517578,78.54000091552734,-0.3673191591177332,1.3298656401914557,-0.7076701656463232,-2.108495770184411,0.9307593711063346,0.549551535344456,-0.821531552007735,0.0003586225791949449,-0.0041841234888125856
2024-02-29,83.62000274658203,78.26000213623047,-0.3420299574528979,1.5934753201664562,-1.252707367389542,-1.9142663672820293,0.0194370458771651,1.9629097079998332,-0.8014040474887606,-0.0007169880302932974,-0.003565046804596128
2024-03-01,83.55000305175781,79.97000122070312,-0.1476639096119888,1.4407688881970735,-1.3409597167740115,-2.195432081186528,-0.8175307412591423,1.3195226023368567,-0.8072609504313655,-0.0008371166290960241,0.02185023048550372
2024-03-04,82.80000305175781,78.73999786376953,-0.1199339852562778,1.5588582816903922,-1.9421332586080329,-1.9261322573480475,0.286915450164967,1.557511539112178,-0.750970899551957,-0.008976660354343635,-0.01538080953055132
2024-03-05,82.04000091552734,78.1500015258789,-0.0421193039444616,1.3668293589514011,-1.3425640968036594,-1.9124308520434767,0.4815772467023564,1.922416114314434,-0.690547071889855,-0.009178769422935829,-0.007492968680433476
2024-03-06,82.95999908447266,79.12999725341797,-0.224269879158853,1.459463087205079,-1.5231581100599558,-2.080171570154441,0.7048633422233305,0.9041074732499252,-0.5148997622585352,0.011214019486574411,0.012539932289246991
2024-03-07,82.95999908447266,78.93000030517578,-0.7800532386834989,1.8088304880121824,-1.0032101786225391,-1.6172272244221075,0.6399558601916187,1.5394265321628449,-0.7899332752635316,0.0,-0.002527447936105487
2024-03-08,82.08000183105469,78.01000213623047,-0.5127629650082182,1.415778962289188,-1.2654998952882073,-1.7029242801083544,0.5227116976698257,1.637882683466514,-0.6118277785032357,-0.010607488706960155,-0.011655874387282661
2024-03-11,82.20999908447266,77.93000030517578,-0.2366570353320701,1.6191012933721487,-1.4842760340248358,-1.5456871411123092,0.843359929352931,1.5856514011059877,-0.1413919170923485,0.0015837871651798174,-0.0010255329940253022
2024-03-12,81.91999816894531,77.55999755859375,-0.5053525379289397,1.3865813843405168,-1.5737846603263366,-2.2072699676155594,0.7422278364747834,1.1156975394566668,-0.5305340509956137,-0.0035275625685065037,-0.0047478858608122065
2024-03-13,84.02999877929688,79.72000122070312,-0.3868164645147987,0.92684670335994,-0.8393391555623341,-2.370687366623184,1.0122584452763144,1.225398258934398,-0.7511617392851963,0.025756843963790965,0.027849455003883472
2024-03-14,85.41999816894531,81.26000213623047,-0.3108843510347362,1.2554359637753656,-1.1329873635554133,-2.072681791762351,1.054912993760418,1.110994723790018,-0.7719624764667987,0.01654170427039081,0.019317622829230663
2024-03-15,85.33999633789062,81.04000091552734,-0.3814474222651506,1.090117598510956,-0.8187624444215743,-2.2181391059702613,1.1010296625766087,0.4737486677401085,-1.0432390824572355,-0.0009365702735846249,-0.002707374045281208
2024-03-18,86.88999938964844,82.72000122070312,-0.1080025821655908,1.2855973269186405,-0.9492366697425249,-1.5526301321631035,1.0673572996929692,1.2446397950275776,-0.7329093904608146,0.018162680082863147,0.02073050698662926
2024-03-19,87.37999725341797,83.47000122070312,-0.3652724922261431,0.93566003909952,-1.569449338415364,-1.63380278315464,0.1313018313851382,1.2862479454416362,-0.8845500220688224,0.0056392895294219425,0.009066731007401074
2024-03-20,85.94999694824219,81.68000030517578,-0.2114705954000128,1.2789718238474923,-1.8591702656484583,-1.8224283005339137,0.0942770812803324,1.44868995887068,-0.6842635467651914,-0.016365304991124208,-0.021444841132737036
2024-03-21,85.77999877929688,81.06999969482422,0.0278485221375579,1.210465459164016,-1.1286778119538687,-1.9731415835699897,0.1930069151990557,1.7199335060364678,-0.715969219095164,-0.001977872890998267,-0.007468175906861663
2024-03-22,85.43000030517578,80.62999725341797,-0.5468858819168128,1.2067174658041786,-1.3125457121848716,-3.732537409641492,0.3061861212417952,1.84848818125079,-1.0388575082205842,-0.0040801874458124,-0.005427438547706553
2024-03-25,86.75,81.94999694824219,-0.1084675022987613,1.2433931689152464,-1.5534620062832345,-4.503899254155687,0.348384236002205,2.204608237261957,-1.1294716469500368,0.015451243007244209,0.01637107453539266
2024-03-26,86.25,81.62000274658203,-0.3864005650847477,0.8756727319802002,-1.807722021270189,-3.441165637662493,1.0332900585052205,2.290474925805647,-1.2076357270353304,-0.0057636887608069065,-0.004026775032933472
2024-03-27,86.08999633789062,81.3499984741211,-0.2520891919504595,1.2379508777972217,-1.2910079695541803,-2.8892157868305697,1.279071585665348,2.1041513346212475,-0.8733994696347209,-0.0018551149230072728,-0.003308064976415892
2024-03-28,87.4800033569336,83.16999816894531,-0.0458013438023259,1.0685472897276935,-1.3845726257027793,-2.925480264221299,1.007641862805376,1.6106769392606588,-0.9483798255526108,0.016145976050311317,0.022372461327128335
2024-04-01,87.41999816894531,83.70999908447266,0.0557492054873838,1.2927561709364486,-2.6689110566265035,-2.935978478059325,0.3693860973003049,1.4715812053118815,-0.955785545952458,-0.0006859303347697132,0.006492736893301654
2024-04-02,88.91999816894531,85.1500015258789,-0.559550510745108,1.1912641955576355,-2.9171163811170926,-2.5641502100362255,0.5937098970740863,1.2912866307968347,-0.8071592807461485,0.017158545314782003,0.017202275201952055
2024-04-03,89.3499984741211,85.43000030517578,-0.3654979956424055,0.7445809189179983,-2.4007503602348015,-1.9709997677439337,0.9681193523094322,1.400099930806718,-0.800457813031875,0.004835810998992551,0.0032883003438559655
2024-04-04,90.6500015258789,86.58999633789062,-0.3077611095609637,0.7476405021917671,-2.489684633882492,-2.3989841981535083,0.863547512443046,1.9227498589525305,-0.7804057538373494,0.014549558746040026,0.013578321767190316
2024-04-05,91.16999816894531,86.91000366210938,-0.3685818657628148,0.8228048465610998,-2.381869238532513,-2.6694697440010104,0.8034114057515108,1.1353092593062726,-0.9640667903537736,0.005736311465123878,0.003695661597790334
2024-04-08,90.37999725341797,86.43000030517578,-0.074802169581839,1.4482425114511128,-1.5349356487480337,-2.683549674968704,1.3386427696295098,1.331303007981079,-0.5548043292509569,-0.00866514128982876,-0.005522993173487367
2024-04-09,89.41999816894531,85.2300033569336,-0.2268932270859891,1.348051023756369,-0.9708676082487616,-2.246702950661117,0.945582677558422,2.2463440896278817,-0.8829462839992409,-0.01062180917953448,-0.01388403267389926
2024-04-10,90.4800033569336,86.20999908447266,-0.3462340355391621,1.1658128980711402,-2.782230022778273,-2.361159991076568,1.1449318283241945,1.1629047454351928,-0.961865943775518,0.01185422958727389,0.011498248139624634
2024-04-11,89.73999786376953,85.0199966430664,-0.2494407122860599,1.18186042253278,-2.6751915258611896,-2.4841464100195894,0.8543877405847276,1.264136291338542,-1.00605367188451,-0.008178663414111775,-0.013803531539772207
2024-04-12,90.44999694824219,85.66000366210938,-0.1452013107432171,1.2761737600277134,-2.623917695815704,-2.2071803244258024,-0.6892950676967653,0.7101159952578008,-0.9470549118402604,0.007911735027567923,0.007527723409939346
2024-04-15,90.0999984741211,85.41000366210938,-0.3754496647256544,1.232920043073789,-3.6771606013393128,-2.1844455807872074,-0.8661971897277974,0.6070202833316916,-1.4016355644775311,-0.003869524443669947,-0.0029185149347662476
2024-04-16,90.0199966430664,85.36000061035156,-0.0179404789216127,1.049303497294199,-2.987505640440327,-2.0519859751653637,-0.1366290033349233,-0.7991725152241058,-1.0680970623440196,-0.0008879226682525498,-0.0005854472498986185
2024-04-17,87.29000091552734,82.69000244140625,-0.4124586362569643,1.2221318181691585,-2.3570475260431865,-2.198087834852511,-0.6374964027436326,-2.8971060157343085,-0.8395847664017783,-0.030326547759867428,-0.03127926604796116
2024-04-18,87.11000061035156,82.7300033569336,-0.0869193491296491,1.3362847059929703,-2.5743750448467324,-2.2444205603718834,0.1114947961017825,-2.184505839632012,-0.8896539218565431,-0.002062095352135196,0.00048374548731788813
2024-04-19,87.29000091552734,83.13999938964844,-0.1137620350618624,1.2091520800314095,-3.8032049910667873,-2.347245764546988,0.1138913921405739,-1.4855226660757563,-1.165330409716696,0.0020663563760139336,0.004955832419659689
2024-04-22,87.0,82.8499984741211,-0.1003150073301272,0.819207519785354,-0.9815765887692258,-1.7594184380090492,0.6512446592775362,0.7261847455332776,-0.8620192723320087,-0.003322269589709159,-0.003488103411791066
2024-04-23,88.41999816894531,83.36000061035156,-0.0527375832870172,0.6134332317424025,-1.805873212362248,-1.989535988572829,0.5319790559470234,0.8986854298854314,-0.8812127625922918,0.01632181803385424,0.00615572897553851
2024-04-24,88.0199966430664,82.80999755859375,-0.2901302469793124,1.0722416675628468,-1.2529349095711342,-2.1283826678233626,0.5116111645893128,1.2182695609784089,-0.858031103650723,-0.004523880730178509,-0.006597925236693336
2024-04-25,89.01000213623047,83.56999969482422,-0.5222377433569204,1.3463353204032642,-1.808516972306176,-1.873327674423844,0.91038078150024,1.1637866328619155,-1.1799910098751096,0.011247506599877166,0.009177661618607225
2024-04-26,89.5,83.8499984741211,-0.0443893998821562,1.2946053305106358,-2.2942011426436864,-1.7789520186262615,0.8322913104831282,1.0985417601444498,-1.0298979006364877,0.005504975306253712,0.00335047002895017
2024-04-29,88.4000015258789,82.62999725341797,0.0128737051399853,1.6148469677512107,-1.6860961568164787,-2.6134926559560294,-0.0760191411953946,1.208192000221832,-0.8242194787977033,-0.01229048574436975,-0.014549806116927466
2024-04-30,87.86000061035156,81.93000030517578,-0.233565016912901,1.376004660481956,-0.7572549729715452,-2.327888928888572,0.2807087134434521,0.8841284684640242,-0.96178867418858,-0.00610860753627096,-0.008471462804184426
2024-05-01,83.44000244140625,79.0,-0.2978368870305296,0.7927546891433278,-0.6589067345325968,-2.3233727544944776,0.1045139286201847,1.4006415227163886,-1.2476470443761485,-0.0503072858893715,-0.035762239646796146
2024-05-02,83.66999816894531,78.94999694824219,0.0076927533097624,0.3502444707306243,-1.2550081626179224,-2.112226853427721,0.1350917019805779,0.7814597743001044,-1.2845858371996997,0.002756420431561768,-0.0006329500222508333
2024-05-03,82.95999908447266,78.11000061035156,-0.5782116534286931,1.0600402842721106,-1.5018207175206413,-2.15917565213665,0.4807180931290968,0.776973663682376,-0.9592714193858086,-0.008485706944071358,-0.01063959937124892
2024-05-06,83.33000183105469,78.4800033569336,-0.1972444568530316,1.5606641400525385,-1.539372345510417,-1.9152038111721843,0.5748605619511807,1.662475825638098,-0.894639546923129,0.004460013870121626,0.004736944612608207
2024-05-07,83.16000366210938,78.37999725341797,-0.5240237847936152,0.897646770631955,-1.166218469622958,-1.4916183457453964,0.8864880054460135,1.6680437696448809,-0.7589720408674557,-0.00204005958490161,-0.0012742877069052971
2024-05-08,83.58000183105469,78.98999786376953,-0.6930255799990362,1.4511868028067174,-0.9604769256021544,-1.5976040620490233,1.2486252630166303,2.155026203580184,-0.8842338525333591,0.005050482809642709,0.007782605661228903
2024-05-09,83.87999725341797,79.26000213623047,-0.2930945086528549,1.4559643646629112,-1.0733499761813858,-1.2224120371677594,1.183795131070681,1.9295925015064463,-0.8914135776558993,0.003589320600514867,0.0034182083778075967
2024-05-10,82.79000091552734,78.26000213623047,-0.4719454822657385,1.3365521454001683,-1.6819618960947262,-2.1948848129422647,0.7321020238527548,1.3720396645543549,-0.7556126424574854,-0.012994711177654605,-0.01261670417673244
2024-05-13,83.36000061035156,79.12000274658203,-0.4603192138763756,1.118638747487826,-1.3326940538664558,-2.2213701043130545,0.6844126912339864,2.1371533840652592,-0.8603066991443157,0.006884885717126643,0.010989018488071656
2024-05-14,82.37999725341797,78.0199966430664,-0.125745009948109,1.0041755393028486,-2.1242169811055125,-1.8960940968462123,0.8797978748938527,1.3898675575253208,-0.7450451231049127,-0.01175627818807734,-0.013903008914684878
2024-05-15,82.75,78.62999725341797,-0.1048168943102762,1.0368541912049345,-1.4814895113355229,-2.1201624567626243,0.7442215331251449,1.5979695623661785,-0.7137304646295571,0.0044914148933972164,0.007818516234270767
2024-05-16,83.2699966430664,79.2300033569336,-0.2633886030443211,1.3598361677400586,-1.2409760114516448,-1.6584101640358977,0.6900242523261557,1.7535066011936844,-0.7582840893125727,0.006283947348234564,0.00763075320455453
2024-05-17,83.9800033569336,80.05999755859375,-0.533335275334958,1.1689311204276385,-1.0164909444342891,-1.9633761604053452,0.4971923569159993,0.9865176954339608,-0.6690142898703909,0.008526561096316554,0.01047575623493291
2024-05-20,83.70999908447266,79.80000305175781,-0.1911420039541352,1.1172944610946305,-2.5743110123761084,-2.37792154353585,0.1710319830214023,1.0948843591400066,-1.0183023959116797,-0.0032151019488931842,-0.0032474958126954556
2024-05-21,82.87999725341797,79.26000213623047,-0.5348466173508006,1.0228609874399122,-1.9157987608920457,-2.150859156380624,1.2512777257091052,0.7738181726851882,-1.1328399916253662,-0.009915205353390633,-0.0067669285072220475
2024-05-22,81.9000015258789,77.56999969482422,-0.6280862726353033,1.1641439764382824,-1.2742832977167136,-1.9329063427849755,0.9600835431244844,1.4377653397107206,-0.9969000295862656,-0.011824273166208932,-0.021322260861178277
2024-05-23,81.36000061035156,76.87000274658203,-0.1875378515655667,0.9682354981229268,-1.279801196541574,-2.1722589175143305,1.0952384071673962,1.7332634408654637,-0.8125156310939085,-0.006593417649164657,-0.009024067951477588
